solid robot-1
facet normal -0.3826834323650523 -0.9238795325113023 -0.0
  outer loop
    vertex 540.2682930319975 97.6563105985651 0.5000000000000004
    vertex 539.4000415943665 98.01595211958175 -1.9999999999999998
    vertex 540.2682930319975 97.6563105985651 -1.9999999999999998
  endloop
endfacet
facet normal -0.3826834323650523 -0.9238795325113023 -0.0
  outer loop
    vertex 539.4000415943665 98.01595211958175 -1.9999999999999998
    vertex 540.2682930319975 97.6563105985651 0.5000000000000004
    vertex 539.4000415943665 98.01595211958175 0.5000000000000004
  endloop
endfacet
facet normal -0.13052619222006231 -0.991444861373809 -0.0
  outer loop
    vertex 539.4000415943665 98.01595211958175 0.5000000000000004
    vertex 538.4682930319974 98.13861914494112 -1.9999999999999998
    vertex 539.4000415943665 98.01595211958175 -1.9999999999999998
  endloop
endfacet
facet normal -0.13052619222006231 -0.991444861373809 -0.0
  outer loop
    vertex 538.4682930319974 98.13861914494112 -1.9999999999999998
    vertex 539.4000415943665 98.01595211958175 0.5000000000000004
    vertex 538.4682930319974 98.13861914494112 0.5000000000000004
  endloop
endfacet
facet normal 0.13052619222006231 -0.991444861373809 0.0
  outer loop
    vertex 538.4682930319974 98.13861914494112 0.5000000000000004
    vertex 537.5365444696283 98.01595211958175 -1.9999999999999998
    vertex 538.4682930319974 98.13861914494112 -1.9999999999999998
  endloop
endfacet
facet normal 0.13052619222006231 -0.991444861373809 0.0
  outer loop
    vertex 537.5365444696283 98.01595211958175 -1.9999999999999998
    vertex 538.4682930319974 98.13861914494112 0.5000000000000004
    vertex 537.5365444696283 98.01595211958175 0.5000000000000004
  endloop
endfacet
facet normal 0.38268343236508623 -0.9238795325112882 0.0
  outer loop
    vertex 537.5365444696283 98.01595211958175 0.5000000000000004
    vertex 536.6682930319975 97.6563105985651 -1.9999999999999998
    vertex 537.5365444696283 98.01595211958175 -1.9999999999999998
  endloop
endfacet
facet normal 0.38268343236508623 -0.9238795325112882 0.0
  outer loop
    vertex 536.6682930319975 97.6563105985651 -1.9999999999999998
    vertex 537.5365444696283 98.01595211958175 0.5000000000000004
    vertex 536.6682930319975 97.6563105985651 0.5000000000000004
  endloop
endfacet
facet normal -0.7933533402912017 0.6087614290087642 0.0
  outer loop
    vertex 588.5478148736921 92.73861914494113 0.5000000000000004
    vertex 587.9757078323396 91.99303473266956 -1.9999999999999998
    vertex 587.9757078323396 91.99303473266956 0.5000000000000004
  endloop
endfacet
facet normal -0.7933533402912017 0.6087614290087642 0.0
  outer loop
    vertex 587.9757078323396 91.99303473266956 -1.9999999999999998
    vertex 588.5478148736921 92.73861914494113 0.5000000000000004
    vertex 588.5478148736921 92.73861914494113 -1.9999999999999998
  endloop
endfacet
facet normal 0.7933533402912017 -0.6087614290087642 0.0
  outer loop
    vertex 582.9511890252361 40.000853574652226 -1.9999999999999998
    vertex 582.3790819838837 39.25526916238065 0.5000000000000004
    vertex 582.3790819838837 39.25526916238065 -1.9999999999999998
  endloop
endfacet
facet normal 0.7933533402912017 -0.6087614290087642 0.0
  outer loop
    vertex 582.3790819838837 39.25526916238065 0.5000000000000004
    vertex 582.9511890252361 40.000853574652226 -1.9999999999999998
    vertex 582.9511890252361 40.000853574652226 0.5000000000000004
  endloop
endfacet
facet normal -0.9914448613738114 -0.13052619222004508 -0.0
  outer loop
    vertex 541.945626006638 38.4254981302599 0.5000000000000004
    vertex 542.0682930319974 37.49374956789083 -1.9999999999999998
    vertex 542.0682930319974 37.49374956789083 0.5000000000000004
  endloop
endfacet
facet normal -0.9914448613738114 -0.13052619222004508 -0.0
  outer loop
    vertex 542.0682930319974 37.49374956789083 -1.9999999999999998
    vertex 541.945626006638 38.4254981302599 0.5000000000000004
    vertex 541.945626006638 38.4254981302599 -1.9999999999999998
  endloop
endfacet
facet normal 9.352302136723037e-27 -1.0 1.52278190057591e-13
  outer loop
    vertex 577.8089511899474 40.25018917843562 3.000000000000615
    vertex 566.3417694505013 40.25018917843516 -1.9999999999985907
    vertex 577.8089511899474 40.25018917843516 -1.9999999999992957
  endloop
endfacet
facet normal 9.352302136723037e-27 -1.0 1.52278190057591e-13
  outer loop
    vertex 566.3417694505013 40.25018917843516 -1.9999999999985907
    vertex 577.8089511899474 40.25018917843562 3.000000000000615
    vertex 566.3417694505013 40.25018917843562 3.0000000000013185
  endloop
endfacet
facet normal -0.13052619222003808 0.9914448613738123 0.0
  outer loop
    vertex 585.4301234200681 92.73861914494108 3.0
    vertex 585.8959977012527 92.79995265762076 0.5000000000000004
    vertex 585.4301234200681 92.73861914494108 0.5000000000000004
  endloop
endfacet
facet normal -0.13052619222003808 0.9914448613738123 0.0
  outer loop
    vertex 585.8959977012527 92.79995265762076 0.5000000000000004
    vertex 585.4301234200681 92.73861914494108 3.0
    vertex 585.8959977012527 92.79995265762076 3.0
  endloop
endfacet
facet normal 0.13052619222003808 0.9914448613738123 0.0
  outer loop
    vertex 584.9642491388836 92.79995265762076 3.0
    vertex 585.4301234200681 92.73861914494108 0.5000000000000004
    vertex 584.9642491388836 92.79995265762076 0.5000000000000004
  endloop
endfacet
facet normal 0.13052619222003808 0.9914448613738123 0.0
  outer loop
    vertex 585.4301234200681 92.73861914494108 0.5000000000000004
    vertex 584.9642491388836 92.79995265762076 3.0
    vertex 585.4301234200681 92.73861914494108 3.0
  endloop
endfacet
facet normal 0.38268343236508306 0.9238795325112896 0.0
  outer loop
    vertex 584.5301234200681 92.9797734181291 3.0
    vertex 584.9642491388836 92.79995265762076 0.5000000000000004
    vertex 584.5301234200681 92.9797734181291 0.5000000000000004
  endloop
endfacet
facet normal 0.38268343236508306 0.9238795325112896 0.0
  outer loop
    vertex 584.9642491388836 92.79995265762076 0.5000000000000004
    vertex 584.5301234200681 92.9797734181291 3.0
    vertex 584.9642491388836 92.79995265762076 3.0
  endloop
endfacet
facet normal 0.9914448613738117 0.1305261922200425 0.0
  outer loop
    vertex 581.9593420481312 81.99852924964476 -1.9999999999999984
    vertex 582.0207914130016 81.53177498370688 3.0000000000000013
    vertex 582.0207914130016 81.53177498370688 -1.9999999999999984
  endloop
endfacet
facet normal 0.9914448613738117 0.1305261922200425 0.0
  outer loop
    vertex 582.0207914130016 81.53177498370688 3.0000000000000013
    vertex 581.9593420481312 81.99852924964476 -1.9999999999999984
    vertex 581.9593420481312 81.99852924964476 3.0000000000000013
  endloop
endfacet
facet normal 0.6087614290087189 0.7933533402912365 0.0
  outer loop
    vertex 584.1573312139323 93.2658269388053 3.0
    vertex 584.5301234200681 92.9797734181291 0.5000000000000004
    vertex 584.1573312139323 93.2658269388053 0.5000000000000004
  endloop
endfacet
facet normal 0.6087614290087189 0.7933533402912365 0.0
  outer loop
    vertex 584.5301234200681 92.9797734181291 0.5000000000000004
    vertex 584.1573312139323 93.2658269388053 3.0
    vertex 584.5301234200681 92.9797734181291 3.0
  endloop
endfacet
facet normal 0.92387953251133 0.38268343236498564 0.0
  outer loop
    vertex 583.6914569327478 94.07274486375658 0.5000000000000004
    vertex 583.871277693256 93.6386191449411 3.0
    vertex 583.871277693256 93.6386191449411 0.5000000000000004
  endloop
endfacet
facet normal 0.92387953251133 0.38268343236498564 0.0
  outer loop
    vertex 583.871277693256 93.6386191449411 3.0
    vertex 583.6914569327478 94.07274486375658 0.5000000000000004
    vertex 583.6914569327478 94.07274486375658 3.0
  endloop
endfacet
facet normal 0.793353340291257 0.6087614290086921 0.0
  outer loop
    vertex 583.871277693256 93.6386191449411 0.5000000000000004
    vertex 584.1573312139323 93.2658269388053 3.0
    vertex 584.1573312139323 93.2658269388053 0.5000000000000004
  endloop
endfacet
facet normal 0.793353340291257 0.6087614290086921 0.0
  outer loop
    vertex 584.1573312139323 93.2658269388053 3.0
    vertex 583.871277693256 93.6386191449411 0.5000000000000004
    vertex 583.871277693256 93.6386191449411 3.0
  endloop
endfacet
facet normal 0.9972487389804591 0.07412794750891455 0.0
  outer loop
    vertex 541.6881964004261 85.39335767289029 2.9999999999999947
    vertex 541.7091667644597 85.11124182062036 3.9999999999999942
    vertex 541.7091667644597 85.11124182062036 2.9999999999999947
  endloop
endfacet
facet normal 0.9972487389804591 0.07412794750891455 0.0
  outer loop
    vertex 541.7091667644597 85.11124182062036 3.9999999999999942
    vertex 541.6881964004261 85.39335767289029 2.9999999999999947
    vertex 541.6881964004261 85.39335767289029 3.9999999999999942
  endloop
endfacet
facet normal -0.9238795325112925 0.382683432365076 0.0
  outer loop
    vertex 588.9074563947088 93.60687058257204 0.5000000000000004
    vertex 588.5478148736921 92.73861914494113 -1.9999999999999998
    vertex 588.5478148736921 92.73861914494113 0.5000000000000004
  endloop
endfacet
facet normal -0.9238795325112925 0.382683432365076 0.0
  outer loop
    vertex 588.5478148736921 92.73861914494113 -1.9999999999999998
    vertex 588.9074563947088 93.60687058257204 0.5000000000000004
    vertex 588.9074563947088 93.60687058257204 -1.9999999999999998
  endloop
endfacet
facet normal 0.6087614290087189 -0.7933533402912365 0.0
  outer loop
    vertex 536.6682930319975 97.6563105985651 0.5000000000000004
    vertex 535.9227086197259 97.08420355721269 -1.9999999999999998
    vertex 536.6682930319975 97.6563105985651 -1.9999999999999998
  endloop
endfacet
facet normal 0.6087614290087189 -0.7933533402912365 0.0
  outer loop
    vertex 535.9227086197259 97.08420355721269 -1.9999999999999998
    vertex 536.6682930319975 97.6563105985651 0.5000000000000004
    vertex 535.9227086197259 97.08420355721269 0.5000000000000004
  endloop
endfacet
facet normal 0.7933533402912017 -0.6087614290087642 0.0
  outer loop
    vertex 535.9227086197259 97.08420355721269 -1.9999999999999998
    vertex 535.3506015783734 96.33861914494112 0.5000000000000004
    vertex 535.3506015783734 96.33861914494112 -1.9999999999999998
  endloop
endfacet
facet normal 0.7933533402912017 -0.6087614290087642 0.0
  outer loop
    vertex 535.3506015783734 96.33861914494112 0.5000000000000004
    vertex 535.9227086197259 97.08420355721269 -1.9999999999999998
    vertex 535.9227086197259 97.08420355721269 0.5000000000000004
  endloop
endfacet
facet normal -0.9914448613738114 0.1305261922200443 0.0
  outer loop
    vertex 589.0301234200681 94.53861914494112 0.5000000000000004
    vertex 588.9074563947088 93.60687058257204 -1.9999999999999998
    vertex 588.9074563947088 93.60687058257204 0.5000000000000004
  endloop
endfacet
facet normal -0.9914448613738114 0.1305261922200443 0.0
  outer loop
    vertex 588.9074563947088 93.60687058257204 -1.9999999999999998
    vertex 589.0301234200681 94.53861914494112 0.5000000000000004
    vertex 589.0301234200681 94.53861914494112 -1.9999999999999998
  endloop
endfacet
facet normal -0.9914448613738114 -0.1305261922200443 -0.0
  outer loop
    vertex 588.9074563947088 95.4703677073102 0.5000000000000004
    vertex 589.0301234200681 94.53861914494112 -1.9999999999999998
    vertex 589.0301234200681 94.53861914494112 0.5000000000000004
  endloop
endfacet
facet normal -0.9914448613738114 -0.1305261922200443 -0.0
  outer loop
    vertex 589.0301234200681 94.53861914494112 -1.9999999999999998
    vertex 588.9074563947088 95.4703677073102 0.5000000000000004
    vertex 588.9074563947088 95.4703677073102 -1.9999999999999998
  endloop
endfacet
facet normal 0.9914448613738114 0.13052619222004508 0.0
  outer loop
    vertex 534.8682930319974 37.49374956789083 -1.9999999999999998
    vertex 534.9909600573568 36.56200100552176 0.5000000000000004
    vertex 534.9909600573568 36.56200100552176 -1.9999999999999998
  endloop
endfacet
facet normal 0.9914448613738114 0.13052619222004508 0.0
  outer loop
    vertex 534.9909600573568 36.56200100552176 0.5000000000000004
    vertex 534.8682930319974 37.49374956789083 -1.9999999999999998
    vertex 534.8682930319974 37.49374956789083 0.5000000000000004
  endloop
endfacet
facet normal -0.9238795325112925 -0.382683432365076 -0.0
  outer loop
    vertex 588.5478148736921 96.33861914494112 0.5000000000000004
    vertex 588.9074563947088 95.4703677073102 -1.9999999999999998
    vertex 588.9074563947088 95.4703677073102 0.5000000000000004
  endloop
endfacet
facet normal -0.9238795325112925 -0.382683432365076 -0.0
  outer loop
    vertex 588.9074563947088 95.4703677073102 -1.9999999999999998
    vertex 588.5478148736921 96.33861914494112 0.5000000000000004
    vertex 588.5478148736921 96.33861914494112 -1.9999999999999998
  endloop
endfacet
facet normal 0.7933533402912517 -0.6087614290086991 0.0
  outer loop
    vertex 544.5618690670535 72.50724645537211 -1.9999999999999984
    vertex 543.7672759540641 71.47171254943936 3.0000000000000013
    vertex 543.7672759540641 71.47171254943936 -1.9999999999999984
  endloop
endfacet
facet normal 0.7933533402912517 -0.6087614290086991 0.0
  outer loop
    vertex 543.7672759540641 71.47171254943936 3.0000000000000013
    vertex 544.5618690670535 72.50724645537211 -1.9999999999999984
    vertex 544.5618690670535 72.50724645537211 3.0000000000000013
  endloop
endfacet
facet normal 0.923879532511369 0.38268343236489144 0.0
  outer loop
    vertex 538.4897914130016 74.54049218943423 -1.9999999999999984
    vertex 538.6699518349463 74.1055464553721 3.0000000000000013
    vertex 538.6699518349463 74.1055464553721 -1.9999999999999984
  endloop
endfacet
facet normal 0.923879532511369 0.38268343236489144 0.0
  outer loop
    vertex 538.6699518349463 74.1055464553721 3.0000000000000013
    vertex 538.4897914130016 74.54049218943423 -1.9999999999999984
    vertex 538.4897914130016 74.54049218943423 3.0000000000000013
  endloop
endfacet
facet normal 0.7933533402911312 0.6087614290088561 0.0
  outer loop
    vertex 538.6699518349463 74.1055464553721 -1.9999999999999984
    vertex 538.9565456789395 73.73205008618027 3.0000000000000013
    vertex 538.9565456789395 73.73205008618027 -1.9999999999999984
  endloop
endfacet
facet normal 0.7933533402911312 0.6087614290088561 0.0
  outer loop
    vertex 538.9565456789395 73.73205008618027 3.0000000000000013
    vertex 538.6699518349463 74.1055464553721 -1.9999999999999984
    vertex 538.6699518349463 74.1055464553721 3.0000000000000013
  endloop
endfacet
facet normal -0.9238795325112933 -0.38268343236507385 -0.0
  outer loop
    vertex 541.5859844856213 39.29374956789083 0.5000000000000004
    vertex 541.945626006638 38.4254981302599 -1.9999999999999998
    vertex 541.945626006638 38.4254981302599 0.5000000000000004
  endloop
endfacet
facet normal -0.9238795325112933 -0.38268343236507385 -0.0
  outer loop
    vertex 541.945626006638 38.4254981302599 -1.9999999999999998
    vertex 541.5859844856213 39.29374956789083 0.5000000000000004
    vertex 541.5859844856213 39.29374956789083 -1.9999999999999998
  endloop
endfacet
facet normal 0.9914448613738128 0.13052619222003317 0.0
  outer loop
    vertex 538.4283420481313 75.00724645537213 -1.9999999999999984
    vertex 538.4897914130016 74.54049218943423 3.0000000000000013
    vertex 538.4897914130016 74.54049218943423 -1.9999999999999984
  endloop
endfacet
facet normal 0.9914448613738128 0.13052619222003317 0.0
  outer loop
    vertex 538.4897914130016 74.54049218943423 3.0000000000000013
    vertex 538.4283420481313 75.00724645537213 -1.9999999999999984
    vertex 538.4283420481313 75.00724645537213 3.0000000000000013
  endloop
endfacet
facet normal 0.9914448613737993 0.13052619222013556 0.0
  outer loop
    vertex 583.6301234200681 94.53861914494112 0.5000000000000004
    vertex 583.6914569327478 94.07274486375658 3.0
    vertex 583.6914569327478 94.07274486375658 0.5000000000000004
  endloop
endfacet
facet normal 0.9914448613737993 0.13052619222013556 0.0
  outer loop
    vertex 583.6914569327478 94.07274486375658 3.0
    vertex 583.6301234200681 94.53861914494112 0.5000000000000004
    vertex 583.6301234200681 94.53861914494112 3.0
  endloop
endfacet
facet normal 0.38268343236513047 -0.92387953251127 0.0
  outer loop
    vertex 538.0024187508128 39.23241605521119 3.0
    vertex 537.5682930319974 39.052595294702854 0.5000000000000004
    vertex 538.0024187508128 39.23241605521119 0.5000000000000004
  endloop
endfacet
facet normal 0.38268343236513047 -0.92387953251127 0.0
  outer loop
    vertex 537.5682930319974 39.052595294702854 0.5000000000000004
    vertex 538.0024187508128 39.23241605521119 3.0
    vertex 537.5682930319974 39.052595294702854 3.0
  endloop
endfacet
facet normal -0.38268343236508306 -0.9238795325112896 -0.0
  outer loop
    vertex 539.3682930319975 96.09746487175315 3.0
    vertex 538.934167313182 96.2772856322615 0.5000000000000004
    vertex 539.3682930319975 96.09746487175315 0.5000000000000004
  endloop
endfacet
facet normal -0.38268343236508306 -0.9238795325112896 -0.0
  outer loop
    vertex 538.934167313182 96.2772856322615 0.5000000000000004
    vertex 539.3682930319975 96.09746487175315 3.0
    vertex 538.934167313182 96.2772856322615 3.0
  endloop
endfacet
facet normal -0.92387953251133 0.38268343236498564 0.0
  outer loop
    vertex 540.2069595193177 37.027875286706276 3.0
    vertex 540.0271387588094 36.59374956789081 0.5000000000000004
    vertex 540.0271387588094 36.59374956789081 3.0
  endloop
endfacet
facet normal -0.92387953251133 0.38268343236498564 0.0
  outer loop
    vertex 540.0271387588094 36.59374956789081 0.5000000000000004
    vertex 540.2069595193177 37.027875286706276 3.0
    vertex 540.2069595193177 37.027875286706276 0.5000000000000004
  endloop
endfacet
facet normal -0.6087614290087189 -0.7933533402912365 -0.0
  outer loop
    vertex 539.7410852381332 95.81141135107694 3.0
    vertex 539.3682930319975 96.09746487175315 0.5000000000000004
    vertex 539.7410852381332 95.81141135107694 0.5000000000000004
  endloop
endfacet
facet normal -0.6087614290087189 -0.7933533402912365 -0.0
  outer loop
    vertex 539.3682930319975 96.09746487175315 0.5000000000000004
    vertex 539.7410852381332 95.81141135107694 3.0
    vertex 539.3682930319975 96.09746487175315 3.0
  endloop
endfacet
facet normal -0.793353340291206 -0.6087614290087586 -0.0
  outer loop
    vertex 585.0379384173231 83.27372561883654 3.0000000000000013
    vertex 585.3245322613161 82.90022924964472 -1.9999999999999984
    vertex 585.3245322613161 82.90022924964472 3.0000000000000013
  endloop
endfacet
facet normal -0.793353340291206 -0.6087614290087586 -0.0
  outer loop
    vertex 585.3245322613161 82.90022924964472 -1.9999999999999984
    vertex 585.0379384173231 83.27372561883654 3.0000000000000013
    vertex 585.0379384173231 83.27372561883654 -1.9999999999999984
  endloop
endfacet
facet normal -0.793353340291257 -0.6087614290086921 -0.0
  outer loop
    vertex 539.7410852381332 95.81141135107694 3.0
    vertex 540.0271387588094 95.43861914494114 0.5000000000000004
    vertex 540.0271387588094 95.43861914494114 3.0
  endloop
endfacet
facet normal -0.793353340291257 -0.6087614290086921 -0.0
  outer loop
    vertex 540.0271387588094 95.43861914494114 0.5000000000000004
    vertex 539.7410852381332 95.81141135107694 3.0
    vertex 539.7410852381332 95.81141135107694 0.5000000000000004
  endloop
endfacet
facet normal -0.92387953251133 -0.38268343236498564 -0.0
  outer loop
    vertex 540.0271387588094 38.39374956789085 3.0
    vertex 540.2069595193177 37.95962384907538 0.5000000000000004
    vertex 540.2069595193177 37.95962384907538 3.0
  endloop
endfacet
facet normal -0.92387953251133 -0.38268343236498564 -0.0
  outer loop
    vertex 540.2069595193177 37.95962384907538 0.5000000000000004
    vertex 540.0271387588094 38.39374956789085 3.0
    vertex 540.0271387588094 38.39374956789085 0.5000000000000004
  endloop
endfacet
facet normal 0.1305261922200564 0.9914448613738099 0.0
  outer loop
    vertex 584.5650248751386 33.97793618774001 0.5000000000000004
    vertex 585.4967734375076 33.85526916238066 -1.9999999999999998
    vertex 584.5650248751386 33.97793618774001 -1.9999999999999998
  endloop
endfacet
facet normal 0.1305261922200564 0.9914448613738099 0.0
  outer loop
    vertex 585.4967734375076 33.85526916238066 -1.9999999999999998
    vertex 584.5650248751386 33.97793618774001 0.5000000000000004
    vertex 585.4967734375076 33.85526916238066 0.5000000000000004
  endloop
endfacet
facet normal -0.92387953251133 -0.38268343236498564 -0.0
  outer loop
    vertex 540.0271387588094 95.43861914494114 3.0
    vertex 540.2069595193177 95.00449342612568 0.5000000000000004
    vertex 540.2069595193177 95.00449342612568 3.0
  endloop
endfacet
facet normal -0.92387953251133 -0.38268343236498564 -0.0
  outer loop
    vertex 540.2069595193177 95.00449342612568 0.5000000000000004
    vertex 540.0271387588094 95.43861914494114 3.0
    vertex 540.0271387588094 95.43861914494114 0.5000000000000004
  endloop
endfacet
facet normal -0.9914448613737993 -0.13052619222013556 -0.0
  outer loop
    vertex 540.2069595193177 95.00449342612568 3.0
    vertex 540.2682930319975 94.53861914494112 0.5000000000000004
    vertex 540.2682930319975 94.53861914494112 3.0
  endloop
endfacet
facet normal -0.9914448613737993 -0.13052619222013556 -0.0
  outer loop
    vertex 540.2682930319975 94.53861914494112 0.5000000000000004
    vertex 540.2069595193177 95.00449342612568 3.0
    vertex 540.2069595193177 95.00449342612568 0.5000000000000004
  endloop
endfacet
facet normal -0.38268343236515096 0.9238795325112614 0.0
  outer loop
    vertex 585.8959977012527 92.79995265762076 3.0
    vertex 586.330123420068 92.9797734181291 0.5000000000000004
    vertex 585.8959977012527 92.79995265762076 0.5000000000000004
  endloop
endfacet
facet normal -0.38268343236515096 0.9238795325112614 0.0
  outer loop
    vertex 586.330123420068 92.9797734181291 0.5000000000000004
    vertex 585.8959977012527 92.79995265762076 3.0
    vertex 586.330123420068 92.9797734181291 3.0
  endloop
endfacet
facet normal -0.6087614290087189 0.7933533402912365 0.0
  outer loop
    vertex 587.2967734375076 34.33757770875668 0.5000000000000004
    vertex 588.0423578497791 34.909684750109086 -1.9999999999999998
    vertex 587.2967734375076 34.33757770875668 -1.9999999999999998
  endloop
endfacet
facet normal -0.6087614290087189 0.7933533402912365 0.0
  outer loop
    vertex 588.0423578497791 34.909684750109086 -1.9999999999999998
    vertex 587.2967734375076 34.33757770875668 0.5000000000000004
    vertex 588.0423578497791 34.909684750109086 0.5000000000000004
  endloop
endfacet
facet normal 0.3826834323651093 -0.9238795325112786 0.0
  outer loop
    vertex 583.2959877821934 83.74047988477442 3.0000000000000013
    vertex 582.8610420481313 83.56031946282957 -1.9999999999999984
    vertex 583.2959877821934 83.74047988477442 -1.9999999999999984
  endloop
endfacet
facet normal 0.3826834323651093 -0.9238795325112786 0.0
  outer loop
    vertex 582.8610420481313 83.56031946282957 -1.9999999999999984
    vertex 583.2959877821934 83.74047988477442 3.0000000000000013
    vertex 582.8610420481313 83.56031946282957 3.0000000000000013
  endloop
endfacet
facet normal 0.9914448613737993 -0.13052619222013556 0.0
  outer loop
    vertex 536.7296265446771 37.95962384907538 0.5000000000000004
    vertex 536.6682930319973 37.49374956789083 3.0
    vertex 536.6682930319973 37.49374956789083 0.5000000000000004
  endloop
endfacet
facet normal 0.9914448613737993 -0.13052619222013556 0.0
  outer loop
    vertex 536.6682930319973 37.49374956789083 3.0
    vertex 536.7296265446771 37.95962384907538 0.5000000000000004
    vertex 536.7296265446771 37.95962384907538 3.0
  endloop
endfacet
facet normal -0.92387953251133 -0.38268343236498564 -0.0
  outer loop
    vertex 587.0556191643196 38.35526916238067 3.0
    vertex 587.2354399248279 37.92114344356521 0.5000000000000004
    vertex 587.2354399248279 37.92114344356521 3.0
  endloop
endfacet
facet normal -0.92387953251133 -0.38268343236498564 -0.0
  outer loop
    vertex 587.2354399248279 37.92114344356521 0.5000000000000004
    vertex 587.0556191643196 38.35526916238067 3.0
    vertex 587.0556191643196 38.35526916238067 0.5000000000000004
  endloop
endfacet
facet normal 0.13052619222005982 -0.9914448613738093 0.0
  outer loop
    vertex 553.9325420481314 51.82164645537234 3.0
    vertex 553.4657877821935 51.76019709050204 -1.9999999999999998
    vertex 553.9325420481314 51.82164645537234 -1.9999999999999998
  endloop
endfacet
facet normal 0.13052619222005982 -0.9914448613738093 0.0
  outer loop
    vertex 553.4657877821935 51.76019709050204 -1.9999999999999998
    vertex 553.9325420481314 51.82164645537234 3.0
    vertex 553.4657877821935 51.76019709050204 3.0
  endloop
endfacet
facet normal 0.3826834323651093 -0.9238795325112786 0.0
  outer loop
    vertex 553.4657877821935 51.76019709050204 3.0
    vertex 553.0308420481315 51.58003666855719 -1.9999999999999998
    vertex 553.4657877821935 51.76019709050204 -1.9999999999999998
  endloop
endfacet
facet normal 0.3826834323651093 -0.9238795325112786 0.0
  outer loop
    vertex 553.0308420481315 51.58003666855719 -1.9999999999999998
    vertex 553.4657877821935 51.76019709050204 3.0
    vertex 553.0308420481315 51.58003666855719 3.0
  endloop
endfacet
facet normal 0.6087614290086625 -0.7933533402912797 0.0
  outer loop
    vertex 553.0308420481315 51.58003666855719 3.0
    vertex 552.6573456789396 51.293442824564146 -1.9999999999999998
    vertex 553.0308420481315 51.58003666855719 -1.9999999999999998
  endloop
endfacet
facet normal 0.6087614290086625 -0.7933533402912797 0.0
  outer loop
    vertex 552.6573456789396 51.293442824564146 -1.9999999999999998
    vertex 553.0308420481315 51.58003666855719 3.0
    vertex 552.6573456789396 51.293442824564146 3.0
  endloop
endfacet
facet normal 0.9238795325112925 -0.382683432365076 0.0
  outer loop
    vertex 535.3506015783734 96.33861914494112 -1.9999999999999998
    vertex 534.9909600573568 95.4703677073102 0.5000000000000004
    vertex 534.9909600573568 95.4703677073102 -1.9999999999999998
  endloop
endfacet
facet normal 0.9238795325112925 -0.382683432365076 0.0
  outer loop
    vertex 534.9909600573568 95.4703677073102 0.5000000000000004
    vertex 535.3506015783734 96.33861914494112 -1.9999999999999998
    vertex 535.3506015783734 96.33861914494112 0.5000000000000004
  endloop
endfacet
facet normal -0.991444861373812 0.1305261922200394 0.0
  outer loop
    vertex 579.1551420481313 49.96644645537231 3.0
    vertex 579.093692683261 49.499692189434434 -1.9999999999999998
    vertex 579.093692683261 49.499692189434434 3.0
  endloop
endfacet
facet normal -0.991444861373812 0.1305261922200394 0.0
  outer loop
    vertex 579.093692683261 49.499692189434434 -1.9999999999999998
    vertex 579.1551420481313 49.96644645537231 3.0
    vertex 579.1551420481313 49.96644645537231 -1.9999999999999998
  endloop
endfacet
facet normal -0.9914448613737993 -0.13052619222013556 -0.0
  outer loop
    vertex 540.2069595193177 37.95962384907538 3.0
    vertex 540.2682930319975 37.49374956789083 0.5000000000000004
    vertex 540.2682930319975 37.49374956789083 3.0
  endloop
endfacet
facet normal -0.9914448613737993 -0.13052619222013556 -0.0
  outer loop
    vertex 540.2682930319975 37.49374956789083 0.5000000000000004
    vertex 540.2069595193177 37.95962384907538 3.0
    vertex 540.2069595193177 37.95962384907538 0.5000000000000004
  endloop
endfacet
facet normal 0.9914448613738633 -0.13052619221965017 0.0
  outer loop
    vertex 538.4897914130014 75.47400072131006 -1.9999999999999984
    vertex 538.4283420481313 75.00724645537213 3.0000000000000013
    vertex 538.4283420481313 75.00724645537213 -1.9999999999999984
  endloop
endfacet
facet normal 0.9914448613738633 -0.13052619221965017 0.0
  outer loop
    vertex 538.4283420481313 75.00724645537213 3.0000000000000013
    vertex 538.4897914130014 75.47400072131006 -1.9999999999999984
    vertex 538.4897914130014 75.47400072131006 3.0000000000000013
  endloop
endfacet
facet normal -3.197087748677043e-14 1.0 4.855150845194433e-15
  outer loop
    vertex 558.6658632146355 93.20398544175538 3.000000000000801
    vertex 567.0158632146355 93.20398544175521 13.240000000001443
    vertex 567.0158632146355 93.20398544175565 3.000000000000746
  endloop
endfacet
facet normal -3.197087748677043e-14 1.0 4.855150845194433e-15
  outer loop
    vertex 567.0158632146355 93.20398544175521 13.240000000001443
    vertex 558.6658632146355 93.20398544175538 3.000000000000801
    vertex 558.6658632146356 93.20398544175495 13.240000000001537
  endloop
endfacet
facet normal -1.6852459369148443e-14 5.5416295939665056e-15 -1.0
  outer loop
    vertex 558.6658632146356 97.20398544175521 13.240000000001606
    vertex 567.0158632146355 93.20398544175521 13.240000000001443
    vertex 558.6658632146356 93.20398544175495 13.240000000001537
  endloop
endfacet
facet normal -1.6852459369148443e-14 5.5416295939665056e-15 -1.0
  outer loop
    vertex 567.0158632146355 93.20398544175521 13.240000000001443
    vertex 558.6658632146356 97.20398544175521 13.240000000001606
    vertex 567.0158632146355 97.2039854417552 13.240000000001418
  endloop
endfacet
facet normal 1.773032818368488e-14 -5.035654433121148e-15 1.0
  outer loop
    vertex 567.0158632146355 90.20398544175518 16.240000000001423
    vertex 558.6658632146357 97.20398544175518 16.240000000001608
    vertex 558.6658632146357 90.20398544175505 16.24000000000153
  endloop
endfacet
facet normal 1.773032818368488e-14 -5.035654433121148e-15 1.0
  outer loop
    vertex 558.6658632146357 97.20398544175518 16.240000000001608
    vertex 567.0158632146355 90.20398544175518 16.240000000001423
    vertex 567.0158632146355 97.20398544175517 16.24000000000142
  endloop
endfacet
facet normal -0.6087614290087653 -0.793353340291201 -0.0
  outer loop
    vertex 541.0138774442689 40.0393339801624 0.5000000000000004
    vertex 540.2682930319975 40.6114410215148 -1.9999999999999998
    vertex 541.0138774442689 40.0393339801624 -1.9999999999999998
  endloop
endfacet
facet normal -0.6087614290087653 -0.793353340291201 -0.0
  outer loop
    vertex 540.2682930319975 40.6114410215148 -1.9999999999999998
    vertex 541.0138774442689 40.0393339801624 0.5000000000000004
    vertex 540.2682930319975 40.6114410215148 0.5000000000000004
  endloop
endfacet
facet normal 1.7902346272080523e-15 1.0 5.424130990526326e-15
  outer loop
    vertex 558.6658632146356 97.20398544175521 13.240000000001606
    vertex 567.0158632146355 97.20398544175517 16.24000000000142
    vertex 567.0158632146355 97.2039854417552 13.240000000001418
  endloop
endfacet
facet normal 1.7902346272080523e-15 1.0 5.424130990526326e-15
  outer loop
    vertex 567.0158632146355 97.20398544175517 16.24000000000142
    vertex 558.6658632146356 97.20398544175521 13.240000000001606
    vertex 558.6658632146357 97.20398544175518 16.240000000001608
  endloop
endfacet
facet normal 1.0 1.5175143151651225e-14 -3.0344492405052563e-15
  outer loop
    vertex 567.0158632146355 93.20398544175565 3.000000000000746
    vertex 567.0158632146355 93.20398544175521 13.240000000001443
    vertex 567.0158632146355 90.20398544175563 2.999999999998737
  endloop
endfacet
facet normal 1.0 1.5175143151651225e-14 -3.0344492405052563e-15
  outer loop
    vertex 567.0158632146355 90.20398544175518 16.240000000001423
    vertex 567.0158632146355 93.20398544175521 13.240000000001443
    vertex 567.0158632146355 97.20398544175517 16.24000000000142
  endloop
endfacet
facet normal 1.0 1.5175143151651225e-14 -3.0344492405052563e-15
  outer loop
    vertex 567.0158632146355 93.20398544175521 13.240000000001443
    vertex 567.0158632146355 90.20398544175518 16.240000000001423
    vertex 567.0158632146355 90.20398544175563 2.999999999998737
  endloop
endfacet
facet normal 1.0 1.5175143151651225e-14 -3.0344492405052563e-15
  outer loop
    vertex 567.0158632146355 97.20398544175517 16.24000000000142
    vertex 567.0158632146355 93.20398544175521 13.240000000001443
    vertex 567.0158632146355 97.2039854417552 13.240000000001418
  endloop
endfacet
facet normal 4.052646441984071e-15 -1.0 -4.351120158618801e-14
  outer loop
    vertex 566.3417694505016 40.25018917843515 13.240000000001404
    vertex 557.9917694505014 40.25018917843556 3.000000000001499
    vertex 566.3417694505013 40.25018917843562 3.0000000000013185
  endloop
endfacet
facet normal 4.052646441984071e-15 -1.0 -4.351120158618801e-14
  outer loop
    vertex 557.9917694505014 40.25018917843556 3.000000000001499
    vertex 566.3417694505016 40.25018917843515 13.240000000001404
    vertex 557.9917694505016 40.250189178435136 13.240000000001581
  endloop
endfacet
facet normal -1.7054887110020235e-14 -8.107403637325086e-15 -1.0
  outer loop
    vertex 566.3417694505016 40.25018917843515 13.240000000001404
    vertex 557.9917694505016 36.25018917843508 13.24000000000158
    vertex 557.9917694505016 40.250189178435136 13.240000000001581
  endloop
endfacet
facet normal -1.7054887110020235e-14 -8.107403637325086e-15 -1.0
  outer loop
    vertex 557.9917694505016 36.25018917843508 13.24000000000158
    vertex 566.3417694505016 40.25018917843515 13.240000000001404
    vertex 566.3417694505016 36.25018917843504 13.240000000001471
  endloop
endfacet
facet normal -4.05264644198493e-15 -1.0 7.519910620127787e-15
  outer loop
    vertex 566.3417694505016 36.250189178435065 16.240000000001473
    vertex 557.9917694505016 36.25018917843508 13.24000000000158
    vertex 566.3417694505016 36.25018917843504 13.240000000001471
  endloop
endfacet
facet normal -4.05264644198493e-15 -1.0 7.519910620127787e-15
  outer loop
    vertex 557.9917694505016 36.25018917843508 13.24000000000158
    vertex 566.3417694505016 36.250189178435065 16.240000000001473
    vertex 557.9917694505017 36.2501891784351 16.24000000000158
  endloop
endfacet
facet normal 1.3339961204867359e-14 -8.66132562496843e-15 1.0
  outer loop
    vertex 557.9917694505017 36.2501891784351 16.24000000000158
    vertex 566.3417694505016 43.2501891784351 16.24000000000153
    vertex 557.9917694505016 43.25018917843511 16.240000000001643
  endloop
endfacet
facet normal 1.3339961204867359e-14 -8.66132562496843e-15 1.0
  outer loop
    vertex 566.3417694505016 43.2501891784351 16.24000000000153
    vertex 557.9917694505017 36.2501891784351 16.24000000000158
    vertex 566.3417694505016 36.250189178435065 16.240000000001473
  endloop
endfacet
facet normal 0.9914448613738114 -0.1305261922200443 0.0
  outer loop
    vertex 534.9909600573568 95.4703677073102 -1.9999999999999998
    vertex 534.8682930319974 94.53861914494112 0.5000000000000004
    vertex 534.8682930319974 94.53861914494112 -1.9999999999999998
  endloop
endfacet
facet normal 0.9914448613738114 -0.1305261922200443 0.0
  outer loop
    vertex 534.8682930319974 94.53861914494112 0.5000000000000004
    vertex 534.9909600573568 95.4703677073102 -1.9999999999999998
    vertex 534.9909600573568 95.4703677073102 0.5000000000000004
  endloop
endfacet
facet normal -0.6087614290087292 -0.7933533402912287 -0.0
  outer loop
    vertex 581.2627420481311 77.66840223072253 3.0000000000000013
    vertex 580.2272081421985 78.462995343712 -1.9999999999999984
    vertex 581.2627420481311 77.66840223072253 -1.9999999999999984
  endloop
endfacet
facet normal -0.6087614290087292 -0.7933533402912287 -0.0
  outer loop
    vertex 580.2272081421985 78.462995343712 -1.9999999999999984
    vertex 581.2627420481311 77.66840223072253 3.0000000000000013
    vertex 580.2272081421985 78.462995343712 3.0000000000000013
  endloop
endfacet
facet normal -0.7933533402912017 -0.6087614290087642 -0.0
  outer loop
    vertex 587.9757078323396 97.08420355721269 0.5000000000000004
    vertex 588.5478148736921 96.33861914494112 -1.9999999999999998
    vertex 588.5478148736921 96.33861914494112 0.5000000000000004
  endloop
endfacet
facet normal -0.7933533402912017 -0.6087614290087642 -0.0
  outer loop
    vertex 588.5478148736921 96.33861914494112 -1.9999999999999998
    vertex 587.9757078323396 97.08420355721269 0.5000000000000004
    vertex 587.9757078323396 97.08420355721269 -1.9999999999999998
  endloop
endfacet
facet normal 0.9914448613738112 0.13052619222004583 0.0
  outer loop
    vertex 534.8682930319974 94.53861914494112 -1.9999999999999998
    vertex 534.9909600573568 93.60687058257206 0.5000000000000004
    vertex 534.9909600573568 93.60687058257206 -1.9999999999999998
  endloop
endfacet
facet normal 0.9914448613738112 0.13052619222004583 0.0
  outer loop
    vertex 534.9909600573568 93.60687058257206 0.5000000000000004
    vertex 534.8682930319974 94.53861914494112 -1.9999999999999998
    vertex 534.8682930319974 94.53861914494112 0.5000000000000004
  endloop
endfacet
facet normal 0.9238795325112943 0.3826834323650718 0.0
  outer loop
    vertex 534.9909600573568 93.60687058257206 -1.9999999999999998
    vertex 535.3506015783734 92.73861914494113 0.5000000000000004
    vertex 535.3506015783734 92.73861914494113 -1.9999999999999998
  endloop
endfacet
facet normal 0.9238795325112943 0.3826834323650718 0.0
  outer loop
    vertex 535.3506015783734 92.73861914494113 0.5000000000000004
    vertex 534.9909600573568 93.60687058257206 -1.9999999999999998
    vertex 534.9909600573568 93.60687058257206 0.5000000000000004
  endloop
endfacet
facet normal 0.7933533402912017 0.6087614290087642 0.0
  outer loop
    vertex 535.3506015783734 92.73861914494113 -1.9999999999999998
    vertex 535.9227086197259 91.99303473266956 0.5000000000000004
    vertex 535.9227086197259 91.99303473266956 -1.9999999999999998
  endloop
endfacet
facet normal 0.7933533402912017 0.6087614290087642 0.0
  outer loop
    vertex 535.9227086197259 91.99303473266956 0.5000000000000004
    vertex 535.3506015783734 92.73861914494113 -1.9999999999999998
    vertex 535.3506015783734 92.73861914494113 0.5000000000000004
  endloop
endfacet
facet normal -0.38268343236509134 0.9238795325112861 0.0
  outer loop
    vertex 539.4000415943665 34.01641659325019 0.5000000000000004
    vertex 540.2682930319974 34.376058114266854 -1.9999999999999998
    vertex 539.4000415943665 34.01641659325019 -1.9999999999999998
  endloop
endfacet
facet normal -0.38268343236509134 0.9238795325112861 0.0
  outer loop
    vertex 540.2682930319974 34.376058114266854 -1.9999999999999998
    vertex 539.4000415943665 34.01641659325019 0.5000000000000004
    vertex 540.2682930319974 34.376058114266854 0.5000000000000004
  endloop
endfacet
facet normal 0.6087614290087653 0.793353340291201 0.0
  outer loop
    vertex 535.9227086197259 91.99303473266956 0.5000000000000004
    vertex 536.6682930319973 91.42092769131715 -1.9999999999999998
    vertex 535.9227086197259 91.99303473266956 -1.9999999999999998
  endloop
endfacet
facet normal 0.6087614290087653 0.793353340291201 0.0
  outer loop
    vertex 536.6682930319973 91.42092769131715 -1.9999999999999998
    vertex 535.9227086197259 91.99303473266956 0.5000000000000004
    vertex 536.6682930319973 91.42092769131715 0.5000000000000004
  endloop
endfacet
facet normal 0.13052619222003628 -0.9914448613738125 0.0
  outer loop
    vertex 583.7627420481313 83.8019292496447 3.0000000000000013
    vertex 583.2959877821934 83.74047988477442 -1.9999999999999984
    vertex 583.7627420481313 83.8019292496447 -1.9999999999999984
  endloop
endfacet
facet normal 0.13052619222003628 -0.9914448613738125 0.0
  outer loop
    vertex 583.2959877821934 83.74047988477442 -1.9999999999999984
    vertex 583.7627420481313 83.8019292496447 3.0000000000000013
    vertex 583.2959877821934 83.74047988477442 3.0000000000000013
  endloop
endfacet
facet normal -0.6087614290087653 -0.793353340291201 -0.0
  outer loop
    vertex 587.9757078323396 97.08420355721269 0.5000000000000004
    vertex 587.2301234200681 97.6563105985651 -1.9999999999999998
    vertex 587.9757078323396 97.08420355721269 -1.9999999999999998
  endloop
endfacet
facet normal -0.6087614290087653 -0.793353340291201 -0.0
  outer loop
    vertex 587.2301234200681 97.6563105985651 -1.9999999999999998
    vertex 587.9757078323396 97.08420355721269 0.5000000000000004
    vertex 587.2301234200681 97.6563105985651 0.5000000000000004
  endloop
endfacet
facet normal -0.9238795325112941 -0.3826834323650719 -0.0
  outer loop
    vertex 585.3245322613161 82.90022924964472 3.0000000000000013
    vertex 585.5046926832609 82.46528351558263 -1.9999999999999984
    vertex 585.5046926832609 82.46528351558263 3.0000000000000013
  endloop
endfacet
facet normal -0.9238795325112941 -0.3826834323650719 -0.0
  outer loop
    vertex 585.5046926832609 82.46528351558263 -1.9999999999999984
    vertex 585.3245322613161 82.90022924964472 3.0000000000000013
    vertex 585.3245322613161 82.90022924964472 -1.9999999999999984
  endloop
endfacet
facet normal -0.7933533402912017 0.6087614290087642 0.0
  outer loop
    vertex 541.5859844856213 35.69374956789083 0.5000000000000004
    vertex 541.0138774442689 34.94816515561926 -1.9999999999999998
    vertex 541.0138774442689 34.94816515561926 0.5000000000000004
  endloop
endfacet
facet normal -0.7933533402912017 0.6087614290087642 0.0
  outer loop
    vertex 541.0138774442689 34.94816515561926 -1.9999999999999998
    vertex 541.5859844856213 35.69374956789083 0.5000000000000004
    vertex 541.5859844856213 35.69374956789083 -1.9999999999999998
  endloop
endfacet
facet normal 0.0 1.0 0.0
  outer loop
    vertex 530.1509626727195 102.38281928798806 3.0
    vertex 593.1539626727194 102.38281928798806 -1.9999999999999998
    vertex 530.1509626727195 102.38281928798806 -1.9999999999999998
  endloop
endfacet
facet normal 0.0 1.0 0.0
  outer loop
    vertex 593.1539626727194 102.38281928798806 -1.9999999999999998
    vertex 530.1509626727195 102.38281928798806 3.0
    vertex 593.1539626727194 102.38281928798806 3.0
  endloop
endfacet
facet normal -0.6087614290087653 -0.793353340291201 -0.0
  outer loop
    vertex 588.0423578497791 40.000853574652226 0.5000000000000004
    vertex 587.2967734375077 40.57296061600463 -1.9999999999999998
    vertex 588.0423578497791 40.000853574652226 -1.9999999999999998
  endloop
endfacet
facet normal -0.6087614290087653 -0.793353340291201 -0.0
  outer loop
    vertex 587.2967734375077 40.57296061600463 -1.9999999999999998
    vertex 588.0423578497791 40.000853574652226 0.5000000000000004
    vertex 587.2967734375077 40.57296061600463 0.5000000000000004
  endloop
endfacet
facet normal 0.99144486137381 -0.13052619222005502 0.0
  outer loop
    vertex 545.2317420481313 75.00724645537213 -1.9999999999999984
    vertex 545.0613711795767 73.71315122985952 3.0000000000000013
    vertex 545.0613711795767 73.71315122985952 -1.9999999999999984
  endloop
endfacet
facet normal 0.99144486137381 -0.13052619222005502 0.0
  outer loop
    vertex 545.0613711795767 73.71315122985952 3.0000000000000013
    vertex 545.2317420481313 75.00724645537213 -1.9999999999999984
    vertex 545.2317420481313 75.00724645537213 3.0000000000000013
  endloop
endfacet
facet normal -0.92387953251133 0.38268343236498564 0.0
  outer loop
    vertex 540.2069595193177 94.07274486375658 3.0
    vertex 540.0271387588094 93.6386191449411 0.5000000000000004
    vertex 540.0271387588094 93.6386191449411 3.0
  endloop
endfacet
facet normal -0.92387953251133 0.38268343236498564 0.0
  outer loop
    vertex 540.0271387588094 93.6386191449411 0.5000000000000004
    vertex 540.2069595193177 94.07274486375658 3.0
    vertex 540.2069595193177 94.07274486375658 0.5000000000000004
  endloop
endfacet
facet normal -0.9914448613737993 0.13052619222013556 0.0
  outer loop
    vertex 540.2682930319975 94.53861914494112 3.0
    vertex 540.2069595193177 94.07274486375658 0.5000000000000004
    vertex 540.2069595193177 94.07274486375658 3.0
  endloop
endfacet
facet normal -0.9914448613737993 0.13052619222013556 0.0
  outer loop
    vertex 540.2069595193177 94.07274486375658 0.5000000000000004
    vertex 540.2682930319975 94.53861914494112 3.0
    vertex 540.2682930319975 94.53861914494112 0.5000000000000004
  endloop
endfacet
facet normal 0.3826834323650523 0.9238795325113023 0.0
  outer loop
    vertex 536.6682930319973 91.42092769131715 0.5000000000000004
    vertex 537.5365444696283 91.06128617030049 -1.9999999999999998
    vertex 536.6682930319973 91.42092769131715 -1.9999999999999998
  endloop
endfacet
facet normal 0.3826834323650523 0.9238795325113023 0.0
  outer loop
    vertex 537.5365444696283 91.06128617030049 -1.9999999999999998
    vertex 536.6682930319973 91.42092769131715 0.5000000000000004
    vertex 537.5365444696283 91.06128617030049 0.5000000000000004
  endloop
endfacet
facet normal -0.3826834323650523 -0.9238795325113023 -0.0
  outer loop
    vertex 587.2301234200681 97.6563105985651 0.5000000000000004
    vertex 586.3618719824372 98.01595211958175 -1.9999999999999998
    vertex 587.2301234200681 97.6563105985651 -1.9999999999999998
  endloop
endfacet
facet normal -0.3826834323650523 -0.9238795325113023 -0.0
  outer loop
    vertex 586.3618719824372 98.01595211958175 -1.9999999999999998
    vertex 587.2301234200681 97.6563105985651 0.5000000000000004
    vertex 586.3618719824372 98.01595211958175 0.5000000000000004
  endloop
endfacet
facet normal -0.13052619222006231 -0.991444861373809 -0.0
  outer loop
    vertex 586.3618719824372 98.01595211958175 0.5000000000000004
    vertex 585.4301234200681 98.13861914494112 -1.9999999999999998
    vertex 586.3618719824372 98.01595211958175 -1.9999999999999998
  endloop
endfacet
facet normal -0.13052619222006231 -0.991444861373809 -0.0
  outer loop
    vertex 585.4301234200681 98.13861914494112 -1.9999999999999998
    vertex 586.3618719824372 98.01595211958175 0.5000000000000004
    vertex 585.4301234200681 98.13861914494112 0.5000000000000004
  endloop
endfacet
facet normal 0.9238795325112849 -0.3826834323650946 0.0
  outer loop
    vertex 545.0613711795767 73.71315122985952 -1.9999999999999984
    vertex 544.5618690670535 72.50724645537211 3.0000000000000013
    vertex 544.5618690670535 72.50724645537211 -1.9999999999999984
  endloop
endfacet
facet normal 0.9238795325112849 -0.3826834323650946 0.0
  outer loop
    vertex 544.5618690670535 72.50724645537211 3.0000000000000013
    vertex 545.0613711795767 73.71315122985952 -1.9999999999999984
    vertex 545.0613711795767 73.71315122985952 3.0000000000000013
  endloop
endfacet
facet normal -0.7933533402912017 0.6087614290087642 0.0
  outer loop
    vertex 588.6144648911317 35.655269162380655 0.5000000000000004
    vertex 588.0423578497791 34.909684750109086 -1.9999999999999998
    vertex 588.0423578497791 34.909684750109086 0.5000000000000004
  endloop
endfacet
facet normal -0.7933533402912017 0.6087614290087642 0.0
  outer loop
    vertex 588.0423578497791 34.909684750109086 -1.9999999999999998
    vertex 588.6144648911317 35.655269162380655 0.5000000000000004
    vertex 588.6144648911317 35.655269162380655 -1.9999999999999998
  endloop
endfacet
facet normal 0.6087614290087401 -0.7933533402912203 0.0
  outer loop
    vertex 582.8610420481313 83.56031946282957 3.0000000000000013
    vertex 582.4875456789395 83.27372561883654 -1.9999999999999984
    vertex 582.8610420481313 83.56031946282957 -1.9999999999999984
  endloop
endfacet
facet normal 0.6087614290087401 -0.7933533402912203 0.0
  outer loop
    vertex 582.4875456789395 83.27372561883654 -1.9999999999999984
    vertex 582.8610420481313 83.56031946282957 3.0000000000000013
    vertex 582.4875456789395 83.27372561883654 3.0000000000000013
  endloop
endfacet
facet normal 0.9914448613738117 -0.1305261922200425 0.0
  outer loop
    vertex 582.0207914130016 82.46528351558263 -1.9999999999999984
    vertex 581.9593420481312 81.99852924964476 3.0000000000000013
    vertex 581.9593420481312 81.99852924964476 -1.9999999999999984
  endloop
endfacet
facet normal 0.9914448613738117 -0.1305261922200425 0.0
  outer loop
    vertex 581.9593420481312 81.99852924964476 3.0000000000000013
    vertex 582.0207914130016 82.46528351558263 -1.9999999999999984
    vertex 582.0207914130016 82.46528351558263 3.0000000000000013
  endloop
endfacet
facet normal 0.13052619222006231 -0.991444861373809 0.0
  outer loop
    vertex 585.4301234200681 98.13861914494112 0.5000000000000004
    vertex 584.4983748576991 98.01595211958175 -1.9999999999999998
    vertex 585.4301234200681 98.13861914494112 -1.9999999999999998
  endloop
endfacet
facet normal 0.13052619222006231 -0.991444861373809 0.0
  outer loop
    vertex 584.4983748576991 98.01595211958175 -1.9999999999999998
    vertex 585.4301234200681 98.13861914494112 0.5000000000000004
    vertex 584.4983748576991 98.01595211958175 0.5000000000000004
  endloop
endfacet
facet normal -0.6087614290087189 0.7933533402912365 0.0
  outer loop
    vertex 587.230123420068 91.42092769131715 0.5000000000000004
    vertex 587.9757078323396 91.99303473266956 -1.9999999999999998
    vertex 587.230123420068 91.42092769131715 -1.9999999999999998
  endloop
endfacet
facet normal -0.6087614290087189 0.7933533402912365 0.0
  outer loop
    vertex 587.9757078323396 91.99303473266956 -1.9999999999999998
    vertex 587.230123420068 91.42092769131715 0.5000000000000004
    vertex 587.9757078323396 91.99303473266956 0.5000000000000004
  endloop
endfacet
facet normal -0.9238795325112333 0.38268343236521857 0.0
  outer loop
    vertex 541.9736926832611 74.54049218943423 3.0000000000000013
    vertex 541.7935322613162 74.1055464553721 -1.9999999999999984
    vertex 541.7935322613162 74.1055464553721 3.0000000000000013
  endloop
endfacet
facet normal -0.9238795325112333 0.38268343236521857 0.0
  outer loop
    vertex 541.7935322613162 74.1055464553721 -1.9999999999999984
    vertex 541.9736926832611 74.54049218943423 3.0000000000000013
    vertex 541.9736926832611 74.54049218943423 -1.9999999999999984
  endloop
endfacet
facet normal -0.13052619222003628 0.9914448613738125 0.0
  outer loop
    vertex 583.7627420481313 80.19512924964481 3.0000000000000013
    vertex 584.2294963140691 80.25657861451509 -1.9999999999999984
    vertex 583.7627420481313 80.19512924964481 -1.9999999999999984
  endloop
endfacet
facet normal -0.13052619222003628 0.9914448613738125 0.0
  outer loop
    vertex 584.2294963140691 80.25657861451509 -1.9999999999999984
    vertex 583.7627420481313 80.19512924964481 3.0000000000000013
    vertex 584.2294963140691 80.25657861451509 3.0000000000000013
  endloop
endfacet
facet normal 0.13052619222005837 0.9914448613738096 0.0
  outer loop
    vertex 577.3517420481312 54.96644645537235 3.0
    vertex 578.6458372736438 54.796075586817686 -1.9999999999999998
    vertex 577.3517420481312 54.96644645537235 -1.9999999999999998
  endloop
endfacet
facet normal 0.13052619222005837 0.9914448613738096 0.0
  outer loop
    vertex 578.6458372736438 54.796075586817686 -1.9999999999999998
    vertex 577.3517420481312 54.96644645537235 3.0
    vertex 578.6458372736438 54.796075586817686 3.0
  endloop
endfacet
facet normal -0.9238795325112994 -0.3826834323650592 -0.0
  outer loop
    vertex 555.4943322613163 50.91994645537232 3.0
    vertex 555.6744926832612 50.48500072131019 -1.9999999999999998
    vertex 555.6744926832612 50.48500072131019 3.0
  endloop
endfacet
facet normal -0.9238795325112994 -0.3826834323650592 -0.0
  outer loop
    vertex 555.6744926832612 50.48500072131019 -1.9999999999999998
    vertex 555.4943322613163 50.91994645537232 3.0
    vertex 555.4943322613163 50.91994645537232 -1.9999999999999998
  endloop
endfacet
facet normal -0.9914448613738125 0.13052619222003628 0.0
  outer loop
    vertex 555.7359420481315 50.0182464553723 3.0
    vertex 555.6744926832612 49.551492189434406 -1.9999999999999998
    vertex 555.6744926832612 49.551492189434406 3.0
  endloop
endfacet
facet normal -0.9914448613738125 0.13052619222003628 0.0
  outer loop
    vertex 555.6744926832612 49.551492189434406 -1.9999999999999998
    vertex 555.7359420481315 50.0182464553723 3.0
    vertex 555.7359420481315 50.0182464553723 -1.9999999999999998
  endloop
endfacet
facet normal -0.3826834323651093 0.9238795325112786 0.0
  outer loop
    vertex 584.2294963140691 80.25657861451509 3.0000000000000013
    vertex 584.6644420481313 80.43673903645994 -1.9999999999999984
    vertex 584.2294963140691 80.25657861451509 -1.9999999999999984
  endloop
endfacet
facet normal -0.3826834323651093 0.9238795325112786 0.0
  outer loop
    vertex 584.6644420481313 80.43673903645994 -1.9999999999999984
    vertex 584.2294963140691 80.25657861451509 3.0000000000000013
    vertex 584.6644420481313 80.43673903645994 3.0000000000000013
  endloop
endfacet
facet normal -0.6087614290087401 0.7933533402912203 0.0
  outer loop
    vertex 584.6644420481313 80.43673903645994 3.0000000000000013
    vertex 585.0379384173231 80.72333288045297 -1.9999999999999984
    vertex 584.6644420481313 80.43673903645994 -1.9999999999999984
  endloop
endfacet
facet normal -0.6087614290087401 0.7933533402912203 0.0
  outer loop
    vertex 585.0379384173231 80.72333288045297 -1.9999999999999984
    vertex 584.6644420481313 80.43673903645994 3.0000000000000013
    vertex 585.0379384173231 80.72333288045297 3.0000000000000013
  endloop
endfacet
facet normal 0.38268343236508623 -0.9238795325112882 0.0
  outer loop
    vertex 584.4983748576991 98.01595211958175 0.5000000000000004
    vertex 583.6301234200681 97.6563105985651 -1.9999999999999998
    vertex 584.4983748576991 98.01595211958175 -1.9999999999999998
  endloop
endfacet
facet normal 0.38268343236508623 -0.9238795325112882 0.0
  outer loop
    vertex 583.6301234200681 97.6563105985651 -1.9999999999999998
    vertex 584.4983748576991 98.01595211958175 0.5000000000000004
    vertex 583.6301234200681 97.6563105985651 0.5000000000000004
  endloop
endfacet
facet normal 0.13052619222006231 0.991444861373809 0.0
  outer loop
    vertex 537.5365444696283 91.06128617030049 0.5000000000000004
    vertex 538.4682930319974 90.93861914494113 -1.9999999999999998
    vertex 537.5365444696283 91.06128617030049 -1.9999999999999998
  endloop
endfacet
facet normal 0.13052619222006231 0.991444861373809 0.0
  outer loop
    vertex 538.4682930319974 90.93861914494113 -1.9999999999999998
    vertex 537.5365444696283 91.06128617030049 0.5000000000000004
    vertex 538.4682930319974 90.93861914494113 0.5000000000000004
  endloop
endfacet
facet normal -0.9914448613738126 -0.13052619222003473 -0.0
  outer loop
    vertex 555.6744926832612 50.48500072131019 3.0
    vertex 555.7359420481315 50.0182464553723 -1.9999999999999998
    vertex 555.7359420481315 50.0182464553723 3.0
  endloop
endfacet
facet normal -0.9914448613738126 -0.13052619222003473 -0.0
  outer loop
    vertex 555.7359420481315 50.0182464553723 -1.9999999999999998
    vertex 555.6744926832612 50.48500072131019 3.0
    vertex 555.6744926832612 50.48500072131019 -1.9999999999999998
  endloop
endfacet
facet normal -0.9914448613738133 -0.1305261922200301 -0.0
  outer loop
    vertex 541.9736926832611 75.47400072131005 3.0000000000000013
    vertex 542.0351420481314 75.00724645537213 -1.9999999999999984
    vertex 542.0351420481314 75.00724645537213 3.0000000000000013
  endloop
endfacet
facet normal -0.9914448613738133 -0.1305261922200301 -0.0
  outer loop
    vertex 542.0351420481314 75.00724645537213 -1.9999999999999984
    vertex 541.9736926832611 75.47400072131005 3.0000000000000013
    vertex 541.9736926832611 75.47400072131005 -1.9999999999999984
  endloop
endfacet
facet normal -0.9238795325112941 0.3826834323650719 0.0
  outer loop
    vertex 585.5046926832609 81.53177498370688 3.0000000000000013
    vertex 585.3245322613161 81.09682924964478 -1.9999999999999984
    vertex 585.3245322613161 81.09682924964478 3.0000000000000013
  endloop
endfacet
facet normal -0.9238795325112941 0.3826834323650719 0.0
  outer loop
    vertex 585.3245322613161 81.09682924964478 -1.9999999999999984
    vertex 585.5046926832609 81.53177498370688 3.0000000000000013
    vertex 585.5046926832609 81.53177498370688 -1.9999999999999984
  endloop
endfacet
facet normal -0.793353340291206 0.6087614290087586 0.0
  outer loop
    vertex 585.3245322613161 81.09682924964478 3.0000000000000013
    vertex 585.0379384173231 80.72333288045297 -1.9999999999999984
    vertex 585.0379384173231 80.72333288045297 3.0000000000000013
  endloop
endfacet
facet normal -0.793353340291206 0.6087614290087586 0.0
  outer loop
    vertex 585.0379384173231 80.72333288045297 -1.9999999999999984
    vertex 585.3245322613161 81.09682924964478 3.0000000000000013
    vertex 585.3245322613161 81.09682924964478 -1.9999999999999984
  endloop
endfacet
facet normal 0.13052619221996564 0.9914448613738218 0.0
  outer loop
    vertex 539.7649877821934 73.26529582024237 3.0000000000000013
    vertex 540.2317420481313 73.20384645537212 -1.9999999999999984
    vertex 539.7649877821934 73.26529582024237 -1.9999999999999984
  endloop
endfacet
facet normal 0.13052619221996564 0.9914448613738218 0.0
  outer loop
    vertex 540.2317420481313 73.20384645537212 -1.9999999999999984
    vertex 539.7649877821934 73.26529582024237 3.0000000000000013
    vertex 540.2317420481313 73.20384645537212 3.0000000000000013
  endloop
endfacet
facet normal -0.9999997752365732 -0.0006704676005046691 -0.0
  outer loop
    vertex 588.1539626727194 76.99852924964472 3.0000000000000013
    vertex 588.1771228146293 42.45526916238069 -1.9999999999999998
    vertex 588.1771228146293 42.45526916238069 3.0
  endloop
endfacet
facet normal -0.9999997752365732 -0.0006704676005046691 -0.0
  outer loop
    vertex 588.1771228146293 42.45526916238069 -1.9999999999999998
    vertex 588.1539626727194 76.99852924964472 3.0000000000000013
    vertex 588.1539626727194 76.99852924964472 -1.9999999999999991
  endloop
endfacet
facet normal -0.9914448613738128 0.13052619222003317 0.0
  outer loop
    vertex 542.0351420481314 75.00724645537213 3.0000000000000013
    vertex 541.9736926832611 74.54049218943423 -1.9999999999999984
    vertex 541.9736926832611 74.54049218943423 3.0000000000000013
  endloop
endfacet
facet normal -0.9914448613738128 0.13052619222003317 0.0
  outer loop
    vertex 541.9736926832611 74.54049218943423 -1.9999999999999984
    vertex 542.0351420481314 75.00724645537213 3.0000000000000013
    vertex 542.0351420481314 75.00724645537213 -1.9999999999999984
  endloop
endfacet
facet normal -0.13052619221996564 0.9914448613738218 0.0
  outer loop
    vertex 540.2317420481313 73.20384645537212 3.0000000000000013
    vertex 540.6984963140692 73.26529582024237 -1.9999999999999984
    vertex 540.2317420481313 73.20384645537212 -1.9999999999999984
  endloop
endfacet
facet normal -0.13052619221996564 0.9914448613738218 0.0
  outer loop
    vertex 540.6984963140692 73.26529582024237 -1.9999999999999984
    vertex 540.2317420481313 73.20384645537212 3.0000000000000013
    vertex 540.6984963140692 73.26529582024237 3.0000000000000013
  endloop
endfacet
facet normal -0.9238795325112849 -0.3826834323650946 -0.0
  outer loop
    vertex 578.9331129166859 80.70443402413214 3.0000000000000013
    vertex 579.432615029209 79.49852924964473 -1.9999999999999984
    vertex 579.432615029209 79.49852924964473 3.0000000000000013
  endloop
endfacet
facet normal -0.9238795325112849 -0.3826834323650946 -0.0
  outer loop
    vertex 579.432615029209 79.49852924964473 -1.9999999999999984
    vertex 578.9331129166859 80.70443402413214 3.0000000000000013
    vertex 578.9331129166859 80.70443402413214 -1.9999999999999984
  endloop
endfacet
facet normal -0.99144486137381 -0.13052619222005502 -0.0
  outer loop
    vertex 578.7627420481313 81.99852924964476 3.0000000000000013
    vertex 578.9331129166859 80.70443402413214 -1.9999999999999984
    vertex 578.9331129166859 80.70443402413214 3.0000000000000013
  endloop
endfacet
facet normal -0.99144486137381 -0.13052619222005502 -0.0
  outer loop
    vertex 578.9331129166859 80.70443402413214 -1.9999999999999984
    vertex 578.7627420481313 81.99852924964476 3.0000000000000013
    vertex 578.7627420481313 81.99852924964476 -1.9999999999999984
  endloop
endfacet
facet normal -1.0 0.0 0.0
  outer loop
    vertex 578.7627420481313 97.38281928798806 3.0
    vertex 578.7627420481313 81.99852924964476 -1.9999999999999984
    vertex 578.7627420481313 81.99852924964476 3.0000000000000013
  endloop
endfacet
facet normal -1.0 0.0 0.0
  outer loop
    vertex 578.7627420481313 81.99852924964476 -1.9999999999999984
    vertex 578.7627420481313 97.38281928798806 3.0
    vertex 578.7627420481313 97.38281928798806 -1.9999999999999991
  endloop
endfacet
facet normal -0.6087614290086261 0.7933533402913077 0.0
  outer loop
    vertex 586.330123420068 92.9797734181291 3.0
    vertex 586.702915626204 93.2658269388053 0.5000000000000004
    vertex 586.330123420068 92.9797734181291 0.5000000000000004
  endloop
endfacet
facet normal -0.6087614290086261 0.7933533402913077 0.0
  outer loop
    vertex 586.702915626204 93.2658269388053 0.5000000000000004
    vertex 586.330123420068 92.9797734181291 3.0
    vertex 586.702915626204 93.2658269388053 3.0
  endloop
endfacet
facet normal -0.793353340291257 0.6087614290086921 0.0
  outer loop
    vertex 586.9889691468802 93.6386191449411 3.0
    vertex 586.702915626204 93.2658269388053 0.5000000000000004
    vertex 586.702915626204 93.2658269388053 3.0
  endloop
endfacet
facet normal -0.793353340291257 0.6087614290086921 0.0
  outer loop
    vertex 586.702915626204 93.2658269388053 0.5000000000000004
    vertex 586.9889691468802 93.6386191449411 3.0
    vertex 586.9889691468802 93.6386191449411 0.5000000000000004
  endloop
endfacet
facet normal -0.92387953251133 0.38268343236498564 0.0
  outer loop
    vertex 587.1687899073885 94.07274486375658 3.0
    vertex 586.9889691468802 93.6386191449411 0.5000000000000004
    vertex 586.9889691468802 93.6386191449411 3.0
  endloop
endfacet
facet normal -0.92387953251133 0.38268343236498564 0.0
  outer loop
    vertex 586.9889691468802 93.6386191449411 0.5000000000000004
    vertex 587.1687899073885 94.07274486375658 3.0
    vertex 587.1687899073885 94.07274486375658 0.5000000000000004
  endloop
endfacet
facet normal -0.9914448613737993 0.13052619222013556 0.0
  outer loop
    vertex 587.2301234200681 94.53861914494112 3.0
    vertex 587.1687899073885 94.07274486375658 0.5000000000000004
    vertex 587.1687899073885 94.07274486375658 3.0
  endloop
endfacet
facet normal -0.9914448613737993 0.13052619222013556 0.0
  outer loop
    vertex 587.1687899073885 94.07274486375658 0.5000000000000004
    vertex 587.2301234200681 94.53861914494112 3.0
    vertex 587.2301234200681 94.53861914494112 0.5000000000000004
  endloop
endfacet
facet normal -0.9914448613737993 -0.13052619222013556 -0.0
  outer loop
    vertex 587.1687899073885 95.00449342612568 3.0
    vertex 587.2301234200681 94.53861914494112 0.5000000000000004
    vertex 587.2301234200681 94.53861914494112 3.0
  endloop
endfacet
facet normal -0.9914448613737993 -0.13052619222013556 -0.0
  outer loop
    vertex 587.2301234200681 94.53861914494112 0.5000000000000004
    vertex 587.1687899073885 95.00449342612568 3.0
    vertex 587.1687899073885 95.00449342612568 0.5000000000000004
  endloop
endfacet
facet normal 0.6087614290087401 0.7933533402912203 0.0
  outer loop
    vertex 582.4875456789395 80.72333288045297 3.0000000000000013
    vertex 582.8610420481313 80.43673903645994 -1.9999999999999984
    vertex 582.4875456789395 80.72333288045297 -1.9999999999999984
  endloop
endfacet
facet normal 0.6087614290087401 0.7933533402912203 0.0
  outer loop
    vertex 582.8610420481313 80.43673903645994 -1.9999999999999984
    vertex 582.4875456789395 80.72333288045297 3.0000000000000013
    vertex 582.8610420481313 80.43673903645994 3.0000000000000013
  endloop
endfacet
facet normal 0.6087614290087292 0.7933533402912287 0.0
  outer loop
    vertex 579.8517420481312 54.29657347429453 3.0
    vertex 580.887275954064 53.50198036130507 -1.9999999999999998
    vertex 579.8517420481312 54.29657347429453 -1.9999999999999998
  endloop
endfacet
facet normal 0.6087614290087292 0.7933533402912287 0.0
  outer loop
    vertex 580.887275954064 53.50198036130507 -1.9999999999999998
    vertex 579.8517420481312 54.29657347429453 3.0
    vertex 580.887275954064 53.50198036130507 3.0
  endloop
endfacet
facet normal 0.6087614290087401 -0.7933533402912203 0.0
  outer loop
    vertex 576.4500420481312 51.528236668557184 3.0
    vertex 576.0765456789394 51.24164282456415 -1.9999999999999998
    vertex 576.4500420481312 51.528236668557184 -1.9999999999999998
  endloop
endfacet
facet normal 0.6087614290087401 -0.7933533402912203 0.0
  outer loop
    vertex 576.0765456789394 51.24164282456415 -1.9999999999999998
    vertex 576.4500420481312 51.528236668557184 3.0
    vertex 576.0765456789394 51.24164282456415 3.0
  endloop
endfacet
facet normal 0.9238795325113585 -0.3826834323649168 0.0
  outer loop
    vertex 575.7899518349462 50.86814645537231 -1.9999999999999998
    vertex 575.6097914130015 50.433200721310214 3.0
    vertex 575.6097914130015 50.433200721310214 -1.9999999999999998
  endloop
endfacet
facet normal 0.9238795325113585 -0.3826834323649168 0.0
  outer loop
    vertex 575.6097914130015 50.433200721310214 3.0
    vertex 575.7899518349462 50.86814645537231 -1.9999999999999998
    vertex 575.7899518349462 50.86814645537231 3.0
  endloop
endfacet
facet normal -0.38268343236504154 -0.9238795325113067 -0.0
  outer loop
    vertex 554.8342420481315 51.58003666855719 3.0
    vertex 554.3992963140693 51.76019709050204 -1.9999999999999998
    vertex 554.8342420481315 51.58003666855719 -1.9999999999999998
  endloop
endfacet
facet normal -0.38268343236504154 -0.9238795325113067 -0.0
  outer loop
    vertex 554.3992963140693 51.76019709050204 -1.9999999999999998
    vertex 554.8342420481315 51.58003666855719 3.0
    vertex 554.3992963140693 51.76019709050204 3.0
  endloop
endfacet
facet normal -0.7933533402912017 -0.6087614290087642 -0.0
  outer loop
    vertex 588.0423578497791 40.000853574652226 0.5000000000000004
    vertex 588.6144648911317 39.25526916238065 -1.9999999999999998
    vertex 588.6144648911317 39.25526916238065 0.5000000000000004
  endloop
endfacet
facet normal -0.7933533402912017 -0.6087614290087642 -0.0
  outer loop
    vertex 588.6144648911317 39.25526916238065 -1.9999999999999998
    vertex 588.0423578497791 40.000853574652226 0.5000000000000004
    vertex 588.0423578497791 40.000853574652226 -1.9999999999999998
  endloop
endfacet
facet normal -0.6087614290087189 0.7933533402912365 0.0
  outer loop
    vertex 540.2682930319974 34.376058114266854 0.5000000000000004
    vertex 541.0138774442689 34.94816515561926 -1.9999999999999998
    vertex 540.2682930319974 34.376058114266854 -1.9999999999999998
  endloop
endfacet
facet normal -0.6087614290087189 0.7933533402912365 0.0
  outer loop
    vertex 541.0138774442689 34.94816515561926 -1.9999999999999998
    vertex 540.2682930319974 34.376058114266854 0.5000000000000004
    vertex 541.0138774442689 34.94816515561926 0.5000000000000004
  endloop
endfacet
facet normal -0.1305261922200505 0.9914448613738105 0.0
  outer loop
    vertex 538.4682930319974 90.93861914494113 0.5000000000000004
    vertex 539.4000415943665 91.06128617030048 -1.9999999999999998
    vertex 538.4682930319974 90.93861914494113 -1.9999999999999998
  endloop
endfacet
facet normal -0.1305261922200505 0.9914448613738105 0.0
  outer loop
    vertex 539.4000415943665 91.06128617030048 -1.9999999999999998
    vertex 538.4682930319974 90.93861914494113 0.5000000000000004
    vertex 539.4000415943665 91.06128617030048 0.5000000000000004
  endloop
endfacet
facet normal -0.3826834323650965 0.923879532511284 0.0
  outer loop
    vertex 539.4000415943665 91.06128617030048 0.5000000000000004
    vertex 540.2682930319974 91.42092769131715 -1.9999999999999998
    vertex 539.4000415943665 91.06128617030048 -1.9999999999999998
  endloop
endfacet
facet normal -0.3826834323650965 0.923879532511284 0.0
  outer loop
    vertex 540.2682930319974 91.42092769131715 -1.9999999999999998
    vertex 539.4000415943665 91.06128617030048 0.5000000000000004
    vertex 540.2682930319974 91.42092769131715 0.5000000000000004
  endloop
endfacet
facet normal -0.793353340291257 0.6087614290086921 0.0
  outer loop
    vertex 540.0271387588094 93.6386191449411 3.0
    vertex 539.7410852381332 93.2658269388053 0.5000000000000004
    vertex 539.7410852381332 93.2658269388053 3.0
  endloop
endfacet
facet normal -0.793353340291257 0.6087614290086921 0.0
  outer loop
    vertex 539.7410852381332 93.2658269388053 0.5000000000000004
    vertex 540.0271387588094 93.6386191449411 3.0
    vertex 540.0271387588094 93.6386191449411 0.5000000000000004
  endloop
endfacet
facet normal -0.0 -1.0 -0.0
  outer loop
    vertex 588.1539626727194 76.99852924964472 3.0000000000000013
    vertex 583.7627420481313 76.99852924964472 -1.9999999999999984
    vertex 588.1539626727194 76.99852924964472 -1.9999999999999991
  endloop
endfacet
facet normal -0.0 -1.0 -0.0
  outer loop
    vertex 583.7627420481313 76.99852924964472 -1.9999999999999984
    vertex 588.1539626727194 76.99852924964472 3.0000000000000013
    vertex 583.7627420481313 76.99852924964472 3.0000000000000013
  endloop
endfacet
facet normal -0.13052619222005837 -0.9914448613738096 -0.0
  outer loop
    vertex 583.7627420481313 76.99852924964472 3.0000000000000013
    vertex 582.4686468226187 77.16890011819939 -1.9999999999999984
    vertex 583.7627420481313 76.99852924964472 -1.9999999999999984
  endloop
endfacet
facet normal -0.13052619222005837 -0.9914448613738096 -0.0
  outer loop
    vertex 582.4686468226187 77.16890011819939 -1.9999999999999984
    vertex 583.7627420481313 76.99852924964472 3.0000000000000013
    vertex 582.4686468226187 77.16890011819939 3.0000000000000013
  endloop
endfacet
facet normal -0.3826834323650658 -0.9238795325112967 -0.0
  outer loop
    vertex 582.4686468226187 77.16890011819939 3.0000000000000013
    vertex 581.2627420481311 77.66840223072253 -1.9999999999999984
    vertex 582.4686468226187 77.16890011819939 -1.9999999999999984
  endloop
endfacet
facet normal -0.3826834323650658 -0.9238795325112967 -0.0
  outer loop
    vertex 581.2627420481311 77.66840223072253 -1.9999999999999984
    vertex 582.4686468226187 77.16890011819939 3.0000000000000013
    vertex 581.2627420481311 77.66840223072253 3.0000000000000013
  endloop
endfacet
facet normal -0.13052619222003628 0.9914448613738125 0.0
  outer loop
    vertex 577.3517420481312 48.163046455372296 3.0
    vertex 577.8184963140691 48.22449582024259 -1.9999999999999998
    vertex 577.3517420481312 48.163046455372296 -1.9999999999999998
  endloop
endfacet
facet normal -0.13052619222003628 0.9914448613738125 0.0
  outer loop
    vertex 577.8184963140691 48.22449582024259 -1.9999999999999998
    vertex 577.3517420481312 48.163046455372296 3.0
    vertex 577.8184963140691 48.22449582024259 3.0
  endloop
endfacet
facet normal -0.38268343236512975 0.9238795325112702 0.0
  outer loop
    vertex 577.8184963140691 48.22449582024259 3.0
    vertex 578.2534420481312 48.40465624218744 -1.9999999999999998
    vertex 577.8184963140691 48.22449582024259 -1.9999999999999998
  endloop
endfacet
facet normal -0.38268343236512975 0.9238795325112702 0.0
  outer loop
    vertex 578.2534420481312 48.40465624218744 -1.9999999999999998
    vertex 577.8184963140691 48.22449582024259 3.0
    vertex 578.2534420481312 48.40465624218744 3.0
  endloop
endfacet
facet normal -0.6087614290085699 0.7933533402913507 0.0
  outer loop
    vertex 578.2534420481312 48.40465624218744 3.0
    vertex 578.6269384173231 48.69125008618049 -1.9999999999999998
    vertex 578.2534420481312 48.40465624218744 -1.9999999999999998
  endloop
endfacet
facet normal -0.6087614290085699 0.7933533402913507 0.0
  outer loop
    vertex 578.6269384173231 48.69125008618049 -1.9999999999999998
    vertex 578.2534420481312 48.40465624218744 3.0
    vertex 578.6269384173231 48.69125008618049 3.0
  endloop
endfacet
facet normal -0.7933533402912486 -0.6087614290087033 -0.0
  outer loop
    vertex 579.432615029209 79.49852924964473 3.0000000000000013
    vertex 580.2272081421985 78.462995343712 -1.9999999999999984
    vertex 580.2272081421985 78.462995343712 3.0000000000000013
  endloop
endfacet
facet normal -0.7933533402912486 -0.6087614290087033 -0.0
  outer loop
    vertex 580.2272081421985 78.462995343712 -1.9999999999999984
    vertex 579.432615029209 79.49852924964473 3.0000000000000013
    vertex 579.432615029209 79.49852924964473 -1.9999999999999984
  endloop
endfacet
facet normal 0.3826834323650902 -0.9238795325112866 0.0
  outer loop
    vertex 542.7317420481313 70.67711943644991 3.0000000000000013
    vertex 541.5258372736439 70.17761732392677 -1.9999999999999984
    vertex 542.7317420481313 70.67711943644991 -1.9999999999999984
  endloop
endfacet
facet normal 0.3826834323650902 -0.9238795325112866 0.0
  outer loop
    vertex 541.5258372736439 70.17761732392677 -1.9999999999999984
    vertex 542.7317420481313 70.67711943644991 3.0000000000000013
    vertex 541.5258372736439 70.17761732392677 3.0000000000000013
  endloop
endfacet
facet normal 0.3826834323650625 0.9238795325112981 0.0
  outer loop
    vertex 537.5682930319973 35.9349038410788 3.0
    vertex 538.0024187508128 35.755083080570465 0.5000000000000004
    vertex 537.5682930319973 35.9349038410788 0.5000000000000004
  endloop
endfacet
facet normal 0.3826834323650625 0.9238795325112981 0.0
  outer loop
    vertex 538.0024187508128 35.755083080570465 0.5000000000000004
    vertex 537.5682930319973 35.9349038410788 3.0
    vertex 538.0024187508128 35.755083080570465 3.0
  endloop
endfacet
facet normal 0.7933533402911996 0.6087614290087672 0.0
  outer loop
    vertex 582.3790819838837 35.655269162380655 -1.9999999999999998
    vertex 582.9511890252361 34.90968475010909 0.5000000000000004
    vertex 582.9511890252361 34.90968475010909 -1.9999999999999998
  endloop
endfacet
facet normal 0.7933533402911996 0.6087614290087672 0.0
  outer loop
    vertex 582.9511890252361 34.90968475010909 0.5000000000000004
    vertex 582.3790819838837 35.655269162380655 -1.9999999999999998
    vertex 582.3790819838837 35.655269162380655 0.5000000000000004
  endloop
endfacet
facet normal 0.13052619222004988 0.9914448613738107 0.0
  outer loop
    vertex 538.0024187508128 35.755083080570465 3.0
    vertex 538.4682930319974 35.693749567890784 0.5000000000000004
    vertex 538.0024187508128 35.755083080570465 0.5000000000000004
  endloop
endfacet
facet normal 0.13052619222004988 0.9914448613738107 0.0
  outer loop
    vertex 538.4682930319974 35.693749567890784 0.5000000000000004
    vertex 538.0024187508128 35.755083080570465 3.0
    vertex 538.4682930319974 35.693749567890784 3.0
  endloop
endfacet
facet normal -0.13052619222004988 0.9914448613738107 0.0
  outer loop
    vertex 538.4682930319974 35.693749567890784 3.0
    vertex 538.934167313182 35.755083080570465 0.5000000000000004
    vertex 538.4682930319974 35.693749567890784 0.5000000000000004
  endloop
endfacet
facet normal -0.13052619222004988 0.9914448613738107 0.0
  outer loop
    vertex 538.934167313182 35.755083080570465 0.5000000000000004
    vertex 538.4682930319974 35.693749567890784 3.0
    vertex 538.934167313182 35.755083080570465 3.0
  endloop
endfacet
facet normal -0.7933533402912526 -0.6087614290086979 -0.0
  outer loop
    vertex 586.7695656436435 38.728061368516464 3.0
    vertex 587.0556191643196 38.35526916238067 0.5000000000000004
    vertex 587.0556191643196 38.35526916238067 3.0
  endloop
endfacet
facet normal -0.7933533402912526 -0.6087614290086979 -0.0
  outer loop
    vertex 587.0556191643196 38.35526916238067 0.5000000000000004
    vertex 586.7695656436435 38.728061368516464 3.0
    vertex 586.7695656436435 38.728061368516464 0.5000000000000004
  endloop
endfacet
facet normal 0.0 0.0 -1.0
  outer loop
    vertex 582.019440462867 38.387017724749725 0.5000000000000004
    vertex 582.019440462867 36.52352060001158 0.5000000000000004
    vertex 581.8967734375077 37.45526916238065 0.5000000000000004
  endloop
endfacet
facet normal 0.0 0.0 -1.0
  outer loop
    vertex 582.019440462867 36.52352060001158 0.5000000000000004
    vertex 582.019440462867 38.387017724749725 0.5000000000000004
    vertex 582.3790819838837 39.25526916238065 0.5000000000000004
  endloop
endfacet
facet normal 0.0 0.0 -1.0
  outer loop
    vertex 582.019440462867 36.52352060001158 0.5000000000000004
    vertex 582.3790819838837 39.25526916238065 0.5000000000000004
    vertex 582.3790819838837 35.655269162380655 0.5000000000000004
  endloop
endfacet
facet normal 0.0 0.0 -1.0
  outer loop
    vertex 582.3790819838837 35.655269162380655 0.5000000000000004
    vertex 582.3790819838837 39.25526916238065 0.5000000000000004
    vertex 582.9511890252361 40.000853574652226 0.5000000000000004
  endloop
endfacet
facet normal 0.0 0.0 -1.0
  outer loop
    vertex 582.3790819838837 35.655269162380655 0.5000000000000004
    vertex 582.9511890252361 40.000853574652226 0.5000000000000004
    vertex 582.9511890252361 34.90968475010909 0.5000000000000004
  endloop
endfacet
facet normal 0.0 0.0 -1.0
  outer loop
    vertex 582.9511890252361 34.90968475010909 0.5000000000000004
    vertex 582.9511890252361 40.000853574652226 0.5000000000000004
    vertex 583.6967734375077 40.57296061600463 0.5000000000000004
  endloop
endfacet
facet normal 0.0 0.0 -1.0
  outer loop
    vertex 582.9511890252361 34.90968475010909 0.5000000000000004
    vertex 583.6967734375077 40.57296061600463 0.5000000000000004
    vertex 583.6967734375077 37.45526916238065 0.5000000000000004
  endloop
endfacet
facet normal 0.0 0.0 -1.0
  outer loop
    vertex 583.6967734375077 37.45526916238065 0.5000000000000004
    vertex 583.6967734375077 40.57296061600463 0.5000000000000004
    vertex 583.7581069501873 37.92114344356521 0.5000000000000004
  endloop
endfacet
facet normal 0.0 0.0 -1.0
  outer loop
    vertex 583.7581069501873 37.92114344356521 0.5000000000000004
    vertex 583.6967734375077 40.57296061600463 0.5000000000000004
    vertex 584.5650248751386 40.93260213702129 0.5000000000000004
  endloop
endfacet
facet normal 0.0 0.0 -1.0
  outer loop
    vertex 583.7581069501873 37.92114344356521 0.5000000000000004
    vertex 584.5650248751386 40.93260213702129 0.5000000000000004
    vertex 583.9379277106956 38.35526916238067 0.5000000000000004
  endloop
endfacet
facet normal 0.0 0.0 -1.0
  outer loop
    vertex 583.9379277106956 38.35526916238067 0.5000000000000004
    vertex 584.5650248751386 40.93260213702129 0.5000000000000004
    vertex 584.2239812313718 38.72806136851647 0.5000000000000004
  endloop
endfacet
facet normal 0.0 0.0 -1.0
  outer loop
    vertex 584.2239812313718 38.72806136851647 0.5000000000000004
    vertex 584.5650248751386 40.93260213702129 0.5000000000000004
    vertex 584.5967734375076 39.01411488919268 0.5000000000000004
  endloop
endfacet
facet normal 0.0 0.0 -1.0
  outer loop
    vertex 584.5967734375076 39.01411488919268 0.5000000000000004
    vertex 584.5650248751386 40.93260213702129 0.5000000000000004
    vertex 585.4967734375076 41.05526916238065 0.5000000000000004
  endloop
endfacet
facet normal 0.0 0.0 -1.0
  outer loop
    vertex 584.5967734375076 39.01411488919268 0.5000000000000004
    vertex 585.4967734375076 41.05526916238065 0.5000000000000004
    vertex 585.0308991563231 39.19393564970102 0.5000000000000004
  endloop
endfacet
facet normal 0.0 0.0 -1.0
  outer loop
    vertex 585.0308991563231 39.19393564970102 0.5000000000000004
    vertex 585.4967734375076 41.05526916238065 0.5000000000000004
    vertex 585.4967734375076 39.2552691623807 0.5000000000000004
  endloop
endfacet
facet normal 0.0 0.0 -1.0
  outer loop
    vertex 585.4967734375076 39.2552691623807 0.5000000000000004
    vertex 585.4967734375076 41.05526916238065 0.5000000000000004
    vertex 586.4285219998767 40.93260213702129 0.5000000000000004
  endloop
endfacet
facet normal 0.0 0.0 -1.0
  outer loop
    vertex 585.4967734375076 39.2552691623807 0.5000000000000004
    vertex 586.4285219998767 40.93260213702129 0.5000000000000004
    vertex 585.9626477186922 39.19393564970102 0.5000000000000004
  endloop
endfacet
facet normal 0.0 0.0 -1.0
  outer loop
    vertex 585.9626477186922 39.19393564970102 0.5000000000000004
    vertex 586.4285219998767 40.93260213702129 0.5000000000000004
    vertex 586.3967734375077 39.01411488919268 0.5000000000000004
  endloop
endfacet
facet normal 0.0 0.0 -1.0
  outer loop
    vertex 586.3967734375077 39.01411488919268 0.5000000000000004
    vertex 586.4285219998767 40.93260213702129 0.5000000000000004
    vertex 586.7695656436435 38.728061368516464 0.5000000000000004
  endloop
endfacet
facet normal 0.0 0.0 -1.0
  outer loop
    vertex 586.7695656436435 38.728061368516464 0.5000000000000004
    vertex 586.4285219998767 40.93260213702129 0.5000000000000004
    vertex 587.2967734375077 40.57296061600463 0.5000000000000004
  endloop
endfacet
facet normal 0.0 0.0 -1.0
  outer loop
    vertex 586.7695656436435 38.728061368516464 0.5000000000000004
    vertex 587.2967734375077 40.57296061600463 0.5000000000000004
    vertex 587.0556191643196 38.35526916238067 0.5000000000000004
  endloop
endfacet
facet normal 0.0 0.0 -1.0
  outer loop
    vertex 587.0556191643196 38.35526916238067 0.5000000000000004
    vertex 587.2967734375077 40.57296061600463 0.5000000000000004
    vertex 587.2354399248279 37.92114344356521 0.5000000000000004
  endloop
endfacet
facet normal 0.0 0.0 -1.0
  outer loop
    vertex 587.2354399248279 37.92114344356521 0.5000000000000004
    vertex 587.2967734375077 40.57296061600463 0.5000000000000004
    vertex 587.2967734375077 37.45526916238065 0.5000000000000004
  endloop
endfacet
facet normal 0.0 0.0 -1.0
  outer loop
    vertex 587.2967734375077 37.45526916238065 0.5000000000000004
    vertex 587.2967734375077 40.57296061600463 0.5000000000000004
    vertex 588.0423578497791 40.000853574652226 0.5000000000000004
  endloop
endfacet
facet normal 0.0 0.0 -1.0
  outer loop
    vertex 583.6967734375077 37.45526916238065 0.5000000000000004
    vertex 583.6967734375077 34.33757770875668 0.5000000000000004
    vertex 582.9511890252361 34.90968475010909 0.5000000000000004
  endloop
endfacet
facet normal 0.0 0.0 -1.0
  outer loop
    vertex 583.6967734375077 34.33757770875668 0.5000000000000004
    vertex 583.6967734375077 37.45526916238065 0.5000000000000004
    vertex 583.7581069501873 36.989394881196105 0.5000000000000004
  endloop
endfacet
facet normal 0.0 0.0 -1.0
  outer loop
    vertex 583.6967734375077 34.33757770875668 0.5000000000000004
    vertex 583.7581069501873 36.989394881196105 0.5000000000000004
    vertex 584.5650248751386 33.97793618774001 0.5000000000000004
  endloop
endfacet
facet normal 0.0 0.0 -1.0
  outer loop
    vertex 584.5650248751386 33.97793618774001 0.5000000000000004
    vertex 583.7581069501873 36.989394881196105 0.5000000000000004
    vertex 583.9379277106956 36.55526916238063 0.5000000000000004
  endloop
endfacet
facet normal 0.0 0.0 -1.0
  outer loop
    vertex 584.5650248751386 33.97793618774001 0.5000000000000004
    vertex 583.9379277106956 36.55526916238063 0.5000000000000004
    vertex 584.2239812313718 36.18247695624484 0.5000000000000004
  endloop
endfacet
facet normal 0.0 0.0 -1.0
  outer loop
    vertex 584.5650248751386 33.97793618774001 0.5000000000000004
    vertex 584.2239812313718 36.18247695624484 0.5000000000000004
    vertex 584.5967734375076 35.89642343556863 0.5000000000000004
  endloop
endfacet
facet normal 0.0 0.0 -1.0
  outer loop
    vertex 584.5650248751386 33.97793618774001 0.5000000000000004
    vertex 584.5967734375076 35.89642343556863 0.5000000000000004
    vertex 585.4967734375076 33.85526916238066 0.5000000000000004
  endloop
endfacet
facet normal 0.0 0.0 -1.0
  outer loop
    vertex 585.4967734375076 33.85526916238066 0.5000000000000004
    vertex 584.5967734375076 35.89642343556863 0.5000000000000004
    vertex 585.0308991563231 35.716602675060294 0.5000000000000004
  endloop
endfacet
facet normal 0.0 0.0 -1.0
  outer loop
    vertex 585.4967734375076 33.85526916238066 0.5000000000000004
    vertex 585.0308991563231 35.716602675060294 0.5000000000000004
    vertex 585.4967734375076 35.65526916238061 0.5000000000000004
  endloop
endfacet
facet normal 0.0 0.0 -1.0
  outer loop
    vertex 585.4967734375076 33.85526916238066 0.5000000000000004
    vertex 585.4967734375076 35.65526916238061 0.5000000000000004
    vertex 585.9626477186922 35.716602675060294 0.5000000000000004
  endloop
endfacet
facet normal 0.0 0.0 -1.0
  outer loop
    vertex 585.4967734375076 33.85526916238066 0.5000000000000004
    vertex 585.9626477186922 35.716602675060294 0.5000000000000004
    vertex 586.4285219998767 33.97793618774001 0.5000000000000004
  endloop
endfacet
facet normal 0.0 0.0 -1.0
  outer loop
    vertex 586.4285219998767 33.97793618774001 0.5000000000000004
    vertex 585.9626477186922 35.716602675060294 0.5000000000000004
    vertex 586.3967734375076 35.89642343556863 0.5000000000000004
  endloop
endfacet
facet normal 0.0 0.0 -1.0
  outer loop
    vertex 586.4285219998767 33.97793618774001 0.5000000000000004
    vertex 586.3967734375076 35.89642343556863 0.5000000000000004
    vertex 586.7695656436435 36.182476956244834 0.5000000000000004
  endloop
endfacet
facet normal 0.0 0.0 -1.0
  outer loop
    vertex 586.4285219998767 33.97793618774001 0.5000000000000004
    vertex 586.7695656436435 36.182476956244834 0.5000000000000004
    vertex 587.2967734375076 34.33757770875668 0.5000000000000004
  endloop
endfacet
facet normal 0.0 0.0 -1.0
  outer loop
    vertex 587.2967734375076 34.33757770875668 0.5000000000000004
    vertex 586.7695656436435 36.182476956244834 0.5000000000000004
    vertex 587.0556191643196 36.55526916238063 0.5000000000000004
  endloop
endfacet
facet normal 0.0 0.0 -1.0
  outer loop
    vertex 587.2967734375076 34.33757770875668 0.5000000000000004
    vertex 587.0556191643196 36.55526916238063 0.5000000000000004
    vertex 587.2354399248279 36.989394881196105 0.5000000000000004
  endloop
endfacet
facet normal 0.0 0.0 -1.0
  outer loop
    vertex 587.2967734375076 34.33757770875668 0.5000000000000004
    vertex 587.2354399248279 36.989394881196105 0.5000000000000004
    vertex 587.2967734375077 37.45526916238065 0.5000000000000004
  endloop
endfacet
facet normal 0.0 0.0 -1.0
  outer loop
    vertex 587.2967734375076 34.33757770875668 0.5000000000000004
    vertex 587.2967734375077 37.45526916238065 0.5000000000000004
    vertex 588.0423578497791 34.909684750109086 0.5000000000000004
  endloop
endfacet
facet normal 0.0 0.0 -1.0
  outer loop
    vertex 588.0423578497791 34.909684750109086 0.5000000000000004
    vertex 587.2967734375077 37.45526916238065 0.5000000000000004
    vertex 588.0423578497791 40.000853574652226 0.5000000000000004
  endloop
endfacet
facet normal 0.0 0.0 -1.0
  outer loop
    vertex 588.0423578497791 34.909684750109086 0.5000000000000004
    vertex 588.0423578497791 40.000853574652226 0.5000000000000004
    vertex 588.6144648911317 39.25526916238065 0.5000000000000004
  endloop
endfacet
facet normal 0.0 0.0 -1.0
  outer loop
    vertex 588.0423578497791 34.909684750109086 0.5000000000000004
    vertex 588.6144648911317 39.25526916238065 0.5000000000000004
    vertex 588.6144648911317 35.655269162380655 0.5000000000000004
  endloop
endfacet
facet normal 0.0 0.0 -1.0
  outer loop
    vertex 588.6144648911317 35.655269162380655 0.5000000000000004
    vertex 588.6144648911317 39.25526916238065 0.5000000000000004
    vertex 588.9741064121483 38.387017724749725 0.5000000000000004
  endloop
endfacet
facet normal 0.0 0.0 -1.0
  outer loop
    vertex 588.6144648911317 35.655269162380655 0.5000000000000004
    vertex 588.9741064121483 38.387017724749725 0.5000000000000004
    vertex 588.9741064121483 36.52352060001158 0.5000000000000004
  endloop
endfacet
facet normal 0.0 0.0 -1.0
  outer loop
    vertex 588.9741064121483 36.52352060001158 0.5000000000000004
    vertex 588.9741064121483 38.387017724749725 0.5000000000000004
    vertex 589.0967734375076 37.45526916238065 0.5000000000000004
  endloop
endfacet
facet normal -0.608761429008734 -0.793353340291225 -0.0
  outer loop
    vertex 586.7695656436435 38.728061368516464 3.0
    vertex 586.3967734375077 39.01411488919268 0.5000000000000004
    vertex 586.7695656436435 38.728061368516464 0.5000000000000004
  endloop
endfacet
facet normal -0.608761429008734 -0.793353340291225 -0.0
  outer loop
    vertex 586.3967734375077 39.01411488919268 0.5000000000000004
    vertex 586.7695656436435 38.728061368516464 3.0
    vertex 586.3967734375077 39.01411488919268 3.0
  endloop
endfacet
facet normal 0.7933533402911312 0.6087614290088561 0.0
  outer loop
    vertex 552.3707518349464 49.11654645537229 -1.9999999999999998
    vertex 552.6573456789396 48.74305008618046 3.0
    vertex 552.6573456789396 48.74305008618046 -1.9999999999999998
  endloop
endfacet
facet normal 0.7933533402911312 0.6087614290088561 0.0
  outer loop
    vertex 552.6573456789396 48.74305008618046 3.0
    vertex 552.3707518349464 49.11654645537229 -1.9999999999999998
    vertex 552.3707518349464 49.11654645537229 3.0
  endloop
endfacet
facet normal 0.6087614290087401 0.7933533402912203 0.0
  outer loop
    vertex 552.6573456789396 48.74305008618046 3.0
    vertex 553.0308420481314 48.45645624218743 -1.9999999999999998
    vertex 552.6573456789396 48.74305008618046 -1.9999999999999998
  endloop
endfacet
facet normal 0.6087614290087401 0.7933533402912203 0.0
  outer loop
    vertex 553.0308420481314 48.45645624218743 -1.9999999999999998
    vertex 552.6573456789396 48.74305008618046 3.0
    vertex 553.0308420481314 48.45645624218743 3.0
  endloop
endfacet
facet normal 0.38268343236512975 0.9238795325112702 0.0
  outer loop
    vertex 553.0308420481314 48.45645624218743 3.0
    vertex 553.4657877821934 48.27629582024257 -1.9999999999999998
    vertex 553.0308420481314 48.45645624218743 -1.9999999999999998
  endloop
endfacet
facet normal 0.38268343236512975 0.9238795325112702 0.0
  outer loop
    vertex 553.4657877821934 48.27629582024257 -1.9999999999999998
    vertex 553.0308420481314 48.45645624218743 3.0
    vertex 553.4657877821934 48.27629582024257 3.0
  endloop
endfacet
facet normal 0.13052619222005982 0.9914448613738093 0.0
  outer loop
    vertex 553.4657877821934 48.27629582024257 3.0
    vertex 553.9325420481313 48.21484645537227 -1.9999999999999998
    vertex 553.4657877821934 48.27629582024257 -1.9999999999999998
  endloop
endfacet
facet normal 0.13052619222005982 0.9914448613738093 0.0
  outer loop
    vertex 553.9325420481313 48.21484645537227 -1.9999999999999998
    vertex 553.4657877821934 48.27629582024257 3.0
    vertex 553.9325420481313 48.21484645537227 3.0
  endloop
endfacet
facet normal -0.13052619222005982 0.9914448613738093 0.0
  outer loop
    vertex 553.9325420481313 48.21484645537227 3.0
    vertex 554.3992963140693 48.27629582024257 -1.9999999999999998
    vertex 553.9325420481313 48.21484645537227 -1.9999999999999998
  endloop
endfacet
facet normal -0.13052619222005982 0.9914448613738093 0.0
  outer loop
    vertex 554.3992963140693 48.27629582024257 -1.9999999999999998
    vertex 553.9325420481313 48.21484645537227 3.0
    vertex 554.3992963140693 48.27629582024257 3.0
  endloop
endfacet
facet normal 0.9914448613738126 -0.13052619222003473 0.0
  outer loop
    vertex 552.1905914130017 50.48500072131019 -1.9999999999999998
    vertex 552.1291420481314 50.0182464553723 3.0
    vertex 552.1291420481314 50.0182464553723 -1.9999999999999998
  endloop
endfacet
facet normal 0.9914448613738126 -0.13052619222003473 0.0
  outer loop
    vertex 552.1291420481314 50.0182464553723 3.0
    vertex 552.1905914130017 50.48500072131019 -1.9999999999999998
    vertex 552.1905914130017 50.48500072131019 3.0
  endloop
endfacet
facet normal 0.13052619222003628 -0.9914448613738125 0.0
  outer loop
    vertex 577.3517420481312 51.76984645537235 3.0
    vertex 576.8849877821933 51.70839709050206 -1.9999999999999998
    vertex 577.3517420481312 51.76984645537235 -1.9999999999999998
  endloop
endfacet
facet normal 0.13052619222003628 -0.9914448613738125 0.0
  outer loop
    vertex 576.8849877821933 51.70839709050206 -1.9999999999999998
    vertex 577.3517420481312 51.76984645537235 3.0
    vertex 576.8849877821933 51.70839709050206 3.0
  endloop
endfacet
facet normal 0.9914448613738125 0.13052619222003628 0.0
  outer loop
    vertex 552.1291420481314 50.0182464553723 -1.9999999999999998
    vertex 552.1905914130017 49.551492189434406 3.0
    vertex 552.1905914130017 49.551492189434406 -1.9999999999999998
  endloop
endfacet
facet normal 0.9914448613738125 0.13052619222003628 0.0
  outer loop
    vertex 552.1905914130017 49.551492189434406 3.0
    vertex 552.1291420481314 50.0182464553723 -1.9999999999999998
    vertex 552.1291420481314 50.0182464553723 3.0
  endloop
endfacet
facet normal 0.6087614290087189 -0.7933533402912365 0.0
  outer loop
    vertex 583.6301234200681 97.6563105985651 0.5000000000000004
    vertex 582.8845390077965 97.08420355721269 -1.9999999999999998
    vertex 583.6301234200681 97.6563105985651 -1.9999999999999998
  endloop
endfacet
facet normal 0.6087614290087189 -0.7933533402912365 0.0
  outer loop
    vertex 582.8845390077965 97.08420355721269 -1.9999999999999998
    vertex 583.6301234200681 97.6563105985651 0.5000000000000004
    vertex 582.8845390077965 97.08420355721269 0.5000000000000004
  endloop
endfacet
facet normal 0.9238795325113655 0.3826834323648998 0.0
  outer loop
    vertex 552.1905914130017 49.551492189434406 -1.9999999999999998
    vertex 552.3707518349464 49.11654645537229 3.0
    vertex 552.3707518349464 49.11654645537229 -1.9999999999999998
  endloop
endfacet
facet normal 0.9238795325113655 0.3826834323648998 0.0
  outer loop
    vertex 552.3707518349464 49.11654645537229 3.0
    vertex 552.1905914130017 49.551492189434406 -1.9999999999999998
    vertex 552.1905914130017 49.551492189434406 3.0
  endloop
endfacet
facet normal 0.991444861373812 0.1305261922200394 0.0
  outer loop
    vertex 575.5483420481312 49.96644645537231 -1.9999999999999998
    vertex 575.6097914130015 49.499692189434434 3.0
    vertex 575.6097914130015 49.499692189434434 -1.9999999999999998
  endloop
endfacet
facet normal 0.991444861373812 0.1305261922200394 0.0
  outer loop
    vertex 575.6097914130015 49.499692189434434 3.0
    vertex 575.5483420481312 49.96644645537231 -1.9999999999999998
    vertex 575.5483420481312 49.96644645537231 3.0
  endloop
endfacet
facet normal 0.9914448613738128 -0.13052619222003317 0.0
  outer loop
    vertex 575.6097914130015 50.433200721310214 -1.9999999999999998
    vertex 575.5483420481312 49.96644645537231 3.0
    vertex 575.5483420481312 49.96644645537231 -1.9999999999999998
  endloop
endfacet
facet normal 0.9914448613738128 -0.13052619222003317 0.0
  outer loop
    vertex 575.5483420481312 49.96644645537231 3.0
    vertex 575.6097914130015 50.433200721310214 -1.9999999999999998
    vertex 575.6097914130015 50.433200721310214 3.0
  endloop
endfacet
facet normal -0.9914448613738128 -0.13052619222003317 -0.0
  outer loop
    vertex 579.093692683261 50.433200721310214 3.0
    vertex 579.1551420481313 49.96644645537231 -1.9999999999999998
    vertex 579.1551420481313 49.96644645537231 3.0
  endloop
endfacet
facet normal -0.9914448613738128 -0.13052619222003317 -0.0
  outer loop
    vertex 579.1551420481313 49.96644645537231 -1.9999999999999998
    vertex 579.093692683261 50.433200721310214 3.0
    vertex 579.093692683261 50.433200721310214 -1.9999999999999998
  endloop
endfacet
facet normal -0.3826834323650902 0.9238795325112866 0.0
  outer loop
    vertex 551.4325420481314 54.34837347429452 3.0
    vertex 552.6384468226188 54.84787558681767 -1.9999999999999998
    vertex 551.4325420481314 54.34837347429452 -1.9999999999999998
  endloop
endfacet
facet normal -0.3826834323650902 0.9238795325112866 0.0
  outer loop
    vertex 552.6384468226188 54.84787558681767 -1.9999999999999998
    vertex 551.4325420481314 54.34837347429452 3.0
    vertex 552.6384468226188 54.84787558681767 3.0
  endloop
endfacet
facet normal -0.13052619222005837 0.9914448613738096 0.0
  outer loop
    vertex 552.6384468226188 54.84787558681767 3.0
    vertex 553.9325420481313 55.018246455372335 -1.9999999999999998
    vertex 552.6384468226188 54.84787558681767 -1.9999999999999998
  endloop
endfacet
facet normal -0.13052619222005837 0.9914448613738096 0.0
  outer loop
    vertex 553.9325420481313 55.018246455372335 -1.9999999999999998
    vertex 552.6384468226188 54.84787558681767 3.0
    vertex 553.9325420481313 55.018246455372335 3.0
  endloop
endfacet
facet normal -0.6087614290086261 0.7933533402913077 0.0
  outer loop
    vertex 539.3682930319974 92.9797734181291 3.0
    vertex 539.7410852381332 93.2658269388053 0.5000000000000004
    vertex 539.3682930319974 92.9797734181291 0.5000000000000004
  endloop
endfacet
facet normal -0.6087614290086261 0.7933533402913077 0.0
  outer loop
    vertex 539.7410852381332 93.2658269388053 0.5000000000000004
    vertex 539.3682930319974 92.9797734181291 3.0
    vertex 539.7410852381332 93.2658269388053 3.0
  endloop
endfacet
facet normal 1.0 -7.300842401050806e-15 -1.2354352260825271e-14
  outer loop
    vertex 566.3417694505016 40.25018917843515 13.240000000001404
    vertex 566.3417694505016 36.250189178435065 16.240000000001473
    vertex 566.3417694505016 36.25018917843504 13.240000000001471
  endloop
endfacet
facet normal 1.0 -7.300842401050806e-15 -1.2354352260825271e-14
  outer loop
    vertex 566.3417694505016 36.250189178435065 16.240000000001473
    vertex 566.3417694505016 40.25018917843515 13.240000000001404
    vertex 566.3417694505016 43.2501891784351 16.24000000000153
  endloop
endfacet
facet normal 1.0 -7.300842401050806e-15 -1.2354352260825271e-14
  outer loop
    vertex 566.3417694505016 43.2501891784351 16.24000000000153
    vertex 566.3417694505016 40.25018917843515 13.240000000001404
    vertex 566.3417694505013 40.25018917843562 3.0000000000013185
  endloop
endfacet
facet normal 1.0 -7.300842401050806e-15 -1.2354352260825271e-14
  outer loop
    vertex 566.3417694505016 43.2501891784351 16.24000000000153
    vertex 566.3417694505013 40.25018917843562 3.0000000000013185
    vertex 566.3417694505016 43.25018917843515 3.0
  endloop
endfacet
facet normal -0.38268343236515096 0.9238795325112614 0.0
  outer loop
    vertex 538.934167313182 92.79995265762076 3.0
    vertex 539.3682930319974 92.9797734181291 0.5000000000000004
    vertex 538.934167313182 92.79995265762076 0.5000000000000004
  endloop
endfacet
facet normal -0.38268343236515096 0.9238795325112614 0.0
  outer loop
    vertex 539.3682930319974 92.9797734181291 0.5000000000000004
    vertex 538.934167313182 92.79995265762076 3.0
    vertex 539.3682930319974 92.9797734181291 3.0
  endloop
endfacet
facet normal 0.6087614290087691 0.7933533402911982 0.0
  outer loop
    vertex 535.9227086197259 34.948165155619265 0.5000000000000004
    vertex 536.6682930319973 34.376058114266854 -1.9999999999999998
    vertex 535.9227086197259 34.948165155619265 -1.9999999999999998
  endloop
endfacet
facet normal 0.6087614290087691 0.7933533402911982 0.0
  outer loop
    vertex 536.6682930319973 34.376058114266854 -1.9999999999999998
    vertex 535.9227086197259 34.948165155619265 0.5000000000000004
    vertex 536.6682930319973 34.376058114266854 0.5000000000000004
  endloop
endfacet
facet normal -0.13052619222003808 0.9914448613738123 0.0
  outer loop
    vertex 538.4682930319974 92.73861914494108 3.0
    vertex 538.934167313182 92.79995265762076 0.5000000000000004
    vertex 538.4682930319974 92.73861914494108 0.5000000000000004
  endloop
endfacet
facet normal -0.13052619222003808 0.9914448613738123 0.0
  outer loop
    vertex 538.934167313182 92.79995265762076 0.5000000000000004
    vertex 538.4682930319974 92.73861914494108 3.0
    vertex 538.934167313182 92.79995265762076 3.0
  endloop
endfacet
facet normal 0.92387953251133 0.38268343236498564 0.0
  outer loop
    vertex 536.7296265446771 37.027875286706276 0.5000000000000004
    vertex 536.9094473051854 36.59374956789081 3.0
    vertex 536.9094473051854 36.59374956789081 0.5000000000000004
  endloop
endfacet
facet normal 0.92387953251133 0.38268343236498564 0.0
  outer loop
    vertex 536.9094473051854 36.59374956789081 3.0
    vertex 536.7296265446771 37.027875286706276 0.5000000000000004
    vertex 536.7296265446771 37.027875286706276 3.0
  endloop
endfacet
facet normal 0.3826834323651093 0.9238795325112786 0.0
  outer loop
    vertex 576.4500420481312 48.40465624218744 3.0
    vertex 576.8849877821933 48.224495820242595 -1.9999999999999998
    vertex 576.4500420481312 48.40465624218744 -1.9999999999999998
  endloop
endfacet
facet normal 0.3826834323651093 0.9238795325112786 0.0
  outer loop
    vertex 576.8849877821933 48.224495820242595 -1.9999999999999998
    vertex 576.4500420481312 48.40465624218744 3.0
    vertex 576.8849877821933 48.224495820242595 3.0
  endloop
endfacet
facet normal 0.7933533402912017 -0.6087614290087642 0.0
  outer loop
    vertex 582.8845390077965 97.08420355721269 -1.9999999999999998
    vertex 582.3124319664441 96.33861914494112 0.5000000000000004
    vertex 582.3124319664441 96.33861914494112 -1.9999999999999998
  endloop
endfacet
facet normal 0.7933533402912017 -0.6087614290087642 0.0
  outer loop
    vertex 582.3124319664441 96.33861914494112 0.5000000000000004
    vertex 582.8845390077965 97.08420355721269 -1.9999999999999998
    vertex 582.8845390077965 97.08420355721269 0.5000000000000004
  endloop
endfacet
facet normal 0.3826834323650574 0.9238795325113002 0.0
  outer loop
    vertex 583.6967734375077 34.33757770875668 0.5000000000000004
    vertex 584.5650248751386 33.97793618774001 -1.9999999999999998
    vertex 583.6967734375077 34.33757770875668 -1.9999999999999998
  endloop
endfacet
facet normal 0.3826834323650574 0.9238795325113002 0.0
  outer loop
    vertex 584.5650248751386 33.97793618774001 -1.9999999999999998
    vertex 583.6967734375077 34.33757770875668 0.5000000000000004
    vertex 584.5650248751386 33.97793618774001 0.5000000000000004
  endloop
endfacet
facet normal -0.13052619222004988 0.9914448613738107 0.0
  outer loop
    vertex 585.4967734375076 35.65526916238061 3.0
    vertex 585.9626477186922 35.716602675060294 0.5000000000000004
    vertex 585.4967734375076 35.65526916238061 0.5000000000000004
  endloop
endfacet
facet normal -0.13052619222004988 0.9914448613738107 0.0
  outer loop
    vertex 585.9626477186922 35.716602675060294 0.5000000000000004
    vertex 585.4967734375076 35.65526916238061 3.0
    vertex 585.9626477186922 35.716602675060294 3.0
  endloop
endfacet
facet normal 0.6087614290087189 0.7933533402912365 0.0
  outer loop
    vertex 537.1955008258616 93.2658269388053 3.0
    vertex 537.5682930319973 92.9797734181291 0.5000000000000004
    vertex 537.1955008258616 93.2658269388053 0.5000000000000004
  endloop
endfacet
facet normal 0.6087614290087189 0.7933533402912365 0.0
  outer loop
    vertex 537.5682930319973 92.9797734181291 0.5000000000000004
    vertex 537.1955008258616 93.2658269388053 3.0
    vertex 537.5682930319973 92.9797734181291 3.0
  endloop
endfacet
facet normal 0.38268343236508306 0.9238795325112896 0.0
  outer loop
    vertex 537.5682930319973 92.9797734181291 3.0
    vertex 538.0024187508128 92.79995265762076 0.5000000000000004
    vertex 537.5682930319973 92.9797734181291 0.5000000000000004
  endloop
endfacet
facet normal 0.38268343236508306 0.9238795325112896 0.0
  outer loop
    vertex 538.0024187508128 92.79995265762076 0.5000000000000004
    vertex 537.5682930319973 92.9797734181291 3.0
    vertex 538.0024187508128 92.79995265762076 3.0
  endloop
endfacet
facet normal 0.13052619222003808 0.9914448613738123 0.0
  outer loop
    vertex 538.0024187508128 92.79995265762076 3.0
    vertex 538.4682930319974 92.73861914494108 0.5000000000000004
    vertex 538.0024187508128 92.79995265762076 0.5000000000000004
  endloop
endfacet
facet normal 0.13052619222003808 0.9914448613738123 0.0
  outer loop
    vertex 538.4682930319974 92.73861914494108 0.5000000000000004
    vertex 538.0024187508128 92.79995265762076 3.0
    vertex 538.4682930319974 92.73861914494108 3.0
  endloop
endfacet
facet normal 0.6276324692125472 -0.7785097838756819 3.9493410319823985e-14
  outer loop
    vertex 549.737308888032 40.25018917843556 2.99999999999991
    vertex 544.914209141713 36.361819287988084 -1.9999999999999998
    vertex 549.737308888032 40.2501891784351 -1.9999999999999998
  endloop
endfacet
facet normal 0.6276324692125472 -0.7785097838756819 3.9493410319823985e-14
  outer loop
    vertex 544.914209141713 36.361819287988084 -1.9999999999999998
    vertex 549.737308888032 40.25018917843556 2.99999999999991
    vertex 544.914209141713 36.361819287988084 3.0
  endloop
endfacet
facet normal 0.9238795325112925 -0.382683432365076 0.0
  outer loop
    vertex 582.3124319664441 96.33861914494112 -1.9999999999999998
    vertex 581.9527904454275 95.4703677073102 0.5000000000000004
    vertex 581.9527904454275 95.4703677073102 -1.9999999999999998
  endloop
endfacet
facet normal 0.9238795325112925 -0.382683432365076 0.0
  outer loop
    vertex 581.9527904454275 95.4703677073102 0.5000000000000004
    vertex 582.3124319664441 96.33861914494112 -1.9999999999999998
    vertex 582.3124319664441 96.33861914494112 0.5000000000000004
  endloop
endfacet
facet normal 0.9914448613738114 -0.1305261922200443 0.0
  outer loop
    vertex 581.9527904454275 95.4703677073102 -1.9999999999999998
    vertex 581.8301234200682 94.53861914494112 0.5000000000000004
    vertex 581.8301234200682 94.53861914494112 -1.9999999999999998
  endloop
endfacet
facet normal 0.9914448613738114 -0.1305261922200443 0.0
  outer loop
    vertex 581.8301234200682 94.53861914494112 0.5000000000000004
    vertex 581.9527904454275 95.4703677073102 -1.9999999999999998
    vertex 581.9527904454275 95.4703677073102 0.5000000000000004
  endloop
endfacet
facet normal 0.9914448613738112 0.13052619222004583 0.0
  outer loop
    vertex 581.8301234200682 94.53861914494112 -1.9999999999999998
    vertex 581.9527904454275 93.60687058257206 0.5000000000000004
    vertex 581.9527904454275 93.60687058257206 -1.9999999999999998
  endloop
endfacet
facet normal 0.9914448613738112 0.13052619222004583 0.0
  outer loop
    vertex 581.9527904454275 93.60687058257206 0.5000000000000004
    vertex 581.8301234200682 94.53861914494112 -1.9999999999999998
    vertex 581.8301234200682 94.53861914494112 0.5000000000000004
  endloop
endfacet
facet normal 0.793353340291257 0.6087614290086921 0.0
  outer loop
    vertex 536.9094473051854 93.6386191449411 0.5000000000000004
    vertex 537.1955008258616 93.2658269388053 3.0
    vertex 537.1955008258616 93.2658269388053 0.5000000000000004
  endloop
endfacet
facet normal 0.793353340291257 0.6087614290086921 0.0
  outer loop
    vertex 537.1955008258616 93.2658269388053 3.0
    vertex 536.9094473051854 93.6386191449411 0.5000000000000004
    vertex 536.9094473051854 93.6386191449411 3.0
  endloop
endfacet
facet normal -0.6087614290087189 0.7933533402912365 0.0
  outer loop
    vertex 540.2682930319974 91.42092769131715 0.5000000000000004
    vertex 541.0138774442689 91.99303473266956 -1.9999999999999998
    vertex 540.2682930319974 91.42092769131715 -1.9999999999999998
  endloop
endfacet
facet normal -0.6087614290087189 0.7933533402912365 0.0
  outer loop
    vertex 541.0138774442689 91.99303473266956 -1.9999999999999998
    vertex 540.2682930319974 91.42092769131715 0.5000000000000004
    vertex 541.0138774442689 91.99303473266956 0.5000000000000004
  endloop
endfacet
facet normal -0.6087614290085699 0.7933533402913507 0.0
  outer loop
    vertex 554.8342420481313 48.456456242187414 3.0
    vertex 555.2077384173233 48.74305008618046 -1.9999999999999998
    vertex 554.8342420481313 48.456456242187414 -1.9999999999999998
  endloop
endfacet
facet normal -0.6087614290085699 0.7933533402913507 0.0
  outer loop
    vertex 555.2077384173233 48.74305008618046 -1.9999999999999998
    vertex 554.8342420481313 48.456456242187414 3.0
    vertex 555.2077384173233 48.74305008618046 3.0
  endloop
endfacet
facet normal 0.793353340291206 -0.6087614290087586 0.0
  outer loop
    vertex 582.4875456789395 83.27372561883654 -1.9999999999999984
    vertex 582.2009518349464 82.90022924964472 3.0000000000000013
    vertex 582.2009518349464 82.90022924964472 -1.9999999999999984
  endloop
endfacet
facet normal 0.793353340291206 -0.6087614290087586 0.0
  outer loop
    vertex 582.2009518349464 82.90022924964472 3.0000000000000013
    vertex 582.4875456789395 83.27372561883654 -1.9999999999999984
    vertex 582.4875456789395 83.27372561883654 3.0000000000000013
  endloop
endfacet
facet normal 0.92387953251133 0.38268343236498564 0.0
  outer loop
    vertex 536.7296265446771 94.07274486375658 0.5000000000000004
    vertex 536.9094473051854 93.6386191449411 3.0
    vertex 536.9094473051854 93.6386191449411 0.5000000000000004
  endloop
endfacet
facet normal 0.92387953251133 0.38268343236498564 0.0
  outer loop
    vertex 536.9094473051854 93.6386191449411 3.0
    vertex 536.7296265446771 94.07274486375658 0.5000000000000004
    vertex 536.7296265446771 94.07274486375658 3.0
  endloop
endfacet
facet normal 6.754410736644958e-15 -1.0 1.5227819005759103e-13
  outer loop
    vertex 566.3417694505013 40.25018917843562 3.0000000000013185
    vertex 557.9917694505014 40.2501891784351 -1.9999999999984108
    vertex 566.3417694505013 40.25018917843516 -1.9999999999985907
  endloop
endfacet
facet normal 6.754410736644958e-15 -1.0 1.5227819005759103e-13
  outer loop
    vertex 557.9917694505014 40.2501891784351 -1.9999999999984108
    vertex 566.3417694505013 40.25018917843562 3.0000000000013185
    vertex 557.9917694505014 40.25018917843556 3.000000000001499
  endloop
endfacet
facet normal 0.9914448613737993 -0.13052619222013556 0.0
  outer loop
    vertex 536.7296265446771 95.00449342612568 0.5000000000000004
    vertex 536.6682930319973 94.53861914494112 3.0
    vertex 536.6682930319973 94.53861914494112 0.5000000000000004
  endloop
endfacet
facet normal 0.9914448613737993 -0.13052619222013556 0.0
  outer loop
    vertex 536.6682930319973 94.53861914494112 3.0
    vertex 536.7296265446771 95.00449342612568 0.5000000000000004
    vertex 536.7296265446771 95.00449342612568 3.0
  endloop
endfacet
facet normal 0.9914448613737993 0.13052619222013556 0.0
  outer loop
    vertex 536.6682930319973 94.53861914494112 0.5000000000000004
    vertex 536.7296265446771 94.07274486375658 3.0
    vertex 536.7296265446771 94.07274486375658 0.5000000000000004
  endloop
endfacet
facet normal 0.9914448613737993 0.13052619222013556 0.0
  outer loop
    vertex 536.7296265446771 94.07274486375658 3.0
    vertex 536.6682930319973 94.53861914494112 0.5000000000000004
    vertex 536.6682930319973 94.53861914494112 3.0
  endloop
endfacet
facet normal 0.92387953251133 -0.38268343236498564 0.0
  outer loop
    vertex 536.9094473051854 95.43861914494114 0.5000000000000004
    vertex 536.7296265446771 95.00449342612568 3.0
    vertex 536.7296265446771 95.00449342612568 0.5000000000000004
  endloop
endfacet
facet normal 0.92387953251133 -0.38268343236498564 0.0
  outer loop
    vertex 536.7296265446771 95.00449342612568 3.0
    vertex 536.9094473051854 95.43861914494114 0.5000000000000004
    vertex 536.9094473051854 95.43861914494114 3.0
  endloop
endfacet
facet normal 0.9238795325112943 0.3826834323650718 0.0
  outer loop
    vertex 581.9527904454275 93.60687058257206 -1.9999999999999998
    vertex 582.3124319664441 92.73861914494113 0.5000000000000004
    vertex 582.3124319664441 92.73861914494113 -1.9999999999999998
  endloop
endfacet
facet normal 0.9238795325112943 0.3826834323650718 0.0
  outer loop
    vertex 582.3124319664441 92.73861914494113 0.5000000000000004
    vertex 581.9527904454275 93.60687058257206 -1.9999999999999998
    vertex 581.9527904454275 93.60687058257206 0.5000000000000004
  endloop
endfacet
facet normal -1.0 -3.486429414898045e-15 2.0397907078004568e-14
  outer loop
    vertex 557.9917694505017 36.2501891784351 16.24000000000158
    vertex 557.9917694505016 40.250189178435136 13.240000000001581
    vertex 557.9917694505016 36.25018917843508 13.24000000000158
  endloop
endfacet
facet normal -1.0 -3.486429414898045e-15 2.0397907078004568e-14
  outer loop
    vertex 557.9917694505016 40.250189178435136 13.240000000001581
    vertex 557.9917694505017 36.2501891784351 16.24000000000158
    vertex 557.9917694505016 43.25018917843511 16.240000000001643
  endloop
endfacet
facet normal -1.0 -3.486429414898045e-15 2.0397907078004568e-14
  outer loop
    vertex 557.9917694505016 40.250189178435136 13.240000000001581
    vertex 557.9917694505016 43.25018917843511 16.240000000001643
    vertex 557.9917694505014 40.25018917843556 3.000000000001499
  endloop
endfacet
facet normal -1.0 -3.486429414898045e-15 2.0397907078004568e-14
  outer loop
    vertex 557.9917694505014 40.25018917843556 3.000000000001499
    vertex 557.9917694505016 43.25018917843511 16.240000000001643
    vertex 557.9917694505014 43.25018917843515 3.0
  endloop
endfacet
facet normal 0.38268343236512975 0.9238795325112702 0.0
  outer loop
    vertex 539.3300420481313 73.44545624218723 3.0000000000000013
    vertex 539.7649877821934 73.26529582024237 -1.9999999999999984
    vertex 539.3300420481313 73.44545624218723 -1.9999999999999984
  endloop
endfacet
facet normal 0.38268343236512975 0.9238795325112702 0.0
  outer loop
    vertex 539.7649877821934 73.26529582024237 -1.9999999999999984
    vertex 539.3300420481313 73.44545624218723 3.0000000000000013
    vertex 539.7649877821934 73.26529582024237 3.0000000000000013
  endloop
endfacet
facet normal -0.13052619222003628 -0.9914448613738125 -0.0
  outer loop
    vertex 584.2294963140691 83.74047988477442 3.0000000000000013
    vertex 583.7627420481313 83.8019292496447 -1.9999999999999984
    vertex 584.2294963140691 83.74047988477442 -1.9999999999999984
  endloop
endfacet
facet normal -0.13052619222003628 -0.9914448613738125 -0.0
  outer loop
    vertex 583.7627420481313 83.8019292496447 -1.9999999999999984
    vertex 584.2294963140691 83.74047988477442 3.0000000000000013
    vertex 583.7627420481313 83.8019292496447 3.0000000000000013
  endloop
endfacet
facet normal -0.9914448613738117 0.1305261922200425 0.0
  outer loop
    vertex 585.5661420481312 81.99852924964476 3.0000000000000013
    vertex 585.5046926832609 81.53177498370688 -1.9999999999999984
    vertex 585.5046926832609 81.53177498370688 3.0000000000000013
  endloop
endfacet
facet normal -0.9914448613738117 0.1305261922200425 0.0
  outer loop
    vertex 585.5046926832609 81.53177498370688 -1.9999999999999984
    vertex 585.5661420481312 81.99852924964476 3.0000000000000013
    vertex 585.5661420481312 81.99852924964476 -1.9999999999999984
  endloop
endfacet
facet normal -0.9238795325112925 0.382683432365076 0.0
  outer loop
    vertex 541.945626006638 36.56200100552175 0.5000000000000004
    vertex 541.5859844856213 35.69374956789083 -1.9999999999999998
    vertex 541.5859844856213 35.69374956789083 0.5000000000000004
  endloop
endfacet
facet normal -0.9238795325112925 0.382683432365076 0.0
  outer loop
    vertex 541.5859844856213 35.69374956789083 -1.9999999999999998
    vertex 541.945626006638 36.56200100552175 0.5000000000000004
    vertex 541.945626006638 36.56200100552175 -1.9999999999999998
  endloop
endfacet
facet normal -0.7933533402913164 0.608761429008615 0.0
  outer loop
    vertex 555.4943322613162 49.11654645537229 3.0
    vertex 555.2077384173233 48.74305008618046 -1.9999999999999998
    vertex 555.2077384173233 48.74305008618046 3.0
  endloop
endfacet
facet normal -0.7933533402913164 0.608761429008615 0.0
  outer loop
    vertex 555.2077384173233 48.74305008618046 -1.9999999999999998
    vertex 555.4943322613162 49.11654645537229 3.0
    vertex 555.4943322613162 49.11654645537229 -1.9999999999999998
  endloop
endfacet
facet normal 0.793353340291257 -0.6087614290086921 0.0
  outer loop
    vertex 537.1955008258616 95.81141135107694 0.5000000000000004
    vertex 536.9094473051854 95.43861914494114 3.0
    vertex 536.9094473051854 95.43861914494114 0.5000000000000004
  endloop
endfacet
facet normal 0.793353340291257 -0.6087614290086921 0.0
  outer loop
    vertex 536.9094473051854 95.43861914494114 3.0
    vertex 537.1955008258616 95.81141135107694 0.5000000000000004
    vertex 537.1955008258616 95.81141135107694 3.0
  endloop
endfacet
facet normal -0.3826834323650574 -0.9238795325113002 -0.0
  outer loop
    vertex 540.2682930319975 40.6114410215148 0.5000000000000004
    vertex 539.4000415943665 40.97108254253147 -1.9999999999999998
    vertex 540.2682930319975 40.6114410215148 -1.9999999999999998
  endloop
endfacet
facet normal -0.3826834323650574 -0.9238795325113002 -0.0
  outer loop
    vertex 539.4000415943665 40.97108254253147 -1.9999999999999998
    vertex 540.2682930319975 40.6114410215148 0.5000000000000004
    vertex 539.4000415943665 40.97108254253147 0.5000000000000004
  endloop
endfacet
facet normal -0.6087614290087653 -0.793353340291201 -0.0
  outer loop
    vertex 541.0138774442689 97.08420355721269 0.5000000000000004
    vertex 540.2682930319975 97.6563105985651 -1.9999999999999998
    vertex 541.0138774442689 97.08420355721269 -1.9999999999999998
  endloop
endfacet
facet normal -0.6087614290087653 -0.793353340291201 -0.0
  outer loop
    vertex 540.2682930319975 97.6563105985651 -1.9999999999999998
    vertex 541.0138774442689 97.08420355721269 0.5000000000000004
    vertex 540.2682930319975 97.6563105985651 0.5000000000000004
  endloop
endfacet
facet normal 0.9238795325112933 -0.38268343236507385 0.0
  outer loop
    vertex 582.3790819838837 39.25526916238065 -1.9999999999999998
    vertex 582.019440462867 38.387017724749725 0.5000000000000004
    vertex 582.019440462867 38.387017724749725 -1.9999999999999998
  endloop
endfacet
facet normal 0.9238795325112933 -0.38268343236507385 0.0
  outer loop
    vertex 582.019440462867 38.387017724749725 0.5000000000000004
    vertex 582.3790819838837 39.25526916238065 -1.9999999999999998
    vertex 582.3790819838837 39.25526916238065 0.5000000000000004
  endloop
endfacet
facet normal 0.6087614290086261 -0.7933533402913077 0.0
  outer loop
    vertex 537.5682930319974 96.09746487175315 3.0
    vertex 537.1955008258616 95.81141135107694 0.5000000000000004
    vertex 537.5682930319974 96.09746487175315 0.5000000000000004
  endloop
endfacet
facet normal 0.6087614290086261 -0.7933533402913077 0.0
  outer loop
    vertex 537.1955008258616 95.81141135107694 0.5000000000000004
    vertex 537.5682930319974 96.09746487175315 3.0
    vertex 537.1955008258616 95.81141135107694 3.0
  endloop
endfacet
facet normal 0.7933533402911996 0.6087614290087672 0.0
  outer loop
    vertex 535.3506015783734 35.69374956789083 -1.9999999999999998
    vertex 535.9227086197259 34.948165155619265 0.5000000000000004
    vertex 535.9227086197259 34.948165155619265 -1.9999999999999998
  endloop
endfacet
facet normal 0.7933533402911996 0.6087614290087672 0.0
  outer loop
    vertex 535.9227086197259 34.948165155619265 0.5000000000000004
    vertex 535.3506015783734 35.69374956789083 -1.9999999999999998
    vertex 535.3506015783734 35.69374956789083 0.5000000000000004
  endloop
endfacet
facet normal 0.38268343236515096 -0.9238795325112614 0.0
  outer loop
    vertex 538.0024187508128 96.2772856322615 3.0
    vertex 537.5682930319974 96.09746487175315 0.5000000000000004
    vertex 538.0024187508128 96.2772856322615 0.5000000000000004
  endloop
endfacet
facet normal 0.38268343236515096 -0.9238795325112614 0.0
  outer loop
    vertex 537.5682930319974 96.09746487175315 0.5000000000000004
    vertex 538.0024187508128 96.2772856322615 3.0
    vertex 537.5682930319974 96.09746487175315 3.0
  endloop
endfacet
facet normal 1.0 0.0 0.0
  outer loop
    vertex 593.1539626727194 102.38281928798806 -1.9999999999999998
    vertex 593.1539626727194 31.36181928798808 3.0
    vertex 593.1539626727194 31.36181928798808 -1.9999999999999998
  endloop
endfacet
facet normal 1.0 0.0 0.0
  outer loop
    vertex 593.1539626727194 31.36181928798808 3.0
    vertex 593.1539626727194 102.38281928798806 -1.9999999999999998
    vertex 593.1539626727194 102.38281928798806 3.0
  endloop
endfacet
facet normal -0.92387953251133 0.38268343236498564 0.0
  outer loop
    vertex 587.2354399248279 36.989394881196105 3.0
    vertex 587.0556191643196 36.55526916238063 0.5000000000000004
    vertex 587.0556191643196 36.55526916238063 3.0
  endloop
endfacet
facet normal -0.92387953251133 0.38268343236498564 0.0
  outer loop
    vertex 587.0556191643196 36.55526916238063 0.5000000000000004
    vertex 587.2354399248279 36.989394881196105 3.0
    vertex 587.2354399248279 36.989394881196105 0.5000000000000004
  endloop
endfacet
facet normal 0.7933533402912017 0.6087614290087642 0.0
  outer loop
    vertex 582.3124319664441 92.73861914494113 -1.9999999999999998
    vertex 582.8845390077965 91.99303473266956 0.5000000000000004
    vertex 582.8845390077965 91.99303473266956 -1.9999999999999998
  endloop
endfacet
facet normal 0.7933533402912017 0.6087614290087642 0.0
  outer loop
    vertex 582.8845390077965 91.99303473266956 0.5000000000000004
    vertex 582.3124319664441 92.73861914494113 -1.9999999999999998
    vertex 582.3124319664441 92.73861914494113 0.5000000000000004
  endloop
endfacet
facet normal 0.923879532511369 0.38268343236489144 0.0
  outer loop
    vertex 575.6097914130015 49.499692189434434 -1.9999999999999998
    vertex 575.7899518349462 49.0647464553723 3.0
    vertex 575.7899518349462 49.0647464553723 -1.9999999999999998
  endloop
endfacet
facet normal 0.923879532511369 0.38268343236489144 0.0
  outer loop
    vertex 575.7899518349462 49.0647464553723 3.0
    vertex 575.6097914130015 49.499692189434434 -1.9999999999999998
    vertex 575.6097914130015 49.499692189434434 3.0
  endloop
endfacet
facet normal -0.38268343236513047 0.92387953251127 0.0
  outer loop
    vertex 585.9626477186922 35.716602675060294 3.0
    vertex 586.3967734375076 35.89642343556863 0.5000000000000004
    vertex 585.9626477186922 35.716602675060294 0.5000000000000004
  endloop
endfacet
facet normal -0.38268343236513047 0.92387953251127 0.0
  outer loop
    vertex 586.3967734375076 35.89642343556863 0.5000000000000004
    vertex 585.9626477186922 35.716602675060294 3.0
    vertex 586.3967734375076 35.89642343556863 3.0
  endloop
endfacet
facet normal 0.6087614290087653 0.793353340291201 0.0
  outer loop
    vertex 582.8845390077965 91.99303473266956 0.5000000000000004
    vertex 583.6301234200681 91.42092769131715 -1.9999999999999998
    vertex 582.8845390077965 91.99303473266956 -1.9999999999999998
  endloop
endfacet
facet normal 0.6087614290087653 0.793353340291201 0.0
  outer loop
    vertex 583.6301234200681 91.42092769131715 -1.9999999999999998
    vertex 582.8845390077965 91.99303473266956 0.5000000000000004
    vertex 583.6301234200681 91.42092769131715 0.5000000000000004
  endloop
endfacet
facet normal -0.1305261922200564 -0.9914448613738099 -0.0
  outer loop
    vertex 539.4000415943665 40.97108254253147 0.5000000000000004
    vertex 538.4682930319974 41.093749567890825 -1.9999999999999998
    vertex 539.4000415943665 40.97108254253147 -1.9999999999999998
  endloop
endfacet
facet normal -0.1305261922200564 -0.9914448613738099 -0.0
  outer loop
    vertex 538.4682930319974 41.093749567890825 -1.9999999999999998
    vertex 539.4000415943665 40.97108254253147 0.5000000000000004
    vertex 538.4682930319974 41.093749567890825 0.5000000000000004
  endloop
endfacet
facet normal 0.13052619222003808 -0.9914448613738123 0.0
  outer loop
    vertex 538.4682930319974 96.33861914494116 3.0
    vertex 538.0024187508128 96.2772856322615 0.5000000000000004
    vertex 538.4682930319974 96.33861914494116 0.5000000000000004
  endloop
endfacet
facet normal 0.13052619222003808 -0.9914448613738123 0.0
  outer loop
    vertex 538.0024187508128 96.2772856322615 0.5000000000000004
    vertex 538.4682930319974 96.33861914494116 3.0
    vertex 538.0024187508128 96.2772856322615 3.0
  endloop
endfacet
facet normal -0.13052619222003808 -0.9914448613738123 -0.0
  outer loop
    vertex 538.934167313182 96.2772856322615 3.0
    vertex 538.4682930319974 96.33861914494116 0.5000000000000004
    vertex 538.934167313182 96.2772856322615 0.5000000000000004
  endloop
endfacet
facet normal -0.13052619222003808 -0.9914448613738123 -0.0
  outer loop
    vertex 538.4682930319974 96.33861914494116 0.5000000000000004
    vertex 538.934167313182 96.2772856322615 3.0
    vertex 538.4682930319974 96.33861914494116 3.0
  endloop
endfacet
facet normal 0.3826834323650574 0.9238795325113002 0.0
  outer loop
    vertex 536.6682930319973 34.376058114266854 0.5000000000000004
    vertex 537.5365444696283 34.01641659325019 -1.9999999999999998
    vertex 536.6682930319973 34.376058114266854 -1.9999999999999998
  endloop
endfacet
facet normal 0.3826834323650574 0.9238795325113002 0.0
  outer loop
    vertex 537.5365444696283 34.01641659325019 -1.9999999999999998
    vertex 536.6682930319973 34.376058114266854 0.5000000000000004
    vertex 537.5365444696283 34.01641659325019 0.5000000000000004
  endloop
endfacet
facet normal 0.7933533402911223 0.6087614290088676 0.0
  outer loop
    vertex 575.7899518349462 49.0647464553723 -1.9999999999999998
    vertex 576.0765456789394 48.69125008618049 3.0
    vertex 576.0765456789394 48.69125008618049 -1.9999999999999998
  endloop
endfacet
facet normal 0.7933533402911223 0.6087614290088676 0.0
  outer loop
    vertex 576.0765456789394 48.69125008618049 3.0
    vertex 575.7899518349462 49.0647464553723 -1.9999999999999998
    vertex 575.7899518349462 49.0647464553723 3.0
  endloop
endfacet
facet normal 0.6087614290087552 0.7933533402912087 0.0
  outer loop
    vertex 576.0765456789394 48.69125008618049 3.0
    vertex 576.4500420481312 48.40465624218744 -1.9999999999999998
    vertex 576.0765456789394 48.69125008618049 -1.9999999999999998
  endloop
endfacet
facet normal 0.6087614290087552 0.7933533402912087 0.0
  outer loop
    vertex 576.4500420481312 48.40465624218744 -1.9999999999999998
    vertex 576.0765456789394 48.69125008618049 3.0
    vertex 576.4500420481312 48.40465624218744 3.0
  endloop
endfacet
facet normal 0.0 -1.0 0.0
  outer loop
    vertex 540.2317420481313 70.0072464553721 -1.9999999999999984
    vertex 535.1509626727195 70.0072464553721 3.0
    vertex 535.1509626727195 70.0072464553721 -1.9999999999999991
  endloop
endfacet
facet normal 0.0 -1.0 0.0
  outer loop
    vertex 535.1509626727195 70.0072464553721 3.0
    vertex 540.2317420481313 70.0072464553721 -1.9999999999999984
    vertex 540.2317420481313 70.0072464553721 3.0000000000000013
  endloop
endfacet
facet normal 0.0 0.0 -1.0
  outer loop
    vertex 534.9909600573568 38.4254981302599 0.5000000000000004
    vertex 534.9909600573568 36.56200100552176 0.5000000000000004
    vertex 534.8682930319974 37.49374956789083 0.5000000000000004
  endloop
endfacet
facet normal 0.0 0.0 -1.0
  outer loop
    vertex 534.9909600573568 36.56200100552176 0.5000000000000004
    vertex 534.9909600573568 38.4254981302599 0.5000000000000004
    vertex 535.3506015783734 39.29374956789083 0.5000000000000004
  endloop
endfacet
facet normal 0.0 0.0 -1.0
  outer loop
    vertex 534.9909600573568 36.56200100552176 0.5000000000000004
    vertex 535.3506015783734 39.29374956789083 0.5000000000000004
    vertex 535.3506015783734 35.69374956789083 0.5000000000000004
  endloop
endfacet
facet normal 0.0 0.0 -1.0
  outer loop
    vertex 535.3506015783734 35.69374956789083 0.5000000000000004
    vertex 535.3506015783734 39.29374956789083 0.5000000000000004
    vertex 535.9227086197259 40.0393339801624 0.5000000000000004
  endloop
endfacet
facet normal 0.0 0.0 -1.0
  outer loop
    vertex 535.3506015783734 35.69374956789083 0.5000000000000004
    vertex 535.9227086197259 40.0393339801624 0.5000000000000004
    vertex 535.9227086197259 34.948165155619265 0.5000000000000004
  endloop
endfacet
facet normal 0.0 0.0 -1.0
  outer loop
    vertex 535.9227086197259 34.948165155619265 0.5000000000000004
    vertex 535.9227086197259 40.0393339801624 0.5000000000000004
    vertex 536.6682930319975 40.6114410215148 0.5000000000000004
  endloop
endfacet
facet normal 0.0 0.0 -1.0
  outer loop
    vertex 535.9227086197259 34.948165155619265 0.5000000000000004
    vertex 536.6682930319975 40.6114410215148 0.5000000000000004
    vertex 536.6682930319973 37.49374956789083 0.5000000000000004
  endloop
endfacet
facet normal 0.0 0.0 -1.0
  outer loop
    vertex 536.6682930319973 37.49374956789083 0.5000000000000004
    vertex 536.6682930319975 40.6114410215148 0.5000000000000004
    vertex 536.7296265446771 37.95962384907538 0.5000000000000004
  endloop
endfacet
facet normal 0.0 0.0 -1.0
  outer loop
    vertex 536.7296265446771 37.95962384907538 0.5000000000000004
    vertex 536.6682930319975 40.6114410215148 0.5000000000000004
    vertex 537.5365444696283 40.97108254253147 0.5000000000000004
  endloop
endfacet
facet normal 0.0 0.0 -1.0
  outer loop
    vertex 536.7296265446771 37.95962384907538 0.5000000000000004
    vertex 537.5365444696283 40.97108254253147 0.5000000000000004
    vertex 536.9094473051854 38.39374956789085 0.5000000000000004
  endloop
endfacet
facet normal 0.0 0.0 -1.0
  outer loop
    vertex 536.9094473051854 38.39374956789085 0.5000000000000004
    vertex 537.5365444696283 40.97108254253147 0.5000000000000004
    vertex 537.1955008258616 38.76654177402665 0.5000000000000004
  endloop
endfacet
facet normal 0.0 0.0 -1.0
  outer loop
    vertex 537.1955008258616 38.76654177402665 0.5000000000000004
    vertex 537.5365444696283 40.97108254253147 0.5000000000000004
    vertex 537.5682930319974 39.052595294702854 0.5000000000000004
  endloop
endfacet
facet normal 0.0 0.0 -1.0
  outer loop
    vertex 537.5682930319974 39.052595294702854 0.5000000000000004
    vertex 537.5365444696283 40.97108254253147 0.5000000000000004
    vertex 538.4682930319974 41.093749567890825 0.5000000000000004
  endloop
endfacet
facet normal 0.0 0.0 -1.0
  outer loop
    vertex 537.5682930319974 39.052595294702854 0.5000000000000004
    vertex 538.4682930319974 41.093749567890825 0.5000000000000004
    vertex 538.0024187508128 39.23241605521119 0.5000000000000004
  endloop
endfacet
facet normal 0.0 0.0 -1.0
  outer loop
    vertex 538.0024187508128 39.23241605521119 0.5000000000000004
    vertex 538.4682930319974 41.093749567890825 0.5000000000000004
    vertex 538.4682930319974 39.29374956789087 0.5000000000000004
  endloop
endfacet
facet normal 0.0 0.0 -1.0
  outer loop
    vertex 538.4682930319974 39.29374956789087 0.5000000000000004
    vertex 538.4682930319974 41.093749567890825 0.5000000000000004
    vertex 539.4000415943665 40.97108254253147 0.5000000000000004
  endloop
endfacet
facet normal 0.0 0.0 -1.0
  outer loop
    vertex 538.4682930319974 39.29374956789087 0.5000000000000004
    vertex 539.4000415943665 40.97108254253147 0.5000000000000004
    vertex 538.934167313182 39.23241605521119 0.5000000000000004
  endloop
endfacet
facet normal 0.0 0.0 -1.0
  outer loop
    vertex 538.934167313182 39.23241605521119 0.5000000000000004
    vertex 539.4000415943665 40.97108254253147 0.5000000000000004
    vertex 539.3682930319975 39.052595294702854 0.5000000000000004
  endloop
endfacet
facet normal 0.0 0.0 -1.0
  outer loop
    vertex 539.3682930319975 39.052595294702854 0.5000000000000004
    vertex 539.4000415943665 40.97108254253147 0.5000000000000004
    vertex 539.7410852381332 38.76654177402664 0.5000000000000004
  endloop
endfacet
facet normal 0.0 0.0 -1.0
  outer loop
    vertex 539.7410852381332 38.76654177402664 0.5000000000000004
    vertex 539.4000415943665 40.97108254253147 0.5000000000000004
    vertex 540.2682930319975 40.6114410215148 0.5000000000000004
  endloop
endfacet
facet normal 0.0 0.0 -1.0
  outer loop
    vertex 539.7410852381332 38.76654177402664 0.5000000000000004
    vertex 540.2682930319975 40.6114410215148 0.5000000000000004
    vertex 540.0271387588094 38.39374956789085 0.5000000000000004
  endloop
endfacet
facet normal 0.0 0.0 -1.0
  outer loop
    vertex 540.0271387588094 38.39374956789085 0.5000000000000004
    vertex 540.2682930319975 40.6114410215148 0.5000000000000004
    vertex 540.2069595193177 37.95962384907538 0.5000000000000004
  endloop
endfacet
facet normal 0.0 0.0 -1.0
  outer loop
    vertex 540.2069595193177 37.95962384907538 0.5000000000000004
    vertex 540.2682930319975 40.6114410215148 0.5000000000000004
    vertex 540.2682930319975 37.49374956789083 0.5000000000000004
  endloop
endfacet
facet normal 0.0 0.0 -1.0
  outer loop
    vertex 540.2682930319975 37.49374956789083 0.5000000000000004
    vertex 540.2682930319975 40.6114410215148 0.5000000000000004
    vertex 541.0138774442689 40.0393339801624 0.5000000000000004
  endloop
endfacet
facet normal 0.0 0.0 -1.0
  outer loop
    vertex 536.6682930319973 37.49374956789083 0.5000000000000004
    vertex 536.6682930319973 34.376058114266854 0.5000000000000004
    vertex 535.9227086197259 34.948165155619265 0.5000000000000004
  endloop
endfacet
facet normal 0.0 0.0 -1.0
  outer loop
    vertex 536.6682930319973 34.376058114266854 0.5000000000000004
    vertex 536.6682930319973 37.49374956789083 0.5000000000000004
    vertex 536.7296265446771 37.027875286706276 0.5000000000000004
  endloop
endfacet
facet normal 0.0 0.0 -1.0
  outer loop
    vertex 536.6682930319973 34.376058114266854 0.5000000000000004
    vertex 536.7296265446771 37.027875286706276 0.5000000000000004
    vertex 537.5365444696283 34.01641659325019 0.5000000000000004
  endloop
endfacet
facet normal 0.0 0.0 -1.0
  outer loop
    vertex 537.5365444696283 34.01641659325019 0.5000000000000004
    vertex 536.7296265446771 37.027875286706276 0.5000000000000004
    vertex 536.9094473051854 36.59374956789081 0.5000000000000004
  endloop
endfacet
facet normal 0.0 0.0 -1.0
  outer loop
    vertex 537.5365444696283 34.01641659325019 0.5000000000000004
    vertex 536.9094473051854 36.59374956789081 0.5000000000000004
    vertex 537.1955008258616 36.22095736175502 0.5000000000000004
  endloop
endfacet
facet normal 0.0 0.0 -1.0
  outer loop
    vertex 537.5365444696283 34.01641659325019 0.5000000000000004
    vertex 537.1955008258616 36.22095736175502 0.5000000000000004
    vertex 537.5682930319973 35.9349038410788 0.5000000000000004
  endloop
endfacet
facet normal 0.0 0.0 -1.0
  outer loop
    vertex 537.5365444696283 34.01641659325019 0.5000000000000004
    vertex 537.5682930319973 35.9349038410788 0.5000000000000004
    vertex 538.4682930319974 33.893749567890836 0.5000000000000004
  endloop
endfacet
facet normal 0.0 0.0 -1.0
  outer loop
    vertex 538.4682930319974 33.893749567890836 0.5000000000000004
    vertex 537.5682930319973 35.9349038410788 0.5000000000000004
    vertex 538.0024187508128 35.755083080570465 0.5000000000000004
  endloop
endfacet
facet normal 0.0 0.0 -1.0
  outer loop
    vertex 538.4682930319974 33.893749567890836 0.5000000000000004
    vertex 538.0024187508128 35.755083080570465 0.5000000000000004
    vertex 538.4682930319974 35.693749567890784 0.5000000000000004
  endloop
endfacet
facet normal 0.0 0.0 -1.0
  outer loop
    vertex 538.4682930319974 33.893749567890836 0.5000000000000004
    vertex 538.4682930319974 35.693749567890784 0.5000000000000004
    vertex 538.934167313182 35.755083080570465 0.5000000000000004
  endloop
endfacet
facet normal 0.0 0.0 -1.0
  outer loop
    vertex 538.4682930319974 33.893749567890836 0.5000000000000004
    vertex 538.934167313182 35.755083080570465 0.5000000000000004
    vertex 539.4000415943665 34.01641659325019 0.5000000000000004
  endloop
endfacet
facet normal 0.0 0.0 -1.0
  outer loop
    vertex 539.4000415943665 34.01641659325019 0.5000000000000004
    vertex 538.934167313182 35.755083080570465 0.5000000000000004
    vertex 539.3682930319974 35.9349038410788 0.5000000000000004
  endloop
endfacet
facet normal 0.0 0.0 -1.0
  outer loop
    vertex 539.4000415943665 34.01641659325019 0.5000000000000004
    vertex 539.3682930319974 35.9349038410788 0.5000000000000004
    vertex 539.7410852381332 36.22095736175501 0.5000000000000004
  endloop
endfacet
facet normal 0.0 0.0 -1.0
  outer loop
    vertex 539.4000415943665 34.01641659325019 0.5000000000000004
    vertex 539.7410852381332 36.22095736175501 0.5000000000000004
    vertex 540.2682930319974 34.376058114266854 0.5000000000000004
  endloop
endfacet
facet normal 0.0 0.0 -1.0
  outer loop
    vertex 540.2682930319974 34.376058114266854 0.5000000000000004
    vertex 539.7410852381332 36.22095736175501 0.5000000000000004
    vertex 540.0271387588094 36.59374956789081 0.5000000000000004
  endloop
endfacet
facet normal 0.0 0.0 -1.0
  outer loop
    vertex 540.2682930319974 34.376058114266854 0.5000000000000004
    vertex 540.0271387588094 36.59374956789081 0.5000000000000004
    vertex 540.2069595193177 37.027875286706276 0.5000000000000004
  endloop
endfacet
facet normal 0.0 0.0 -1.0
  outer loop
    vertex 540.2682930319974 34.376058114266854 0.5000000000000004
    vertex 540.2069595193177 37.027875286706276 0.5000000000000004
    vertex 540.2682930319975 37.49374956789083 0.5000000000000004
  endloop
endfacet
facet normal 0.0 0.0 -1.0
  outer loop
    vertex 540.2682930319974 34.376058114266854 0.5000000000000004
    vertex 540.2682930319975 37.49374956789083 0.5000000000000004
    vertex 541.0138774442689 34.94816515561926 0.5000000000000004
  endloop
endfacet
facet normal 0.0 0.0 -1.0
  outer loop
    vertex 541.0138774442689 34.94816515561926 0.5000000000000004
    vertex 540.2682930319975 37.49374956789083 0.5000000000000004
    vertex 541.0138774442689 40.0393339801624 0.5000000000000004
  endloop
endfacet
facet normal 0.0 0.0 -1.0
  outer loop
    vertex 541.0138774442689 34.94816515561926 0.5000000000000004
    vertex 541.0138774442689 40.0393339801624 0.5000000000000004
    vertex 541.5859844856213 39.29374956789083 0.5000000000000004
  endloop
endfacet
facet normal 0.0 0.0 -1.0
  outer loop
    vertex 541.0138774442689 34.94816515561926 0.5000000000000004
    vertex 541.5859844856213 39.29374956789083 0.5000000000000004
    vertex 541.5859844856213 35.69374956789083 0.5000000000000004
  endloop
endfacet
facet normal 0.0 0.0 -1.0
  outer loop
    vertex 541.5859844856213 35.69374956789083 0.5000000000000004
    vertex 541.5859844856213 39.29374956789083 0.5000000000000004
    vertex 541.945626006638 38.4254981302599 0.5000000000000004
  endloop
endfacet
facet normal 0.0 0.0 -1.0
  outer loop
    vertex 541.5859844856213 35.69374956789083 0.5000000000000004
    vertex 541.945626006638 38.4254981302599 0.5000000000000004
    vertex 541.945626006638 36.56200100552175 0.5000000000000004
  endloop
endfacet
facet normal 0.0 0.0 -1.0
  outer loop
    vertex 541.945626006638 36.56200100552175 0.5000000000000004
    vertex 541.945626006638 38.4254981302599 0.5000000000000004
    vertex 542.0682930319974 37.49374956789083 0.5000000000000004
  endloop
endfacet
facet normal 2.4766172701019624e-14 -1.0 5.513608392117348e-16
  outer loop
    vertex 567.0158632146355 90.20398544175518 16.240000000001423
    vertex 558.6658632146356 90.20398544175538 2.9999999999987934
    vertex 567.0158632146355 90.20398544175563 2.999999999998737
  endloop
endfacet
facet normal 2.4766172701019624e-14 -1.0 5.513608392117348e-16
  outer loop
    vertex 558.6658632146356 90.20398544175538 2.9999999999987934
    vertex 567.0158632146355 90.20398544175518 16.240000000001423
    vertex 558.6658632146357 90.20398544175505 16.24000000000153
  endloop
endfacet
facet normal 0.0 0.0 1.0
  outer loop
    vertex 537.256724269986 86.25149257704338 2.9999999999999947
    vertex 536.6682930319973 94.53861914494112 3.0
    vertex 536.5206257687927 86.25149257704338 2.9999999999999947
  endloop
endfacet
facet normal 0.0 0.0 1.0
  outer loop
    vertex 536.6682930319973 94.53861914494112 3.0
    vertex 537.256724269986 86.25149257704338 2.9999999999999947
    vertex 536.7296265446771 94.07274486375658 3.0
  endloop
endfacet
facet normal 0.0 0.0 1.0
  outer loop
    vertex 536.7296265446771 94.07274486375658 3.0
    vertex 537.256724269986 86.25149257704338 2.9999999999999947
    vertex 536.9094473051854 93.6386191449411 3.0
  endloop
endfacet
facet normal 0.0 0.0 1.0
  outer loop
    vertex 536.9094473051854 93.6386191449411 3.0
    vertex 537.256724269986 86.25149257704338 2.9999999999999947
    vertex 537.1955008258616 93.2658269388053 3.0
  endloop
endfacet
facet normal 0.0 0.0 1.0
  outer loop
    vertex 537.1955008258616 93.2658269388053 3.0
    vertex 537.256724269986 86.25149257704338 2.9999999999999947
    vertex 537.5682930319973 92.9797734181291 3.0
  endloop
endfacet
facet normal 0.0 0.0 1.0
  outer loop
    vertex 537.5682930319973 92.9797734181291 3.0
    vertex 537.256724269986 86.25149257704338 2.9999999999999947
    vertex 537.6572410837737 85.12930724832927 2.9999999999999947
  endloop
endfacet
facet normal 0.0 0.0 1.0
  outer loop
    vertex 537.5682930319973 92.9797734181291 3.0
    vertex 537.6572410837737 85.12930724832927 2.9999999999999947
    vertex 538.0024187508128 92.79995265762076 3.0
  endloop
endfacet
facet normal 0.0 0.0 1.0
  outer loop
    vertex 538.0024187508128 92.79995265762076 3.0
    vertex 537.6572410837737 85.12930724832927 2.9999999999999947
    vertex 538.0180473560371 83.95667285743174 2.9999999999999947
  endloop
endfacet
facet normal 0.0 0.0 1.0
  outer loop
    vertex 538.0024187508128 92.79995265762076 3.0
    vertex 538.0180473560371 83.95667285743174 2.9999999999999947
    vertex 538.4682930319974 92.73861914494108 3.0
  endloop
endfacet
facet normal 0.0 0.0 1.0
  outer loop
    vertex 538.4682930319974 92.73861914494108 3.0
    vertex 538.0180473560371 83.95667285743174 2.9999999999999947
    vertex 538.3391710988591 82.81647796387637 2.9999999999999947
  endloop
endfacet
facet normal 0.0 0.0 1.0
  outer loop
    vertex 538.4682930319974 92.73861914494108 3.0
    vertex 538.3391710988591 82.81647796387637 2.9999999999999947
    vertex 538.6133693876725 81.78450826303552 2.9999999999999947
  endloop
endfacet
facet normal 0.0 0.0 1.0
  outer loop
    vertex 538.4682930319974 92.73861914494108 3.0
    vertex 538.6133693876725 81.78450826303552 2.9999999999999947
    vertex 538.934167313182 92.79995265762076 3.0
  endloop
endfacet
facet normal 0.0 0.0 1.0
  outer loop
    vertex 538.934167313182 92.79995265762076 3.0
    vertex 538.6133693876725 81.78450826303552 2.9999999999999947
    vertex 538.6699518349463 75.9089464553722 3.0000000000000013
  endloop
endfacet
facet normal 0.0 0.0 1.0
  outer loop
    vertex 538.934167313182 92.79995265762076 3.0
    vertex 538.6699518349463 75.9089464553722 3.0000000000000013
    vertex 538.9565456789394 76.28244282456404 3.0000000000000013
  endloop
endfacet
facet normal 0.0 0.0 1.0
  outer loop
    vertex 538.934167313182 92.79995265762076 3.0
    vertex 538.9565456789394 76.28244282456404 3.0000000000000013
    vertex 539.0896716817686 85.81848029551396 2.9999999999999947
  endloop
endfacet
facet normal 0.0 0.0 1.0
  outer loop
    vertex 538.934167313182 92.79995265762076 3.0
    vertex 539.0896716817686 85.81848029551396 2.9999999999999947
    vertex 539.3682930319974 92.9797734181291 3.0
  endloop
endfacet
facet normal 0.0 0.0 1.0
  outer loop
    vertex 539.3682930319974 92.9797734181291 3.0
    vertex 539.0896716817686 85.81848029551396 2.9999999999999947
    vertex 539.2628598516498 85.97723842536236 2.9999999999999947
  endloop
endfacet
facet normal 0.0 0.0 1.0
  outer loop
    vertex 539.3682930319974 92.9797734181291 3.0
    vertex 539.2628598516498 85.97723842536236 2.9999999999999947
    vertex 539.5406935281392 86.15403402460286 2.9999999999999947
  endloop
endfacet
facet normal 0.0 0.0 1.0
  outer loop
    vertex 539.3682930319974 92.9797734181291 3.0
    vertex 539.5406935281392 86.15403402460286 2.9999999999999947
    vertex 539.7410852381332 93.2658269388053 3.0
  endloop
endfacet
facet normal 0.0 0.0 1.0
  outer loop
    vertex 539.7410852381332 93.2658269388053 3.0
    vertex 539.5406935281392 86.15403402460286 2.9999999999999947
    vertex 539.9051073372938 86.29475463129317 2.9999999999999947
  endloop
endfacet
facet normal 0.0 0.0 1.0
  outer loop
    vertex 539.7410852381332 93.2658269388053 3.0
    vertex 539.9051073372938 86.29475463129317 2.9999999999999947
    vertex 540.0271387588094 93.6386191449411 3.0
  endloop
endfacet
facet normal 0.0 0.0 1.0
  outer loop
    vertex 540.0271387588094 93.6386191449411 3.0
    vertex 539.9051073372938 86.29475463129317 2.9999999999999947
    vertex 540.3380916605064 86.35250269597547 2.9999999999999947
  endloop
endfacet
facet normal 0.0 0.0 1.0
  outer loop
    vertex 540.0271387588094 93.6386191449411 3.0
    vertex 540.3380916605064 86.35250269597547 2.9999999999999947
    vertex 540.2069595193177 94.07274486375658 3.0
  endloop
endfacet
facet normal 0.0 0.0 1.0
  outer loop
    vertex 540.2069595193177 94.07274486375658 3.0
    vertex 540.3380916605064 86.35250269597547 2.9999999999999947
    vertex 540.2682930319975 94.53861914494112 3.0
  endloop
endfacet
facet normal 0.0 0.0 1.0
  outer loop
    vertex 541.8895978589082 82.28967058343129 2.9999999999999947
    vertex 539.9195653356435 82.54943883221179 2.9999999999999947
    vertex 539.8329852567442 82.28967058343129 2.9999999999999947
  endloop
endfacet
facet normal 0.0 0.0 1.0
  outer loop
    vertex 539.9195653356435 82.54943883221179 2.9999999999999947
    vertex 541.8895978589082 82.28967058343129 2.9999999999999947
    vertex 540.1360435180915 82.85974007189216 2.9999999999999947
  endloop
endfacet
facet normal 0.0 0.0 1.0
  outer loop
    vertex 540.1360435180915 82.85974007189216 2.9999999999999947
    vertex 541.8895978589082 82.28967058343129 2.9999999999999947
    vertex 540.4102697114556 83.17004131157253 2.9999999999999947
  endloop
endfacet
facet normal 0.0 0.0 1.0
  outer loop
    vertex 540.4102697114556 83.17004131157253 2.9999999999999947
    vertex 541.8895978589082 82.28967058343129 2.9999999999999947
    vertex 540.6628229402196 83.42986547698666 2.9999999999999947
  endloop
endfacet
facet normal 0.0 0.0 1.0
  outer loop
    vertex 540.6628229402196 83.42986547698666 2.9999999999999947
    vertex 541.8895978589082 82.28967058343129 2.9999999999999947
    vertex 541.0453021770833 83.82674674180028 2.9999999999999947
  endloop
endfacet
facet normal 0.0 0.0 1.0
  outer loop
    vertex 541.0453021770833 83.82674674180028 2.9999999999999947
    vertex 541.8895978589082 82.28967058343129 2.9999999999999947
    vertex 541.3808559599381 84.23811401704639 2.9999999999999947
  endloop
endfacet
facet normal 0.0 0.0 1.0
  outer loop
    vertex 541.3808559599381 84.23811401704639 2.9999999999999947
    vertex 541.8895978589082 82.28967058343129 2.9999999999999947
    vertex 541.6189791486694 84.66388337400853 2.9999999999999947
  endloop
endfacet
facet normal 0.0 0.0 1.0
  outer loop
    vertex 541.6189791486694 84.66388337400853 2.9999999999999947
    vertex 541.8895978589082 82.28967058343129 2.9999999999999947
    vertex 541.6866198605121 84.88396207688542 2.9999999999999947
  endloop
endfacet
facet normal 0.0 0.0 1.0
  outer loop
    vertex 541.6866198605121 84.88396207688542 2.9999999999999947
    vertex 541.8895978589082 82.28967058343129 2.9999999999999947
    vertex 541.7091667644597 85.11124182062036 2.9999999999999947
  endloop
endfacet
facet normal 0.0 0.0 1.0
  outer loop
    vertex 538.9565456789394 76.28244282456404 3.0000000000000013
    vertex 539.1762518144337 81.86029374334392 2.9999999999999947
    vertex 539.0896716817686 85.81848029551396 2.9999999999999947
  endloop
endfacet
facet normal 0.0 0.0 1.0
  outer loop
    vertex 539.1762518144337 81.86029374334392 2.9999999999999947
    vertex 538.9565456789394 76.28244282456404 3.0000000000000013
    vertex 539.3300420481312 76.5690366685571 3.0000000000000013
  endloop
endfacet
facet normal 0.0 0.0 1.0
  outer loop
    vertex 539.1762518144337 81.86029374334392 2.9999999999999947
    vertex 539.3300420481312 76.5690366685571 3.0000000000000013
    vertex 539.1834667806842 81.78450826303552 2.9999999999999947
  endloop
endfacet
facet normal 0.0 0.0 1.0
  outer loop
    vertex 539.1834667806842 81.78450826303552 2.9999999999999947
    vertex 539.3300420481312 76.5690366685571 3.0000000000000013
    vertex 541.8895978589082 81.78450826303552 2.9999999999999947
  endloop
endfacet
facet normal 0.0 0.0 1.0
  outer loop
    vertex 541.8895978589082 81.78450826303552 2.9999999999999947
    vertex 539.3300420481312 76.5690366685571 3.0000000000000013
    vertex 539.7649877821934 76.74919709050197 3.0000000000000013
  endloop
endfacet
facet normal 0.0 0.0 1.0
  outer loop
    vertex 541.8895978589082 81.78450826303552 2.9999999999999947
    vertex 539.7649877821934 76.74919709050197 3.0000000000000013
    vertex 540.2317420481313 76.81064645537226 3.0000000000000013
  endloop
endfacet
facet normal 0.0 0.0 1.0
  outer loop
    vertex 541.8895978589082 81.78450826303552 2.9999999999999947
    vertex 540.2317420481313 76.81064645537226 3.0000000000000013
    vertex 540.6984963140692 76.74919709050197 3.0000000000000013
  endloop
endfacet
facet normal 0.0 0.0 1.0
  outer loop
    vertex 541.8895978589082 81.78450826303552 2.9999999999999947
    vertex 540.6984963140692 76.74919709050197 3.0000000000000013
    vertex 541.1334420481313 76.5690366685571 3.0000000000000013
  endloop
endfacet
facet normal 0.0 0.0 1.0
  outer loop
    vertex 541.8895978589082 81.78450826303552 2.9999999999999947
    vertex 541.1334420481313 76.5690366685571 3.0000000000000013
    vertex 541.5069384173232 76.28244282456404 3.0000000000000013
  endloop
endfacet
facet normal 0.0 0.0 1.0
  outer loop
    vertex 541.8895978589082 81.78450826303552 2.9999999999999947
    vertex 541.5069384173232 76.28244282456404 3.0000000000000013
    vertex 541.7935322613163 75.9089464553722 3.0000000000000013
  endloop
endfacet
facet normal 0.0 0.0 1.0
  outer loop
    vertex 541.8895978589082 81.78450826303552 2.9999999999999947
    vertex 541.7935322613163 75.9089464553722 3.0000000000000013
    vertex 541.9736926832611 75.47400072131005 3.0000000000000013
  endloop
endfacet
facet normal 0.0 0.0 1.0
  outer loop
    vertex 541.8895978589082 81.78450826303552 2.9999999999999947
    vertex 541.9736926832611 75.47400072131005 3.0000000000000013
    vertex 541.8895978589082 82.28967058343129 2.9999999999999947
  endloop
endfacet
facet normal 0.0 0.0 1.0
  outer loop
    vertex 535.1351206785724 81.78450826303552 2.9999999999999947
    vertex 535.1509626727195 70.0072464553721 3.0
    vertex 535.7412931179003 81.78450826303552 2.9999999999999947
  endloop
endfacet
facet normal 0.0 0.0 1.0
  outer loop
    vertex 535.1509626727195 70.0072464553721 3.0
    vertex 535.1351206785724 81.78450826303552 2.9999999999999947
    vertex 535.1509626727195 41.84285855734739 3.0
  endloop
endfacet
facet normal 0.0 0.0 1.0
  outer loop
    vertex 535.7412931179003 81.78450826303552 2.9999999999999947
    vertex 535.1509626727195 70.0072464553721 3.0
    vertex 538.4897914130016 74.54049218943423 3.0000000000000013
  endloop
endfacet
facet normal 0.0 0.0 1.0
  outer loop
    vertex 538.4897914130016 74.54049218943423 3.0000000000000013
    vertex 535.1509626727195 70.0072464553721 3.0
    vertex 540.2317420481313 70.0072464553721 3.0000000000000013
  endloop
endfacet
facet normal 0.0 0.0 1.0
  outer loop
    vertex 535.7412931179003 81.78450826303552 2.9999999999999947
    vertex 538.4897914130016 74.54049218943423 3.0000000000000013
    vertex 536.001033408364 82.95361904575827 2.9999999999999947
  endloop
endfacet
facet normal 0.0 0.0 1.0
  outer loop
    vertex 536.001033408364 82.95361904575827 2.9999999999999947
    vertex 538.4897914130016 74.54049218943423 3.0000000000000013
    vertex 538.4283420481313 75.00724645537213 3.0000000000000013
  endloop
endfacet
facet normal 0.0 0.0 1.0
  outer loop
    vertex 536.001033408364 82.95361904575827 2.9999999999999947
    vertex 538.4283420481313 75.00724645537213 3.0000000000000013
    vertex 537.7185406611816 82.95361904575827 2.9999999999999947
  endloop
endfacet
facet normal 0.0 0.0 1.0
  outer loop
    vertex 537.7185406611816 82.95361904575827 2.9999999999999947
    vertex 538.4283420481313 75.00724645537213 3.0000000000000013
    vertex 537.9855518882953 81.78450826303552 2.9999999999999947
  endloop
endfacet
facet normal 0.0 0.0 1.0
  outer loop
    vertex 538.4897914130016 74.54049218943423 3.0000000000000013
    vertex 540.2317420481313 70.0072464553721 3.0000000000000013
    vertex 538.6699518349463 74.1055464553721 3.0000000000000013
  endloop
endfacet
facet normal 0.0 0.0 1.0
  outer loop
    vertex 538.6699518349463 74.1055464553721 3.0000000000000013
    vertex 540.2317420481313 70.0072464553721 3.0000000000000013
    vertex 538.9565456789395 73.73205008618027 3.0000000000000013
  endloop
endfacet
facet normal 0.0 0.0 1.0
  outer loop
    vertex 538.9565456789395 73.73205008618027 3.0000000000000013
    vertex 540.2317420481313 70.0072464553721 3.0000000000000013
    vertex 539.3300420481313 73.44545624218723 3.0000000000000013
  endloop
endfacet
facet normal 0.0 0.0 1.0
  outer loop
    vertex 539.3300420481313 73.44545624218723 3.0000000000000013
    vertex 540.2317420481313 70.0072464553721 3.0000000000000013
    vertex 539.7649877821934 73.26529582024237 3.0000000000000013
  endloop
endfacet
facet normal 0.0 0.0 1.0
  outer loop
    vertex 539.7649877821934 73.26529582024237 3.0000000000000013
    vertex 540.2317420481313 70.0072464553721 3.0000000000000013
    vertex 540.2317420481313 73.20384645537212 3.0000000000000013
  endloop
endfacet
facet normal 0.0 0.0 1.0
  outer loop
    vertex 540.2317420481313 73.20384645537212 3.0000000000000013
    vertex 540.2317420481313 70.0072464553721 3.0000000000000013
    vertex 541.5258372736439 70.17761732392677 3.0000000000000013
  endloop
endfacet
facet normal 0.0 0.0 1.0
  outer loop
    vertex 540.2317420481313 73.20384645537212 3.0000000000000013
    vertex 541.5258372736439 70.17761732392677 3.0000000000000013
    vertex 540.6984963140692 73.26529582024237 3.0000000000000013
  endloop
endfacet
facet normal 0.0 0.0 1.0
  outer loop
    vertex 540.6984963140692 73.26529582024237 3.0000000000000013
    vertex 541.5258372736439 70.17761732392677 3.0000000000000013
    vertex 541.1334420481314 73.44545624218722 3.0000000000000013
  endloop
endfacet
facet normal 0.0 0.0 1.0
  outer loop
    vertex 541.1334420481314 73.44545624218722 3.0000000000000013
    vertex 541.5258372736439 70.17761732392677 3.0000000000000013
    vertex 541.5069384173232 73.73205008618027 3.0000000000000013
  endloop
endfacet
facet normal 0.0 0.0 1.0
  outer loop
    vertex 541.5069384173232 73.73205008618027 3.0000000000000013
    vertex 541.5258372736439 70.17761732392677 3.0000000000000013
    vertex 541.7935322613162 74.1055464553721 3.0000000000000013
  endloop
endfacet
facet normal 0.0 0.0 1.0
  outer loop
    vertex 541.7935322613162 74.1055464553721 3.0000000000000013
    vertex 541.5258372736439 70.17761732392677 3.0000000000000013
    vertex 542.7317420481313 70.67711943644991 3.0000000000000013
  endloop
endfacet
facet normal 0.0 0.0 1.0
  outer loop
    vertex 541.7935322613162 74.1055464553721 3.0000000000000013
    vertex 542.7317420481313 70.67711943644991 3.0000000000000013
    vertex 541.9736926832611 74.54049218943423 3.0000000000000013
  endloop
endfacet
facet normal 0.0 0.0 1.0
  outer loop
    vertex 541.9736926832611 74.54049218943423 3.0000000000000013
    vertex 542.7317420481313 70.67711943644991 3.0000000000000013
    vertex 542.0351420481314 75.00724645537213 3.0000000000000013
  endloop
endfacet
facet normal 0.0 0.0 1.0
  outer loop
    vertex 539.0896716817686 85.81848029551396 2.9999999999999947
    vertex 539.1762518144337 81.9360793311843 2.9999999999999947
    vertex 539.385542935182 85.39989800025143 2.9999999999999947
  endloop
endfacet
facet normal 0.0 0.0 1.0
  outer loop
    vertex 539.1762518144337 81.9360793311843 2.9999999999999947
    vertex 539.0896716817686 85.81848029551396 2.9999999999999947
    vertex 539.1762518144337 81.86029374334392 2.9999999999999947
  endloop
endfacet
facet normal 0.0 0.0 1.0
  outer loop
    vertex 539.385542935182 85.39989800025143 2.9999999999999947
    vertex 539.1762518144337 81.9360793311843 2.9999999999999947
    vertex 539.2015113203045 82.2283430342651 2.9999999999999947
  endloop
endfacet
facet normal 0.0 0.0 1.0
  outer loop
    vertex 539.385542935182 85.39989800025143 2.9999999999999947
    vertex 539.2015113203045 82.2283430342651 2.9999999999999947
    vertex 539.2772898379167 82.49896170417956 2.9999999999999947
  endloop
endfacet
facet normal 0.0 0.0 1.0
  outer loop
    vertex 539.385542935182 85.39989800025143 2.9999999999999947
    vertex 539.2772898379167 82.49896170417956 2.9999999999999947
    vertex 539.537086045014 82.98966607999164 2.9999999999999947
  endloop
endfacet
facet normal 0.0 0.0 1.0
  outer loop
    vertex 539.385542935182 85.39989800025143 2.9999999999999947
    vertex 539.537086045014 82.98966607999164 2.9999999999999947
    vertex 539.5154130266478 85.51178653895882 2.9999999999999947
  endloop
endfacet
facet normal 0.0 0.0 1.0
  outer loop
    vertex 539.5154130266478 85.51178653895882 2.9999999999999947
    vertex 539.537086045014 82.98966607999164 2.9999999999999947
    vertex 539.7210966642708 85.65247918733232 2.9999999999999947
  endloop
endfacet
facet normal 0.0 0.0 1.0
  outer loop
    vertex 539.7210966642708 85.65247918733232 2.9999999999999947
    vertex 539.537086045014 82.98966607999164 2.9999999999999947
    vertex 539.8942848341521 83.42622998177863 2.9999999999999947
  endloop
endfacet
facet normal 0.0 0.0 1.0
  outer loop
    vertex 539.7210966642708 85.65247918733232 2.9999999999999947
    vertex 539.8942848341521 83.42622998177863 2.9999999999999947
    vertex 539.995350815952 85.77516227086454 2.9999999999999947
  endloop
endfacet
facet normal 0.0 0.0 1.0
  outer loop
    vertex 539.995350815952 85.77516227086454 2.9999999999999947
    vertex 539.8942848341521 83.42622998177863 2.9999999999999947
    vertex 540.2875866279234 83.82674679556627 2.9999999999999947
  endloop
endfacet
facet normal 0.0 0.0 1.0
  outer loop
    vertex 539.995350815952 85.77516227086454 2.9999999999999947
    vertex 540.2875866279234 83.82674679556627 2.9999999999999947
    vertex 540.3380916605064 85.8256953155304 2.9999999999999947
  endloop
endfacet
facet normal 0.0 0.0 1.0
  outer loop
    vertex 540.3380916605064 85.8256953155304 2.9999999999999947
    vertex 540.2875866279234 83.82674679556627 2.9999999999999947
    vertex 540.5943082890294 84.13707599356346 2.9999999999999947
  endloop
endfacet
facet normal 0.0 0.0 1.0
  outer loop
    vertex 540.3380916605064 85.8256953155304 2.9999999999999947
    vertex 540.5943082890294 84.13707599356346 2.9999999999999947
    vertex 540.6339628601539 85.78237729088096 2.9999999999999947
  endloop
endfacet
facet normal 0.0 0.0 1.0
  outer loop
    vertex 540.6339628601539 85.78237729088096 2.9999999999999947
    vertex 540.5943082890294 84.13707599356346 2.9999999999999947
    vertex 540.8540765378099 84.4401622132274 2.9999999999999947
  endloop
endfacet
facet normal 0.0 0.0 1.0
  outer loop
    vertex 540.6339628601539 85.78237729088096 2.9999999999999947
    vertex 540.8540765378099 84.4401622132274 2.9999999999999947
    vertex 540.8757215440932 85.6488716504411 2.9999999999999947
  endloop
endfacet
facet normal 0.0 0.0 1.0
  outer loop
    vertex 540.8757215440932 85.6488716504411 2.9999999999999947
    vertex 540.8540765378099 84.4401622132274 2.9999999999999947
    vertex 541.0344517156248 84.75407093603299 2.9999999999999947
  endloop
endfacet
facet normal 0.0 0.0 1.0
  outer loop
    vertex 540.8757215440932 85.6488716504411 2.9999999999999947
    vertex 541.0344517156248 84.75407093603299 2.9999999999999947
    vertex 541.0416667356412 85.42157096485155 2.9999999999999947
  endloop
endfacet
facet normal 0.0 0.0 1.0
  outer loop
    vertex 541.0416667356412 85.42157096485155 2.9999999999999947
    vertex 541.0344517156248 84.75407093603299 2.9999999999999947
    vertex 541.1029943251318 85.08965267720468 2.9999999999999947
  endloop
endfacet
facet normal 0.0 0.0 1.0
  outer loop
    vertex 582.4686468226187 77.16890011819939 3.0000000000000013
    vertex 581.9593420481312 81.99852924964476 3.0000000000000013
    vertex 581.2627420481311 77.66840223072253 3.0000000000000013
  endloop
endfacet
facet normal 0.0 0.0 1.0
  outer loop
    vertex 581.9593420481312 81.99852924964476 3.0000000000000013
    vertex 582.4686468226187 77.16890011819939 3.0000000000000013
    vertex 582.0207914130016 81.53177498370688 3.0000000000000013
  endloop
endfacet
facet normal 0.0 0.0 1.0
  outer loop
    vertex 582.0207914130016 81.53177498370688 3.0000000000000013
    vertex 582.4686468226187 77.16890011819939 3.0000000000000013
    vertex 582.2009518349464 81.09682924964478 3.0000000000000013
  endloop
endfacet
facet normal 0.0 0.0 1.0
  outer loop
    vertex 582.2009518349464 81.09682924964478 3.0000000000000013
    vertex 582.4686468226187 77.16890011819939 3.0000000000000013
    vertex 582.4875456789395 80.72333288045297 3.0000000000000013
  endloop
endfacet
facet normal 0.0 0.0 1.0
  outer loop
    vertex 582.4875456789395 80.72333288045297 3.0000000000000013
    vertex 582.4686468226187 77.16890011819939 3.0000000000000013
    vertex 583.7627420481313 76.99852924964472 3.0000000000000013
  endloop
endfacet
facet normal 0.0 0.0 1.0
  outer loop
    vertex 582.4875456789395 80.72333288045297 3.0000000000000013
    vertex 583.7627420481313 76.99852924964472 3.0000000000000013
    vertex 582.8610420481313 80.43673903645994 3.0000000000000013
  endloop
endfacet
facet normal 0.0 0.0 1.0
  outer loop
    vertex 582.8610420481313 80.43673903645994 3.0000000000000013
    vertex 583.7627420481313 76.99852924964472 3.0000000000000013
    vertex 583.2959877821934 80.25657861451509 3.0000000000000013
  endloop
endfacet
facet normal 0.0 0.0 1.0
  outer loop
    vertex 583.2959877821934 80.25657861451509 3.0000000000000013
    vertex 583.7627420481313 76.99852924964472 3.0000000000000013
    vertex 583.7627420481313 80.19512924964481 3.0000000000000013
  endloop
endfacet
facet normal 0.0 0.0 1.0
  outer loop
    vertex 583.7627420481313 80.19512924964481 3.0000000000000013
    vertex 583.7627420481313 76.99852924964472 3.0000000000000013
    vertex 588.1539626727194 76.99852924964472 3.0000000000000013
  endloop
endfacet
facet normal 0.0 0.0 1.0
  outer loop
    vertex 583.7627420481313 80.19512924964481 3.0000000000000013
    vertex 588.1539626727194 76.99852924964472 3.0000000000000013
    vertex 584.2294963140691 80.25657861451509 3.0000000000000013
  endloop
endfacet
facet normal 0.0 0.0 1.0
  outer loop
    vertex 584.2294963140691 80.25657861451509 3.0000000000000013
    vertex 588.1539626727194 76.99852924964472 3.0000000000000013
    vertex 584.6644420481313 80.43673903645994 3.0000000000000013
  endloop
endfacet
facet normal 0.0 0.0 1.0
  outer loop
    vertex 584.6644420481313 80.43673903645994 3.0000000000000013
    vertex 588.1539626727194 76.99852924964472 3.0000000000000013
    vertex 585.0379384173231 80.72333288045297 3.0000000000000013
  endloop
endfacet
facet normal 0.0 0.0 1.0
  outer loop
    vertex 585.0379384173231 80.72333288045297 3.0000000000000013
    vertex 588.1539626727194 76.99852924964472 3.0000000000000013
    vertex 585.3245322613161 81.09682924964478 3.0000000000000013
  endloop
endfacet
facet normal 0.0 0.0 1.0
  outer loop
    vertex 585.3245322613161 81.09682924964478 3.0000000000000013
    vertex 588.1539626727194 76.99852924964472 3.0000000000000013
    vertex 585.5046926832609 81.53177498370688 3.0000000000000013
  endloop
endfacet
facet normal 0.0 0.0 1.0
  outer loop
    vertex 585.5046926832609 81.53177498370688 3.0000000000000013
    vertex 588.1539626727194 76.99852924964472 3.0000000000000013
    vertex 585.5661420481312 81.99852924964476 3.0000000000000013
  endloop
endfacet
facet normal 0.0 0.0 1.0
  outer loop
    vertex 585.5661420481312 81.99852924964476 3.0000000000000013
    vertex 588.1539626727194 76.99852924964472 3.0000000000000013
    vertex 585.8959977012527 92.79995265762076 3.0
  endloop
endfacet
facet normal 0.0 0.0 1.0
  outer loop
    vertex 585.8959977012527 92.79995265762076 3.0
    vertex 588.1539626727194 76.99852924964472 3.0000000000000013
    vertex 586.330123420068 92.9797734181291 3.0
  endloop
endfacet
facet normal 0.0 0.0 1.0
  outer loop
    vertex 586.330123420068 92.9797734181291 3.0
    vertex 588.1539626727194 76.99852924964472 3.0000000000000013
    vertex 586.702915626204 93.2658269388053 3.0
  endloop
endfacet
facet normal 0.0 0.0 1.0
  outer loop
    vertex 586.702915626204 93.2658269388053 3.0
    vertex 588.1539626727194 76.99852924964472 3.0000000000000013
    vertex 586.9889691468802 93.6386191449411 3.0
  endloop
endfacet
facet normal 0.0 0.0 1.0
  outer loop
    vertex 586.9889691468802 93.6386191449411 3.0
    vertex 588.1539626727194 76.99852924964472 3.0000000000000013
    vertex 587.1687899073885 94.07274486375658 3.0
  endloop
endfacet
facet normal 0.0 0.0 1.0
  outer loop
    vertex 587.1687899073885 94.07274486375658 3.0
    vertex 588.1539626727194 76.99852924964472 3.0000000000000013
    vertex 587.2301234200681 94.53861914494112 3.0
  endloop
endfacet
facet normal 0.0 0.0 1.0
  outer loop
    vertex 530.1509626727195 31.36181928798808 3.0
    vertex 535.1509626727195 41.84285855734739 3.0
    vertex 530.1509626727195 102.38281928798806 3.0
  endloop
endfacet
facet normal 0.0 0.0 1.0
  outer loop
    vertex 535.1509626727195 41.84285855734739 3.0
    vertex 530.1509626727195 31.36181928798808 3.0
    vertex 536.7296265446771 37.027875286706276 3.0
  endloop
endfacet
facet normal 0.0 0.0 1.0
  outer loop
    vertex 536.7296265446771 37.027875286706276 3.0
    vertex 530.1509626727195 31.36181928798808 3.0
    vertex 536.9094473051854 36.59374956789081 3.0
  endloop
endfacet
facet normal 0.0 0.0 1.0
  outer loop
    vertex 536.9094473051854 36.59374956789081 3.0
    vertex 530.1509626727195 31.36181928798808 3.0
    vertex 537.1955008258616 36.22095736175502 3.0
  endloop
endfacet
facet normal 0.0 0.0 1.0
  outer loop
    vertex 537.1955008258616 36.22095736175502 3.0
    vertex 530.1509626727195 31.36181928798808 3.0
    vertex 537.5682930319973 35.9349038410788 3.0
  endloop
endfacet
facet normal 0.0 0.0 1.0
  outer loop
    vertex 537.5682930319973 35.9349038410788 3.0
    vertex 530.1509626727195 31.36181928798808 3.0
    vertex 538.0024187508128 35.755083080570465 3.0
  endloop
endfacet
facet normal 0.0 0.0 1.0
  outer loop
    vertex 538.0024187508128 35.755083080570465 3.0
    vertex 530.1509626727195 31.36181928798808 3.0
    vertex 538.4682930319974 35.693749567890784 3.0
  endloop
endfacet
facet normal 0.0 0.0 1.0
  outer loop
    vertex 538.4682930319974 35.693749567890784 3.0
    vertex 530.1509626727195 31.36181928798808 3.0
    vertex 593.1539626727194 31.36181928798808 3.0
  endloop
endfacet
facet normal 0.0 0.0 1.0
  outer loop
    vertex 530.1509626727195 102.38281928798806 3.0
    vertex 535.1509626727195 41.84285855734739 3.0
    vertex 535.1351206785724 81.78450826303552 2.9999999999999947
  endloop
endfacet
facet normal 0.0 0.0 1.0
  outer loop
    vertex 535.1509626727195 41.84285855734739 3.0
    vertex 536.7296265446771 37.027875286706276 3.0
    vertex 535.9315692721646 41.84285855734739 3.0
  endloop
endfacet
facet normal 0.0 0.0 1.0
  outer loop
    vertex 535.9315692721646 41.84285855734739 3.0
    vertex 536.7296265446771 37.027875286706276 3.0
    vertex 536.6682930319973 37.49374956789083 3.0
  endloop
endfacet
facet normal 0.0 0.0 1.0
  outer loop
    vertex 538.4682930319974 35.693749567890784 3.0
    vertex 593.1539626727194 31.36181928798808 3.0
    vertex 538.934167313182 35.755083080570465 3.0
  endloop
endfacet
facet normal 0.0 0.0 1.0
  outer loop
    vertex 538.934167313182 35.755083080570465 3.0
    vertex 593.1539626727194 31.36181928798808 3.0
    vertex 539.3682930319974 35.9349038410788 3.0
  endloop
endfacet
facet normal 0.0 0.0 1.0
  outer loop
    vertex 539.3682930319974 35.9349038410788 3.0
    vertex 593.1539626727194 31.36181928798808 3.0
    vertex 539.7410852381332 36.22095736175501 3.0
  endloop
endfacet
facet normal 0.0 0.0 1.0
  outer loop
    vertex 539.7410852381332 36.22095736175501 3.0
    vertex 593.1539626727194 31.36181928798808 3.0
    vertex 540.0271387588094 36.59374956789081 3.0
  endloop
endfacet
facet normal 0.0 0.0 1.0
  outer loop
    vertex 540.0271387588094 36.59374956789081 3.0
    vertex 593.1539626727194 31.36181928798808 3.0
    vertex 544.914209141713 36.361819287988084 3.0
  endloop
endfacet
facet normal 0.0 0.0 1.0
  outer loop
    vertex 540.0271387588094 36.59374956789081 3.0
    vertex 544.914209141713 36.361819287988084 3.0
    vertex 540.2069595193177 37.027875286706276 3.0
  endloop
endfacet
facet normal 0.0 0.0 1.0
  outer loop
    vertex 540.2069595193177 37.027875286706276 3.0
    vertex 544.914209141713 36.361819287988084 3.0
    vertex 540.2682930319975 37.49374956789083 3.0
  endloop
endfacet
facet normal 0.0 0.0 1.0
  outer loop
    vertex 544.914209141713 36.361819287988084 3.0
    vertex 593.1539626727194 31.36181928798808 3.0
    vertex 580.3208354654987 36.361819287988084 3.0
  endloop
endfacet
facet normal 0.0 0.0 1.0
  outer loop
    vertex 580.3208354654987 36.361819287988084 3.0
    vertex 593.1539626727194 31.36181928798808 3.0
    vertex 584.5967734375076 35.89642343556863 3.0
  endloop
endfacet
facet normal 0.0 0.0 1.0
  outer loop
    vertex 580.3208354654987 36.361819287988084 3.0
    vertex 584.5967734375076 35.89642343556863 3.0
    vertex 584.2239812313718 36.18247695624484 3.0
  endloop
endfacet
facet normal 0.0 0.0 1.0
  outer loop
    vertex 580.3208354654987 36.361819287988084 3.0
    vertex 584.2239812313718 36.18247695624484 3.0
    vertex 583.9379277106956 36.55526916238063 3.0
  endloop
endfacet
facet normal 0.0 0.0 1.0
  outer loop
    vertex 580.3208354654987 36.361819287988084 3.0
    vertex 583.9379277106956 36.55526916238063 3.0
    vertex 583.7581069501873 36.989394881196105 3.0
  endloop
endfacet
facet normal 0.0 0.0 1.0
  outer loop
    vertex 580.3208354654987 36.361819287988084 3.0
    vertex 583.7581069501873 36.989394881196105 3.0
    vertex 580.887275954064 53.50198036130507 3.0
  endloop
endfacet
facet normal 0.0 0.0 1.0
  outer loop
    vertex 580.887275954064 53.50198036130507 3.0
    vertex 583.7581069501873 36.989394881196105 3.0
    vertex 583.6967734375077 37.45526916238065 3.0
  endloop
endfacet
facet normal 0.0 0.0 1.0
  outer loop
    vertex 580.887275954064 53.50198036130507 3.0
    vertex 583.6967734375077 37.45526916238065 3.0
    vertex 581.869392959219 52.013723731637185 3.0
  endloop
endfacet
facet normal 0.0 0.0 1.0
  outer loop
    vertex 584.5967734375076 35.89642343556863 3.0
    vertex 593.1539626727194 31.36181928798808 3.0
    vertex 585.0308991563231 35.716602675060294 3.0
  endloop
endfacet
facet normal 0.0 0.0 1.0
  outer loop
    vertex 585.0308991563231 35.716602675060294 3.0
    vertex 593.1539626727194 31.36181928798808 3.0
    vertex 585.4967734375076 35.65526916238061 3.0
  endloop
endfacet
facet normal 0.0 0.0 1.0
  outer loop
    vertex 585.4967734375076 35.65526916238061 3.0
    vertex 593.1539626727194 31.36181928798808 3.0
    vertex 585.9626477186922 35.716602675060294 3.0
  endloop
endfacet
facet normal 0.0 0.0 1.0
  outer loop
    vertex 585.9626477186922 35.716602675060294 3.0
    vertex 593.1539626727194 31.36181928798808 3.0
    vertex 586.3967734375076 35.89642343556863 3.0
  endloop
endfacet
facet normal 0.0 0.0 1.0
  outer loop
    vertex 586.3967734375076 35.89642343556863 3.0
    vertex 593.1539626727194 31.36181928798808 3.0
    vertex 586.7695656436435 36.182476956244834 3.0
  endloop
endfacet
facet normal 0.0 0.0 1.0
  outer loop
    vertex 586.7695656436435 36.182476956244834 3.0
    vertex 593.1539626727194 31.36181928798808 3.0
    vertex 587.0556191643196 36.55526916238063 3.0
  endloop
endfacet
facet normal 0.0 0.0 1.0
  outer loop
    vertex 587.0556191643196 36.55526916238063 3.0
    vertex 593.1539626727194 31.36181928798808 3.0
    vertex 587.2354399248279 36.989394881196105 3.0
  endloop
endfacet
facet normal 0.0 0.0 1.0
  outer loop
    vertex 587.2354399248279 36.989394881196105 3.0
    vertex 593.1539626727194 31.36181928798808 3.0
    vertex 587.2967734375077 37.45526916238065 3.0
  endloop
endfacet
facet normal 0.0 0.0 1.0
  outer loop
    vertex 587.2967734375077 37.45526916238065 3.0
    vertex 593.1539626727194 31.36181928798808 3.0
    vertex 588.1771228146293 42.45526916238069 3.0
  endloop
endfacet
facet normal 0.0 0.0 1.0
  outer loop
    vertex 530.1509626727195 102.38281928798806 3.0
    vertex 545.2317420481313 97.38281928798806 3.0
    vertex 593.1539626727194 102.38281928798806 3.0
  endloop
endfacet
facet normal 0.0 0.0 1.0
  outer loop
    vertex 545.2317420481313 97.38281928798806 3.0
    vertex 530.1509626727195 102.38281928798806 3.0
    vertex 538.0024187508128 96.2772856322615 3.0
  endloop
endfacet
facet normal 0.0 0.0 1.0
  outer loop
    vertex 538.0024187508128 96.2772856322615 3.0
    vertex 530.1509626727195 102.38281928798806 3.0
    vertex 537.5682930319974 96.09746487175315 3.0
  endloop
endfacet
facet normal 0.0 0.0 1.0
  outer loop
    vertex 537.5682930319974 96.09746487175315 3.0
    vertex 530.1509626727195 102.38281928798806 3.0
    vertex 537.1955008258616 95.81141135107694 3.0
  endloop
endfacet
facet normal 0.0 0.0 1.0
  outer loop
    vertex 537.1955008258616 95.81141135107694 3.0
    vertex 530.1509626727195 102.38281928798806 3.0
    vertex 536.9094473051854 95.43861914494114 3.0
  endloop
endfacet
facet normal 0.0 0.0 1.0
  outer loop
    vertex 536.9094473051854 95.43861914494114 3.0
    vertex 530.1509626727195 102.38281928798806 3.0
    vertex 536.7296265446771 95.00449342612568 3.0
  endloop
endfacet
facet normal 0.0 0.0 1.0
  outer loop
    vertex 536.7296265446771 95.00449342612568 3.0
    vertex 530.1509626727195 102.38281928798806 3.0
    vertex 536.6682930319973 94.53861914494112 3.0
  endloop
endfacet
facet normal 0.0 0.0 1.0
  outer loop
    vertex 536.6682930319973 94.53861914494112 3.0
    vertex 530.1509626727195 102.38281928798806 3.0
    vertex 535.1351206785724 81.78450826303552 2.9999999999999947
  endloop
endfacet
facet normal 0.0 0.0 1.0
  outer loop
    vertex 536.6682930319973 94.53861914494112 3.0
    vertex 535.1351206785724 81.78450826303552 2.9999999999999947
    vertex 535.4093189136198 82.81647796387637 2.9999999999999947
  endloop
endfacet
facet normal 0.0 0.0 1.0
  outer loop
    vertex 536.6682930319973 94.53861914494112 3.0
    vertex 535.4093189136198 82.81647796387637 2.9999999999999947
    vertex 535.7376576226923 83.95667285743174 2.9999999999999947
  endloop
endfacet
facet normal 0.0 0.0 1.0
  outer loop
    vertex 536.6682930319973 94.53861914494112 3.0
    vertex 535.7376576226923 83.95667285743174 2.9999999999999947
    vertex 536.1092864518633 85.12930724832927 2.9999999999999947
  endloop
endfacet
facet normal 0.0 0.0 1.0
  outer loop
    vertex 536.6682930319973 94.53861914494112 3.0
    vertex 536.1092864518633 85.12930724832927 2.9999999999999947
    vertex 536.5206257687927 86.25149257704338 2.9999999999999947
  endloop
endfacet
facet normal 0.0 0.0 1.0
  outer loop
    vertex 545.2317420481313 97.38281928798806 3.0
    vertex 538.0024187508128 96.2772856322615 3.0
    vertex 538.4682930319974 96.33861914494116 3.0
  endloop
endfacet
facet normal 0.0 0.0 1.0
  outer loop
    vertex 545.2317420481313 97.38281928798806 3.0
    vertex 538.4682930319974 96.33861914494116 3.0
    vertex 538.934167313182 96.2772856322615 3.0
  endloop
endfacet
facet normal 0.0 0.0 1.0
  outer loop
    vertex 545.2317420481313 97.38281928798806 3.0
    vertex 538.934167313182 96.2772856322615 3.0
    vertex 539.3682930319975 96.09746487175315 3.0
  endloop
endfacet
facet normal 0.0 0.0 1.0
  outer loop
    vertex 545.2317420481313 97.38281928798806 3.0
    vertex 539.3682930319975 96.09746487175315 3.0
    vertex 539.7410852381332 95.81141135107694 3.0
  endloop
endfacet
facet normal 0.0 0.0 1.0
  outer loop
    vertex 545.2317420481313 97.38281928798806 3.0
    vertex 539.7410852381332 95.81141135107694 3.0
    vertex 540.0271387588094 95.43861914494114 3.0
  endloop
endfacet
facet normal 0.0 0.0 1.0
  outer loop
    vertex 545.2317420481313 97.38281928798806 3.0
    vertex 540.0271387588094 95.43861914494114 3.0
    vertex 540.2069595193177 95.00449342612568 3.0
  endloop
endfacet
facet normal 0.0 0.0 1.0
  outer loop
    vertex 545.2317420481313 97.38281928798806 3.0
    vertex 540.2069595193177 95.00449342612568 3.0
    vertex 540.2682930319975 94.53861914494112 3.0
  endloop
endfacet
facet normal 0.0 0.0 1.0
  outer loop
    vertex 545.2317420481313 97.38281928798806 3.0
    vertex 540.2682930319975 94.53861914494112 3.0
    vertex 540.3380916605064 86.35250269597547 2.9999999999999947
  endloop
endfacet
facet normal 0.0 0.0 1.0
  outer loop
    vertex 545.2317420481313 97.38281928798806 3.0
    vertex 540.3380916605064 86.35250269597547 2.9999999999999947
    vertex 540.665322306211 86.33243071129392 2.9999999999999947
  endloop
endfacet
facet normal 0.0 0.0 1.0
  outer loop
    vertex 545.2317420481313 97.38281928798806 3.0
    vertex 540.665322306211 86.33243071129392 2.9999999999999947
    vertex 540.9469907346818 86.27221475724927 2.9999999999999947
  endloop
endfacet
facet normal 0.0 0.0 1.0
  outer loop
    vertex 545.2317420481313 97.38281928798806 3.0
    vertex 540.9469907346818 86.27221475724927 2.9999999999999947
    vertex 541.1830969459187 86.17185483384151 2.9999999999999947
  endloop
endfacet
facet normal 0.0 0.0 1.0
  outer loop
    vertex 545.2317420481313 97.38281928798806 3.0
    vertex 541.1830969459187 86.17185483384151 2.9999999999999947
    vertex 541.3736409399218 86.03135094107064 2.9999999999999947
  endloop
endfacet
facet normal 0.0 0.0 1.0
  outer loop
    vertex 545.2317420481313 97.38281928798806 3.0
    vertex 541.3736409399218 86.03135094107064 2.9999999999999947
    vertex 541.5204334881571 85.85341223311544 2.9999999999999947
  endloop
endfacet
facet normal 0.0 0.0 1.0
  outer loop
    vertex 545.2317420481313 97.38281928798806 3.0
    vertex 541.5204334881571 85.85341223311544 2.9999999999999947
    vertex 541.6252853083253 85.64074781038865 2.9999999999999947
  endloop
endfacet
facet normal 0.0 0.0 1.0
  outer loop
    vertex 545.2317420481313 97.38281928798806 3.0
    vertex 541.6252853083253 85.64074781038865 2.9999999999999947
    vertex 541.6881964004261 85.39335767289029 2.9999999999999947
  endloop
endfacet
facet normal 0.0 0.0 1.0
  outer loop
    vertex 545.2317420481313 97.38281928798806 3.0
    vertex 541.6881964004261 85.39335767289029 2.9999999999999947
    vertex 541.7091667644597 85.11124182062036 2.9999999999999947
  endloop
endfacet
facet normal 0.0 0.0 1.0
  outer loop
    vertex 545.2317420481313 97.38281928798806 3.0
    vertex 541.7091667644597 85.11124182062036 2.9999999999999947
    vertex 541.8895978589082 82.28967058343129 2.9999999999999947
  endloop
endfacet
facet normal 0.0 0.0 1.0
  outer loop
    vertex 545.2317420481313 97.38281928798806 3.0
    vertex 541.8895978589082 82.28967058343129 2.9999999999999947
    vertex 541.9736926832611 75.47400072131005 3.0000000000000013
  endloop
endfacet
facet normal 0.0 0.0 1.0
  outer loop
    vertex 545.2317420481313 97.38281928798806 3.0
    vertex 541.9736926832611 75.47400072131005 3.0000000000000013
    vertex 542.0351420481314 75.00724645537213 3.0000000000000013
  endloop
endfacet
facet normal 0.0 0.0 1.0
  outer loop
    vertex 545.2317420481313 97.38281928798806 3.0
    vertex 542.0351420481314 75.00724645537213 3.0000000000000013
    vertex 542.7317420481313 70.67711943644991 3.0000000000000013
  endloop
endfacet
facet normal 0.0 0.0 1.0
  outer loop
    vertex 545.2317420481313 97.38281928798806 3.0
    vertex 542.7317420481313 70.67711943644991 3.0000000000000013
    vertex 543.7672759540641 71.47171254943936 3.0000000000000013
  endloop
endfacet
facet normal 0.0 0.0 1.0
  outer loop
    vertex 545.2317420481313 97.38281928798806 3.0
    vertex 543.7672759540641 71.47171254943936 3.0000000000000013
    vertex 544.5618690670535 72.50724645537211 3.0000000000000013
  endloop
endfacet
facet normal 0.0 0.0 1.0
  outer loop
    vertex 545.2317420481313 97.38281928798806 3.0
    vertex 544.5618690670535 72.50724645537211 3.0000000000000013
    vertex 545.0613711795767 73.71315122985952 3.0000000000000013
  endloop
endfacet
facet normal 0.0 0.0 1.0
  outer loop
    vertex 545.2317420481313 97.38281928798806 3.0
    vertex 545.0613711795767 73.71315122985952 3.0000000000000013
    vertex 545.2317420481313 75.00724645537213 3.0000000000000013
  endloop
endfacet
facet normal 0.0 0.0 1.0
  outer loop
    vertex 593.1539626727194 102.38281928798806 3.0
    vertex 545.2317420481313 97.38281928798806 3.0
    vertex 578.7627420481313 97.38281928798806 3.0
  endloop
endfacet
facet normal 0.0 0.0 1.0
  outer loop
    vertex 578.7627420481313 97.38281928798806 3.0
    vertex 545.2317420481313 97.38281928798806 3.0
    vertex 558.6658632146356 90.20398544175538 2.9999999999987934
  endloop
endfacet
facet normal 0.0 0.0 1.0
  outer loop
    vertex 578.7627420481313 97.38281928798806 3.0
    vertex 558.6658632146356 90.20398544175538 2.9999999999987934
    vertex 567.0158632146355 90.20398544175563 2.999999999998737
  endloop
endfacet
facet normal 0.0 0.0 1.0
  outer loop
    vertex 593.1539626727194 102.38281928798806 3.0
    vertex 578.7627420481313 97.38281928798806 3.0
    vertex 584.5301234200681 96.09746487175315 3.0
  endloop
endfacet
facet normal 0.0 0.0 1.0
  outer loop
    vertex 584.5301234200681 96.09746487175315 3.0
    vertex 578.7627420481313 97.38281928798806 3.0
    vertex 584.1573312139323 95.81141135107694 3.0
  endloop
endfacet
facet normal 0.0 0.0 1.0
  outer loop
    vertex 584.1573312139323 95.81141135107694 3.0
    vertex 578.7627420481313 97.38281928798806 3.0
    vertex 583.871277693256 95.43861914494114 3.0
  endloop
endfacet
facet normal 0.0 0.0 1.0
  outer loop
    vertex 583.871277693256 95.43861914494114 3.0
    vertex 578.7627420481313 97.38281928798806 3.0
    vertex 583.6914569327478 95.00449342612568 3.0
  endloop
endfacet
facet normal 0.0 0.0 1.0
  outer loop
    vertex 583.6914569327478 95.00449342612568 3.0
    vertex 578.7627420481313 97.38281928798806 3.0
    vertex 578.9331129166859 80.70443402413214 3.0000000000000013
  endloop
endfacet
facet normal 0.0 0.0 1.0
  outer loop
    vertex 583.6914569327478 95.00449342612568 3.0
    vertex 578.9331129166859 80.70443402413214 3.0000000000000013
    vertex 579.432615029209 79.49852924964473 3.0000000000000013
  endloop
endfacet
facet normal 0.0 0.0 1.0
  outer loop
    vertex 583.6914569327478 95.00449342612568 3.0
    vertex 579.432615029209 79.49852924964473 3.0000000000000013
    vertex 580.2272081421985 78.462995343712 3.0000000000000013
  endloop
endfacet
facet normal 0.0 0.0 1.0
  outer loop
    vertex 583.6914569327478 95.00449342612568 3.0
    vertex 580.2272081421985 78.462995343712 3.0000000000000013
    vertex 581.2627420481311 77.66840223072253 3.0000000000000013
  endloop
endfacet
facet normal 0.0 0.0 1.0
  outer loop
    vertex 583.6914569327478 95.00449342612568 3.0
    vertex 581.2627420481311 77.66840223072253 3.0000000000000013
    vertex 582.0207914130016 82.46528351558263 3.0000000000000013
  endloop
endfacet
facet normal 0.0 0.0 1.0
  outer loop
    vertex 582.0207914130016 82.46528351558263 3.0000000000000013
    vertex 581.2627420481311 77.66840223072253 3.0000000000000013
    vertex 581.9593420481312 81.99852924964476 3.0000000000000013
  endloop
endfacet
facet normal 0.0 0.0 1.0
  outer loop
    vertex 583.6914569327478 95.00449342612568 3.0
    vertex 582.0207914130016 82.46528351558263 3.0000000000000013
    vertex 583.6301234200681 94.53861914494112 3.0
  endloop
endfacet
facet normal 0.0 0.0 1.0
  outer loop
    vertex 583.6301234200681 94.53861914494112 3.0
    vertex 582.0207914130016 82.46528351558263 3.0000000000000013
    vertex 582.2009518349464 82.90022924964472 3.0000000000000013
  endloop
endfacet
facet normal 0.0 0.0 1.0
  outer loop
    vertex 583.6301234200681 94.53861914494112 3.0
    vertex 582.2009518349464 82.90022924964472 3.0000000000000013
    vertex 582.4875456789395 83.27372561883654 3.0000000000000013
  endloop
endfacet
facet normal 0.0 0.0 1.0
  outer loop
    vertex 583.6301234200681 94.53861914494112 3.0
    vertex 582.4875456789395 83.27372561883654 3.0000000000000013
    vertex 582.8610420481313 83.56031946282957 3.0000000000000013
  endloop
endfacet
facet normal 0.0 0.0 1.0
  outer loop
    vertex 583.6301234200681 94.53861914494112 3.0
    vertex 582.8610420481313 83.56031946282957 3.0000000000000013
    vertex 583.2959877821934 83.74047988477442 3.0000000000000013
  endloop
endfacet
facet normal 0.0 0.0 1.0
  outer loop
    vertex 593.1539626727194 102.38281928798806 3.0
    vertex 584.5301234200681 96.09746487175315 3.0
    vertex 584.9642491388836 96.2772856322615 3.0
  endloop
endfacet
facet normal 0.0 0.0 1.0
  outer loop
    vertex 593.1539626727194 102.38281928798806 3.0
    vertex 584.9642491388836 96.2772856322615 3.0
    vertex 585.4301234200681 96.33861914494116 3.0
  endloop
endfacet
facet normal 0.0 0.0 1.0
  outer loop
    vertex 593.1539626727194 102.38281928798806 3.0
    vertex 585.4301234200681 96.33861914494116 3.0
    vertex 585.8959977012527 96.2772856322615 3.0
  endloop
endfacet
facet normal 0.0 0.0 1.0
  outer loop
    vertex 593.1539626727194 102.38281928798806 3.0
    vertex 585.8959977012527 96.2772856322615 3.0
    vertex 586.3301234200682 96.09746487175315 3.0
  endloop
endfacet
facet normal 0.0 0.0 1.0
  outer loop
    vertex 593.1539626727194 102.38281928798806 3.0
    vertex 586.3301234200682 96.09746487175315 3.0
    vertex 586.702915626204 95.81141135107694 3.0
  endloop
endfacet
facet normal 0.0 0.0 1.0
  outer loop
    vertex 593.1539626727194 102.38281928798806 3.0
    vertex 586.702915626204 95.81141135107694 3.0
    vertex 586.9889691468802 95.43861914494114 3.0
  endloop
endfacet
facet normal 0.0 0.0 1.0
  outer loop
    vertex 593.1539626727194 102.38281928798806 3.0
    vertex 586.9889691468802 95.43861914494114 3.0
    vertex 587.1687899073885 95.00449342612568 3.0
  endloop
endfacet
facet normal 0.0 0.0 1.0
  outer loop
    vertex 593.1539626727194 102.38281928798806 3.0
    vertex 587.1687899073885 95.00449342612568 3.0
    vertex 587.2301234200681 94.53861914494112 3.0
  endloop
endfacet
facet normal 0.0 0.0 1.0
  outer loop
    vertex 593.1539626727194 102.38281928798806 3.0
    vertex 587.2301234200681 94.53861914494112 3.0
    vertex 588.1539626727194 76.99852924964472 3.0000000000000013
  endloop
endfacet
facet normal 0.0 0.0 1.0
  outer loop
    vertex 593.1539626727194 102.38281928798806 3.0
    vertex 588.1539626727194 76.99852924964472 3.0000000000000013
    vertex 588.1771228146293 42.45526916238069 3.0
  endloop
endfacet
facet normal 0.0 0.0 1.0
  outer loop
    vertex 593.1539626727194 102.38281928798806 3.0
    vertex 588.1771228146293 42.45526916238069 3.0
    vertex 593.1539626727194 31.36181928798808 3.0
  endloop
endfacet
facet normal 0.0 0.0 1.0
  outer loop
    vertex 581.869392959219 52.013723731637185 3.0
    vertex 584.2239812313718 38.72806136851647 3.0
    vertex 588.1771228146293 42.45526916238069 3.0
  endloop
endfacet
facet normal 0.0 0.0 1.0
  outer loop
    vertex 584.2239812313718 38.72806136851647 3.0
    vertex 581.869392959219 52.013723731637185 3.0
    vertex 583.9379277106956 38.35526916238067 3.0
  endloop
endfacet
facet normal 0.0 0.0 1.0
  outer loop
    vertex 583.9379277106956 38.35526916238067 3.0
    vertex 581.869392959219 52.013723731637185 3.0
    vertex 583.7581069501873 37.92114344356521 3.0
  endloop
endfacet
facet normal 0.0 0.0 1.0
  outer loop
    vertex 583.7581069501873 37.92114344356521 3.0
    vertex 581.869392959219 52.013723731637185 3.0
    vertex 583.6967734375077 37.45526916238065 3.0
  endloop
endfacet
facet normal 0.0 0.0 1.0
  outer loop
    vertex 588.1771228146293 42.45526916238069 3.0
    vertex 584.2239812313718 38.72806136851647 3.0
    vertex 584.5967734375076 39.01411488919268 3.0
  endloop
endfacet
facet normal 0.0 0.0 1.0
  outer loop
    vertex 588.1771228146293 42.45526916238069 3.0
    vertex 584.5967734375076 39.01411488919268 3.0
    vertex 585.0308991563231 39.19393564970102 3.0
  endloop
endfacet
facet normal 0.0 0.0 1.0
  outer loop
    vertex 588.1771228146293 42.45526916238069 3.0
    vertex 585.0308991563231 39.19393564970102 3.0
    vertex 585.4967734375076 39.2552691623807 3.0
  endloop
endfacet
facet normal 0.0 0.0 1.0
  outer loop
    vertex 588.1771228146293 42.45526916238069 3.0
    vertex 585.4967734375076 39.2552691623807 3.0
    vertex 585.9626477186922 39.19393564970102 3.0
  endloop
endfacet
facet normal 0.0 0.0 1.0
  outer loop
    vertex 588.1771228146293 42.45526916238069 3.0
    vertex 585.9626477186922 39.19393564970102 3.0
    vertex 586.3967734375077 39.01411488919268 3.0
  endloop
endfacet
facet normal 0.0 0.0 1.0
  outer loop
    vertex 588.1771228146293 42.45526916238069 3.0
    vertex 586.3967734375077 39.01411488919268 3.0
    vertex 586.7695656436435 38.728061368516464 3.0
  endloop
endfacet
facet normal 0.0 0.0 1.0
  outer loop
    vertex 588.1771228146293 42.45526916238069 3.0
    vertex 586.7695656436435 38.728061368516464 3.0
    vertex 587.0556191643196 38.35526916238067 3.0
  endloop
endfacet
facet normal 0.0 0.0 1.0
  outer loop
    vertex 588.1771228146293 42.45526916238069 3.0
    vertex 587.0556191643196 38.35526916238067 3.0
    vertex 587.2354399248279 37.92114344356521 3.0
  endloop
endfacet
facet normal 0.0 0.0 1.0
  outer loop
    vertex 588.1771228146293 42.45526916238069 3.0
    vertex 587.2354399248279 37.92114344356521 3.0
    vertex 587.2967734375077 37.45526916238065 3.0
  endloop
endfacet
facet normal 0.0 0.0 1.0
  outer loop
    vertex 583.7627420481313 83.8019292496447 3.0000000000000013
    vertex 583.6301234200681 94.53861914494112 3.0
    vertex 583.2959877821934 83.74047988477442 3.0000000000000013
  endloop
endfacet
facet normal 0.0 0.0 1.0
  outer loop
    vertex 583.6301234200681 94.53861914494112 3.0
    vertex 583.7627420481313 83.8019292496447 3.0000000000000013
    vertex 583.6914569327478 94.07274486375658 3.0
  endloop
endfacet
facet normal 0.0 0.0 1.0
  outer loop
    vertex 583.6914569327478 94.07274486375658 3.0
    vertex 583.7627420481313 83.8019292496447 3.0000000000000013
    vertex 583.871277693256 93.6386191449411 3.0
  endloop
endfacet
facet normal 0.0 0.0 1.0
  outer loop
    vertex 583.871277693256 93.6386191449411 3.0
    vertex 583.7627420481313 83.8019292496447 3.0000000000000013
    vertex 584.2294963140691 83.74047988477442 3.0000000000000013
  endloop
endfacet
facet normal 0.0 0.0 1.0
  outer loop
    vertex 583.871277693256 93.6386191449411 3.0
    vertex 584.2294963140691 83.74047988477442 3.0000000000000013
    vertex 584.1573312139323 93.2658269388053 3.0
  endloop
endfacet
facet normal 0.0 0.0 1.0
  outer loop
    vertex 584.1573312139323 93.2658269388053 3.0
    vertex 584.2294963140691 83.74047988477442 3.0000000000000013
    vertex 584.5301234200681 92.9797734181291 3.0
  endloop
endfacet
facet normal 0.0 0.0 1.0
  outer loop
    vertex 584.5301234200681 92.9797734181291 3.0
    vertex 584.2294963140691 83.74047988477442 3.0000000000000013
    vertex 584.6644420481313 83.56031946282957 3.0000000000000013
  endloop
endfacet
facet normal 0.0 0.0 1.0
  outer loop
    vertex 584.5301234200681 92.9797734181291 3.0
    vertex 584.6644420481313 83.56031946282957 3.0000000000000013
    vertex 584.9642491388836 92.79995265762076 3.0
  endloop
endfacet
facet normal 0.0 0.0 1.0
  outer loop
    vertex 584.9642491388836 92.79995265762076 3.0
    vertex 584.6644420481313 83.56031946282957 3.0000000000000013
    vertex 585.0379384173231 83.27372561883654 3.0000000000000013
  endloop
endfacet
facet normal 0.0 0.0 1.0
  outer loop
    vertex 584.9642491388836 92.79995265762076 3.0
    vertex 585.0379384173231 83.27372561883654 3.0000000000000013
    vertex 585.4301234200681 92.73861914494108 3.0
  endloop
endfacet
facet normal 0.0 0.0 1.0
  outer loop
    vertex 585.4301234200681 92.73861914494108 3.0
    vertex 585.0379384173231 83.27372561883654 3.0000000000000013
    vertex 585.3245322613161 82.90022924964472 3.0000000000000013
  endloop
endfacet
facet normal 0.0 0.0 1.0
  outer loop
    vertex 585.4301234200681 92.73861914494108 3.0
    vertex 585.3245322613161 82.90022924964472 3.0000000000000013
    vertex 585.5046926832609 82.46528351558263 3.0000000000000013
  endloop
endfacet
facet normal 0.0 0.0 1.0
  outer loop
    vertex 585.4301234200681 92.73861914494108 3.0
    vertex 585.5046926832609 82.46528351558263 3.0000000000000013
    vertex 585.8959977012527 92.79995265762076 3.0
  endloop
endfacet
facet normal 0.0 0.0 1.0
  outer loop
    vertex 585.8959977012527 92.79995265762076 3.0
    vertex 585.5046926832609 82.46528351558263 3.0000000000000013
    vertex 585.5661420481312 81.99852924964476 3.0000000000000013
  endloop
endfacet
facet normal 0.0 0.0 1.0
  outer loop
    vertex 538.4283420481313 75.00724645537213 3.0000000000000013
    vertex 538.6133693876725 81.78450826303552 2.9999999999999947
    vertex 537.9855518882953 81.78450826303552 2.9999999999999947
  endloop
endfacet
facet normal 0.0 0.0 1.0
  outer loop
    vertex 538.6133693876725 81.78450826303552 2.9999999999999947
    vertex 538.4283420481313 75.00724645537213 3.0000000000000013
    vertex 538.4897914130014 75.47400072131006 3.0000000000000013
  endloop
endfacet
facet normal 0.0 0.0 1.0
  outer loop
    vertex 538.6133693876725 81.78450826303552 2.9999999999999947
    vertex 538.4897914130014 75.47400072131006 3.0000000000000013
    vertex 538.6699518349463 75.9089464553722 3.0000000000000013
  endloop
endfacet
facet normal 0.0 0.0 1.0
  outer loop
    vertex 535.9315692721646 41.84285855734739 3.0
    vertex 537.1955008258616 38.76654177402665 3.0
    vertex 550.3970081421985 53.55378036130505 3.0
  endloop
endfacet
facet normal 0.0 0.0 1.0
  outer loop
    vertex 537.1955008258616 38.76654177402665 3.0
    vertex 535.9315692721646 41.84285855734739 3.0
    vertex 536.9094473051854 38.39374956789085 3.0
  endloop
endfacet
facet normal 0.0 0.0 1.0
  outer loop
    vertex 536.9094473051854 38.39374956789085 3.0
    vertex 535.9315692721646 41.84285855734739 3.0
    vertex 536.7296265446771 37.95962384907538 3.0
  endloop
endfacet
facet normal 0.0 0.0 1.0
  outer loop
    vertex 536.7296265446771 37.95962384907538 3.0
    vertex 535.9315692721646 41.84285855734739 3.0
    vertex 536.6682930319973 37.49374956789083 3.0
  endloop
endfacet
facet normal 0.0 0.0 1.0
  outer loop
    vertex 550.3970081421985 53.55378036130505 3.0
    vertex 537.1955008258616 38.76654177402665 3.0
    vertex 537.5682930319974 39.052595294702854 3.0
  endloop
endfacet
facet normal 0.0 0.0 1.0
  outer loop
    vertex 550.3970081421985 53.55378036130505 3.0
    vertex 537.5682930319974 39.052595294702854 3.0
    vertex 538.0024187508128 39.23241605521119 3.0
  endloop
endfacet
facet normal 0.0 0.0 1.0
  outer loop
    vertex 550.3970081421985 53.55378036130505 3.0
    vertex 538.0024187508128 39.23241605521119 3.0
    vertex 538.4682930319974 39.29374956789087 3.0
  endloop
endfacet
facet normal 0.0 0.0 1.0
  outer loop
    vertex 550.3970081421985 53.55378036130505 3.0
    vertex 538.4682930319974 39.29374956789087 3.0
    vertex 538.934167313182 39.23241605521119 3.0
  endloop
endfacet
facet normal 0.0 0.0 1.0
  outer loop
    vertex 550.3970081421985 53.55378036130505 3.0
    vertex 538.934167313182 39.23241605521119 3.0
    vertex 539.3682930319975 39.052595294702854 3.0
  endloop
endfacet
facet normal 0.0 0.0 1.0
  outer loop
    vertex 550.3970081421985 53.55378036130505 3.0
    vertex 539.3682930319975 39.052595294702854 3.0
    vertex 539.7410852381332 38.76654177402664 3.0
  endloop
endfacet
facet normal 0.0 0.0 1.0
  outer loop
    vertex 550.3970081421985 53.55378036130505 3.0
    vertex 539.7410852381332 38.76654177402664 3.0
    vertex 540.0271387588094 38.39374956789085 3.0
  endloop
endfacet
facet normal 0.0 0.0 1.0
  outer loop
    vertex 550.3970081421985 53.55378036130505 3.0
    vertex 540.0271387588094 38.39374956789085 3.0
    vertex 540.2069595193177 37.95962384907538 3.0
  endloop
endfacet
facet normal 0.0 0.0 1.0
  outer loop
    vertex 550.3970081421985 53.55378036130505 3.0
    vertex 540.2069595193177 37.95962384907538 3.0
    vertex 540.2682930319975 37.49374956789083 3.0
  endloop
endfacet
facet normal 0.0 0.0 1.0
  outer loop
    vertex 550.3970081421985 53.55378036130505 3.0
    vertex 540.2682930319975 37.49374956789083 3.0
    vertex 544.914209141713 36.361819287988084 3.0
  endloop
endfacet
facet normal 0.0 0.0 1.0
  outer loop
    vertex 550.3970081421985 53.55378036130505 3.0
    vertex 544.914209141713 36.361819287988084 3.0
    vertex 549.737308888032 40.25018917843556 2.99999999999991
  endloop
endfacet
facet normal 0.0 0.0 1.0
  outer loop
    vertex 550.3970081421985 53.55378036130505 3.0
    vertex 549.737308888032 40.25018917843556 2.99999999999991
    vertex 552.3707518349464 49.11654645537229 3.0
  endloop
endfacet
facet normal 0.0 0.0 1.0
  outer loop
    vertex 552.3707518349464 49.11654645537229 3.0
    vertex 549.737308888032 40.25018917843556 2.99999999999991
    vertex 557.9917694505014 40.25018917843556 3.000000000001499
  endloop
endfacet
facet normal 0.0 0.0 1.0
  outer loop
    vertex 550.3970081421985 53.55378036130505 3.0
    vertex 552.3707518349464 49.11654645537229 3.0
    vertex 552.1905914130017 49.551492189434406 3.0
  endloop
endfacet
facet normal 0.0 0.0 1.0
  outer loop
    vertex 550.3970081421985 53.55378036130505 3.0
    vertex 552.1905914130017 49.551492189434406 3.0
    vertex 551.4325420481314 54.34837347429452 3.0
  endloop
endfacet
facet normal 0.0 0.0 1.0
  outer loop
    vertex 551.4325420481314 54.34837347429452 3.0
    vertex 552.1905914130017 49.551492189434406 3.0
    vertex 552.1291420481314 50.0182464553723 3.0
  endloop
endfacet
facet normal 0.0 0.0 1.0
  outer loop
    vertex 552.3707518349464 49.11654645537229 3.0
    vertex 557.9917694505014 40.25018917843556 3.000000000001499
    vertex 552.6573456789396 48.74305008618046 3.0
  endloop
endfacet
facet normal 0.0 0.0 1.0
  outer loop
    vertex 552.6573456789396 48.74305008618046 3.0
    vertex 557.9917694505014 40.25018917843556 3.000000000001499
    vertex 553.0308420481314 48.45645624218743 3.0
  endloop
endfacet
facet normal 0.0 0.0 1.0
  outer loop
    vertex 553.0308420481314 48.45645624218743 3.0
    vertex 557.9917694505014 40.25018917843556 3.000000000001499
    vertex 553.4657877821934 48.27629582024257 3.0
  endloop
endfacet
facet normal 0.0 0.0 1.0
  outer loop
    vertex 553.4657877821934 48.27629582024257 3.0
    vertex 557.9917694505014 40.25018917843556 3.000000000001499
    vertex 553.9325420481313 48.21484645537227 3.0
  endloop
endfacet
facet normal 0.0 0.0 1.0
  outer loop
    vertex 553.9325420481313 48.21484645537227 3.0
    vertex 557.9917694505014 40.25018917843556 3.000000000001499
    vertex 554.3992963140693 48.27629582024257 3.0
  endloop
endfacet
facet normal 0.0 0.0 1.0
  outer loop
    vertex 554.3992963140693 48.27629582024257 3.0
    vertex 557.9917694505014 40.25018917843556 3.000000000001499
    vertex 554.8342420481313 48.456456242187414 3.0
  endloop
endfacet
facet normal 0.0 0.0 1.0
  outer loop
    vertex 554.8342420481313 48.456456242187414 3.0
    vertex 557.9917694505014 40.25018917843556 3.000000000001499
    vertex 555.2077384173233 48.74305008618046 3.0
  endloop
endfacet
facet normal 0.0 0.0 1.0
  outer loop
    vertex 555.2077384173233 48.74305008618046 3.0
    vertex 557.9917694505014 40.25018917843556 3.000000000001499
    vertex 555.4943322613162 49.11654645537229 3.0
  endloop
endfacet
facet normal 0.0 0.0 1.0
  outer loop
    vertex 555.4943322613162 49.11654645537229 3.0
    vertex 557.9917694505014 40.25018917843556 3.000000000001499
    vertex 555.6744926832612 49.551492189434406 3.0
  endloop
endfacet
facet normal 0.0 0.0 1.0
  outer loop
    vertex 555.6744926832612 49.551492189434406 3.0
    vertex 557.9917694505014 40.25018917843556 3.000000000001499
    vertex 555.7359420481315 50.0182464553723 3.0
  endloop
endfacet
facet normal 0.0 0.0 1.0
  outer loop
    vertex 578.9331129166859 80.70443402413214 3.0000000000000013
    vertex 578.7627420481313 97.38281928798806 3.0
    vertex 578.7627420481313 81.99852924964476 3.0000000000000013
  endloop
endfacet
facet normal 0.0 0.0 1.0
  outer loop
    vertex 566.3417694505013 40.25018917843562 3.0000000000013185
    vertex 575.6097914130015 49.499692189434434 3.0
    vertex 575.5483420481312 49.96644645537231 3.0
  endloop
endfacet
facet normal 0.0 0.0 1.0
  outer loop
    vertex 575.6097914130015 49.499692189434434 3.0
    vertex 566.3417694505013 40.25018917843562 3.0000000000013185
    vertex 577.8089511899474 40.25018917843562 3.000000000000615
  endloop
endfacet
facet normal 0.0 0.0 1.0
  outer loop
    vertex 575.6097914130015 49.499692189434434 3.0
    vertex 577.8089511899474 40.25018917843562 3.000000000000615
    vertex 575.7899518349462 49.0647464553723 3.0
  endloop
endfacet
facet normal 0.0 0.0 1.0
  outer loop
    vertex 575.7899518349462 49.0647464553723 3.0
    vertex 577.8089511899474 40.25018917843562 3.000000000000615
    vertex 576.0765456789394 48.69125008618049 3.0
  endloop
endfacet
facet normal 0.0 0.0 1.0
  outer loop
    vertex 576.0765456789394 48.69125008618049 3.0
    vertex 577.8089511899474 40.25018917843562 3.000000000000615
    vertex 576.4500420481312 48.40465624218744 3.0
  endloop
endfacet
facet normal 0.0 0.0 1.0
  outer loop
    vertex 576.4500420481312 48.40465624218744 3.0
    vertex 577.8089511899474 40.25018917843562 3.000000000000615
    vertex 576.8849877821933 48.224495820242595 3.0
  endloop
endfacet
facet normal 0.0 0.0 1.0
  outer loop
    vertex 576.8849877821933 48.224495820242595 3.0
    vertex 577.8089511899474 40.25018917843562 3.000000000000615
    vertex 577.3517420481312 48.163046455372296 3.0
  endloop
endfacet
facet normal 0.0 0.0 1.0
  outer loop
    vertex 577.3517420481312 48.163046455372296 3.0
    vertex 577.8089511899474 40.25018917843562 3.000000000000615
    vertex 577.8184963140691 48.22449582024259 3.0
  endloop
endfacet
facet normal 0.0 0.0 1.0
  outer loop
    vertex 577.8184963140691 48.22449582024259 3.0
    vertex 577.8089511899474 40.25018917843562 3.000000000000615
    vertex 580.3208354654987 36.361819287988084 3.0
  endloop
endfacet
facet normal 0.0 0.0 1.0
  outer loop
    vertex 577.8184963140691 48.22449582024259 3.0
    vertex 580.3208354654987 36.361819287988084 3.0
    vertex 578.2534420481312 48.40465624218744 3.0
  endloop
endfacet
facet normal 0.0 0.0 1.0
  outer loop
    vertex 578.2534420481312 48.40465624218744 3.0
    vertex 580.3208354654987 36.361819287988084 3.0
    vertex 578.6269384173231 48.69125008618049 3.0
  endloop
endfacet
facet normal 0.0 0.0 1.0
  outer loop
    vertex 578.6269384173231 48.69125008618049 3.0
    vertex 580.3208354654987 36.361819287988084 3.0
    vertex 578.913532261316 49.0647464553723 3.0
  endloop
endfacet
facet normal 0.0 0.0 1.0
  outer loop
    vertex 578.913532261316 49.0647464553723 3.0
    vertex 580.3208354654987 36.361819287988084 3.0
    vertex 579.093692683261 49.499692189434434 3.0
  endloop
endfacet
facet normal 0.0 0.0 1.0
  outer loop
    vertex 579.093692683261 49.499692189434434 3.0
    vertex 580.3208354654987 36.361819287988084 3.0
    vertex 579.1551420481313 49.96644645537231 3.0
  endloop
endfacet
facet normal 0.0 0.0 1.0
  outer loop
    vertex 579.1551420481313 49.96644645537231 3.0
    vertex 580.3208354654987 36.361819287988084 3.0
    vertex 579.8517420481312 54.29657347429453 3.0
  endloop
endfacet
facet normal 0.0 0.0 1.0
  outer loop
    vertex 579.8517420481312 54.29657347429453 3.0
    vertex 580.3208354654987 36.361819287988084 3.0
    vertex 580.887275954064 53.50198036130507 3.0
  endloop
endfacet
facet normal 0.0 0.0 1.0
  outer loop
    vertex 552.1291420481314 50.0182464553723 3.0
    vertex 552.6384468226188 54.84787558681767 3.0
    vertex 551.4325420481314 54.34837347429452 3.0
  endloop
endfacet
facet normal 0.0 0.0 1.0
  outer loop
    vertex 552.6384468226188 54.84787558681767 3.0
    vertex 552.1291420481314 50.0182464553723 3.0
    vertex 552.1905914130017 50.48500072131019 3.0
  endloop
endfacet
facet normal 0.0 0.0 1.0
  outer loop
    vertex 552.6384468226188 54.84787558681767 3.0
    vertex 552.1905914130017 50.48500072131019 3.0
    vertex 552.3707518349465 50.91994645537232 3.0
  endloop
endfacet
facet normal 0.0 0.0 1.0
  outer loop
    vertex 552.6384468226188 54.84787558681767 3.0
    vertex 552.3707518349465 50.91994645537232 3.0
    vertex 552.6573456789396 51.293442824564146 3.0
  endloop
endfacet
facet normal 0.0 0.0 1.0
  outer loop
    vertex 552.6384468226188 54.84787558681767 3.0
    vertex 552.6573456789396 51.293442824564146 3.0
    vertex 553.9325420481313 55.018246455372335 3.0
  endloop
endfacet
facet normal 0.0 0.0 1.0
  outer loop
    vertex 553.9325420481313 55.018246455372335 3.0
    vertex 552.6573456789396 51.293442824564146 3.0
    vertex 553.0308420481315 51.58003666855719 3.0
  endloop
endfacet
facet normal 0.0 0.0 1.0
  outer loop
    vertex 553.9325420481313 55.018246455372335 3.0
    vertex 553.0308420481315 51.58003666855719 3.0
    vertex 553.4657877821935 51.76019709050204 3.0
  endloop
endfacet
facet normal 0.0 0.0 1.0
  outer loop
    vertex 553.9325420481313 55.018246455372335 3.0
    vertex 553.4657877821935 51.76019709050204 3.0
    vertex 553.9325420481314 51.82164645537234 3.0
  endloop
endfacet
facet normal 0.0 0.0 1.0
  outer loop
    vertex 553.9325420481313 55.018246455372335 3.0
    vertex 553.9325420481314 51.82164645537234 3.0
    vertex 577.3517420481312 54.96644645537235 3.0
  endloop
endfacet
facet normal 0.0 0.0 1.0
  outer loop
    vertex 577.3517420481312 54.96644645537235 3.0
    vertex 553.9325420481314 51.82164645537234 3.0
    vertex 554.3992963140693 51.76019709050204 3.0
  endloop
endfacet
facet normal 0.0 0.0 1.0
  outer loop
    vertex 577.3517420481312 54.96644645537235 3.0
    vertex 554.3992963140693 51.76019709050204 3.0
    vertex 554.8342420481315 51.58003666855719 3.0
  endloop
endfacet
facet normal 0.0 0.0 1.0
  outer loop
    vertex 577.3517420481312 54.96644645537235 3.0
    vertex 554.8342420481315 51.58003666855719 3.0
    vertex 555.2077384173233 51.293442824564146 3.0
  endloop
endfacet
facet normal 0.0 0.0 1.0
  outer loop
    vertex 577.3517420481312 54.96644645537235 3.0
    vertex 555.2077384173233 51.293442824564146 3.0
    vertex 555.4943322613163 50.91994645537232 3.0
  endloop
endfacet
facet normal 0.0 0.0 1.0
  outer loop
    vertex 577.3517420481312 54.96644645537235 3.0
    vertex 555.4943322613163 50.91994645537232 3.0
    vertex 555.6744926832612 50.48500072131019 3.0
  endloop
endfacet
facet normal 0.0 0.0 1.0
  outer loop
    vertex 577.3517420481312 54.96644645537235 3.0
    vertex 555.6744926832612 50.48500072131019 3.0
    vertex 555.7359420481315 50.0182464553723 3.0
  endloop
endfacet
facet normal 0.0 0.0 1.0
  outer loop
    vertex 577.3517420481312 54.96644645537235 3.0
    vertex 555.7359420481315 50.0182464553723 3.0
    vertex 557.9917694505014 40.25018917843556 3.000000000001499
  endloop
endfacet
facet normal 0.0 0.0 1.0
  outer loop
    vertex 577.3517420481312 54.96644645537235 3.0
    vertex 557.9917694505014 40.25018917843556 3.000000000001499
    vertex 566.3417694505013 40.25018917843562 3.0000000000013185
  endloop
endfacet
facet normal 0.0 0.0 1.0
  outer loop
    vertex 577.3517420481312 54.96644645537235 3.0
    vertex 566.3417694505013 40.25018917843562 3.0000000000013185
    vertex 575.6097914130015 50.433200721310214 3.0
  endloop
endfacet
facet normal 0.0 0.0 1.0
  outer loop
    vertex 575.6097914130015 50.433200721310214 3.0
    vertex 566.3417694505013 40.25018917843562 3.0000000000013185
    vertex 575.5483420481312 49.96644645537231 3.0
  endloop
endfacet
facet normal 0.0 0.0 1.0
  outer loop
    vertex 577.3517420481312 54.96644645537235 3.0
    vertex 575.6097914130015 50.433200721310214 3.0
    vertex 575.7899518349462 50.86814645537231 3.0
  endloop
endfacet
facet normal 0.0 0.0 1.0
  outer loop
    vertex 577.3517420481312 54.96644645537235 3.0
    vertex 575.7899518349462 50.86814645537231 3.0
    vertex 576.0765456789394 51.24164282456415 3.0
  endloop
endfacet
facet normal 0.0 0.0 1.0
  outer loop
    vertex 577.3517420481312 54.96644645537235 3.0
    vertex 576.0765456789394 51.24164282456415 3.0
    vertex 576.4500420481312 51.528236668557184 3.0
  endloop
endfacet
facet normal 0.0 0.0 1.0
  outer loop
    vertex 577.3517420481312 54.96644645537235 3.0
    vertex 576.4500420481312 51.528236668557184 3.0
    vertex 576.8849877821933 51.70839709050206 3.0
  endloop
endfacet
facet normal 0.0 0.0 1.0
  outer loop
    vertex 577.3517420481312 54.96644645537235 3.0
    vertex 576.8849877821933 51.70839709050206 3.0
    vertex 577.3517420481312 51.76984645537235 3.0
  endloop
endfacet
facet normal 0.0 0.0 1.0
  outer loop
    vertex 577.3517420481312 54.96644645537235 3.0
    vertex 577.3517420481312 51.76984645537235 3.0
    vertex 577.8184963140691 51.70839709050206 3.0
  endloop
endfacet
facet normal 0.0 0.0 1.0
  outer loop
    vertex 577.3517420481312 54.96644645537235 3.0
    vertex 577.8184963140691 51.70839709050206 3.0
    vertex 578.6458372736438 54.796075586817686 3.0
  endloop
endfacet
facet normal 0.0 0.0 1.0
  outer loop
    vertex 578.6458372736438 54.796075586817686 3.0
    vertex 577.8184963140691 51.70839709050206 3.0
    vertex 578.2534420481313 51.528236668557184 3.0
  endloop
endfacet
facet normal 0.0 0.0 1.0
  outer loop
    vertex 578.6458372736438 54.796075586817686 3.0
    vertex 578.2534420481313 51.528236668557184 3.0
    vertex 578.6269384173231 51.24164282456415 3.0
  endloop
endfacet
facet normal 0.0 0.0 1.0
  outer loop
    vertex 578.6458372736438 54.796075586817686 3.0
    vertex 578.6269384173231 51.24164282456415 3.0
    vertex 578.913532261316 50.86814645537231 3.0
  endloop
endfacet
facet normal 0.0 0.0 1.0
  outer loop
    vertex 578.6458372736438 54.796075586817686 3.0
    vertex 578.913532261316 50.86814645537231 3.0
    vertex 579.8517420481312 54.29657347429453 3.0
  endloop
endfacet
facet normal 0.0 0.0 1.0
  outer loop
    vertex 579.8517420481312 54.29657347429453 3.0
    vertex 578.913532261316 50.86814645537231 3.0
    vertex 579.093692683261 50.433200721310214 3.0
  endloop
endfacet
facet normal 0.0 0.0 1.0
  outer loop
    vertex 579.8517420481312 54.29657347429453 3.0
    vertex 579.093692683261 50.433200721310214 3.0
    vertex 579.1551420481313 49.96644645537231 3.0
  endloop
endfacet
facet normal 0.0 0.0 -1.0
  outer loop
    vertex 582.3124319664441 92.73861914494113 -1.9999999999999998
    vertex 581.9593420481312 81.99852924964476 -1.9999999999999984
    vertex 581.9527904454275 93.60687058257206 -1.9999999999999998
  endloop
endfacet
facet normal 0.0 0.0 -1.0
  outer loop
    vertex 581.9593420481312 81.99852924964476 -1.9999999999999984
    vertex 582.3124319664441 92.73861914494113 -1.9999999999999998
    vertex 582.0207914130016 82.46528351558263 -1.9999999999999984
  endloop
endfacet
facet normal 0.0 0.0 -1.0
  outer loop
    vertex 582.0207914130016 82.46528351558263 -1.9999999999999984
    vertex 582.3124319664441 92.73861914494113 -1.9999999999999998
    vertex 582.2009518349464 82.90022924964472 -1.9999999999999984
  endloop
endfacet
facet normal 0.0 0.0 -1.0
  outer loop
    vertex 582.2009518349464 82.90022924964472 -1.9999999999999984
    vertex 582.3124319664441 92.73861914494113 -1.9999999999999998
    vertex 582.4875456789395 83.27372561883654 -1.9999999999999984
  endloop
endfacet
facet normal 0.0 0.0 -1.0
  outer loop
    vertex 582.4875456789395 83.27372561883654 -1.9999999999999984
    vertex 582.3124319664441 92.73861914494113 -1.9999999999999998
    vertex 582.8845390077965 91.99303473266956 -1.9999999999999998
  endloop
endfacet
facet normal 0.0 0.0 -1.0
  outer loop
    vertex 582.4875456789395 83.27372561883654 -1.9999999999999984
    vertex 582.8845390077965 91.99303473266956 -1.9999999999999998
    vertex 582.8610420481313 83.56031946282957 -1.9999999999999984
  endloop
endfacet
facet normal 0.0 0.0 -1.0
  outer loop
    vertex 582.8610420481313 83.56031946282957 -1.9999999999999984
    vertex 582.8845390077965 91.99303473266956 -1.9999999999999998
    vertex 583.2959877821934 83.74047988477442 -1.9999999999999984
  endloop
endfacet
facet normal 0.0 0.0 -1.0
  outer loop
    vertex 583.2959877821934 83.74047988477442 -1.9999999999999984
    vertex 582.8845390077965 91.99303473266956 -1.9999999999999998
    vertex 583.6301234200681 91.42092769131715 -1.9999999999999998
  endloop
endfacet
facet normal 0.0 0.0 -1.0
  outer loop
    vertex 583.2959877821934 83.74047988477442 -1.9999999999999984
    vertex 583.6301234200681 91.42092769131715 -1.9999999999999998
    vertex 583.7627420481313 83.8019292496447 -1.9999999999999984
  endloop
endfacet
facet normal 0.0 0.0 -1.0
  outer loop
    vertex 583.7627420481313 83.8019292496447 -1.9999999999999984
    vertex 583.6301234200681 91.42092769131715 -1.9999999999999998
    vertex 584.4983748576991 91.06128617030049 -1.9999999999999998
  endloop
endfacet
facet normal 0.0 0.0 -1.0
  outer loop
    vertex 583.7627420481313 83.8019292496447 -1.9999999999999984
    vertex 584.4983748576991 91.06128617030049 -1.9999999999999998
    vertex 584.2294963140691 83.74047988477442 -1.9999999999999984
  endloop
endfacet
facet normal 0.0 0.0 -1.0
  outer loop
    vertex 584.2294963140691 83.74047988477442 -1.9999999999999984
    vertex 584.4983748576991 91.06128617030049 -1.9999999999999998
    vertex 584.6644420481313 83.56031946282957 -1.9999999999999984
  endloop
endfacet
facet normal 0.0 0.0 -1.0
  outer loop
    vertex 584.6644420481313 83.56031946282957 -1.9999999999999984
    vertex 584.4983748576991 91.06128617030049 -1.9999999999999998
    vertex 585.4301234200681 90.93861914494113 -1.9999999999999998
  endloop
endfacet
facet normal 0.0 0.0 -1.0
  outer loop
    vertex 584.6644420481313 83.56031946282957 -1.9999999999999984
    vertex 585.4301234200681 90.93861914494113 -1.9999999999999998
    vertex 585.0379384173231 83.27372561883654 -1.9999999999999984
  endloop
endfacet
facet normal 0.0 0.0 -1.0
  outer loop
    vertex 585.0379384173231 83.27372561883654 -1.9999999999999984
    vertex 585.4301234200681 90.93861914494113 -1.9999999999999998
    vertex 585.3245322613161 82.90022924964472 -1.9999999999999984
  endloop
endfacet
facet normal 0.0 0.0 -1.0
  outer loop
    vertex 585.3245322613161 82.90022924964472 -1.9999999999999984
    vertex 585.4301234200681 90.93861914494113 -1.9999999999999998
    vertex 585.5046926832609 82.46528351558263 -1.9999999999999984
  endloop
endfacet
facet normal 0.0 0.0 -1.0
  outer loop
    vertex 585.5046926832609 82.46528351558263 -1.9999999999999984
    vertex 585.4301234200681 90.93861914494113 -1.9999999999999998
    vertex 586.3618719824372 91.06128617030048 -1.9999999999999998
  endloop
endfacet
facet normal 0.0 0.0 -1.0
  outer loop
    vertex 585.5046926832609 82.46528351558263 -1.9999999999999984
    vertex 586.3618719824372 91.06128617030048 -1.9999999999999998
    vertex 585.5661420481312 81.99852924964476 -1.9999999999999984
  endloop
endfacet
facet normal 0.0 0.0 -1.0
  outer loop
    vertex 581.2627420481311 77.66840223072253 -1.9999999999999984
    vertex 581.9593420481312 81.99852924964476 -1.9999999999999984
    vertex 582.4686468226187 77.16890011819939 -1.9999999999999984
  endloop
endfacet
facet normal 0.0 0.0 -1.0
  outer loop
    vertex 581.9593420481312 81.99852924964476 -1.9999999999999984
    vertex 581.2627420481311 77.66840223072253 -1.9999999999999984
    vertex 581.8301234200682 94.53861914494112 -1.9999999999999998
  endloop
endfacet
facet normal 0.0 0.0 -1.0
  outer loop
    vertex 581.9593420481312 81.99852924964476 -1.9999999999999984
    vertex 581.8301234200682 94.53861914494112 -1.9999999999999998
    vertex 581.9527904454275 93.60687058257206 -1.9999999999999998
  endloop
endfacet
facet normal 0.0 0.0 -1.0
  outer loop
    vertex 582.4686468226187 77.16890011819939 -1.9999999999999984
    vertex 581.9593420481312 81.99852924964476 -1.9999999999999984
    vertex 582.0207914130016 81.53177498370688 -1.9999999999999984
  endloop
endfacet
facet normal 0.0 0.0 -1.0
  outer loop
    vertex 582.4686468226187 77.16890011819939 -1.9999999999999984
    vertex 582.0207914130016 81.53177498370688 -1.9999999999999984
    vertex 582.2009518349464 81.09682924964478 -1.9999999999999984
  endloop
endfacet
facet normal 0.0 0.0 -1.0
  outer loop
    vertex 582.4686468226187 77.16890011819939 -1.9999999999999984
    vertex 582.2009518349464 81.09682924964478 -1.9999999999999984
    vertex 582.4875456789395 80.72333288045297 -1.9999999999999984
  endloop
endfacet
facet normal 0.0 0.0 -1.0
  outer loop
    vertex 582.4686468226187 77.16890011819939 -1.9999999999999984
    vertex 582.4875456789395 80.72333288045297 -1.9999999999999984
    vertex 583.7627420481313 76.99852924964472 -1.9999999999999984
  endloop
endfacet
facet normal 0.0 0.0 -1.0
  outer loop
    vertex 583.7627420481313 76.99852924964472 -1.9999999999999984
    vertex 582.4875456789395 80.72333288045297 -1.9999999999999984
    vertex 582.8610420481313 80.43673903645994 -1.9999999999999984
  endloop
endfacet
facet normal 0.0 0.0 -1.0
  outer loop
    vertex 583.7627420481313 76.99852924964472 -1.9999999999999984
    vertex 582.8610420481313 80.43673903645994 -1.9999999999999984
    vertex 583.2959877821934 80.25657861451509 -1.9999999999999984
  endloop
endfacet
facet normal 0.0 0.0 -1.0
  outer loop
    vertex 583.7627420481313 76.99852924964472 -1.9999999999999984
    vertex 583.2959877821934 80.25657861451509 -1.9999999999999984
    vertex 583.7627420481313 80.19512924964481 -1.9999999999999984
  endloop
endfacet
facet normal 0.0 0.0 -1.0
  outer loop
    vertex 583.7627420481313 76.99852924964472 -1.9999999999999984
    vertex 583.7627420481313 80.19512924964481 -1.9999999999999984
    vertex 584.2294963140691 80.25657861451509 -1.9999999999999984
  endloop
endfacet
facet normal 0.0 0.0 -1.0
  outer loop
    vertex 583.7627420481313 76.99852924964472 -1.9999999999999984
    vertex 584.2294963140691 80.25657861451509 -1.9999999999999984
    vertex 588.1539626727194 76.99852924964472 -1.9999999999999991
  endloop
endfacet
facet normal 0.0 0.0 -1.0
  outer loop
    vertex 588.1539626727194 76.99852924964472 -1.9999999999999991
    vertex 584.2294963140691 80.25657861451509 -1.9999999999999984
    vertex 584.6644420481313 80.43673903645994 -1.9999999999999984
  endloop
endfacet
facet normal 0.0 0.0 -1.0
  outer loop
    vertex 588.1539626727194 76.99852924964472 -1.9999999999999991
    vertex 584.6644420481313 80.43673903645994 -1.9999999999999984
    vertex 585.0379384173231 80.72333288045297 -1.9999999999999984
  endloop
endfacet
facet normal 0.0 0.0 -1.0
  outer loop
    vertex 588.1539626727194 76.99852924964472 -1.9999999999999991
    vertex 585.0379384173231 80.72333288045297 -1.9999999999999984
    vertex 585.3245322613161 81.09682924964478 -1.9999999999999984
  endloop
endfacet
facet normal 0.0 0.0 -1.0
  outer loop
    vertex 588.1539626727194 76.99852924964472 -1.9999999999999991
    vertex 585.3245322613161 81.09682924964478 -1.9999999999999984
    vertex 585.5046926832609 81.53177498370688 -1.9999999999999984
  endloop
endfacet
facet normal 0.0 0.0 -1.0
  outer loop
    vertex 588.1539626727194 76.99852924964472 -1.9999999999999991
    vertex 585.5046926832609 81.53177498370688 -1.9999999999999984
    vertex 585.5661420481312 81.99852924964476 -1.9999999999999984
  endloop
endfacet
facet normal 0.0 0.0 -1.0
  outer loop
    vertex 588.1539626727194 76.99852924964472 -1.9999999999999991
    vertex 585.5661420481312 81.99852924964476 -1.9999999999999984
    vertex 586.3618719824372 91.06128617030048 -1.9999999999999998
  endloop
endfacet
facet normal 0.0 0.0 -1.0
  outer loop
    vertex 588.1539626727194 76.99852924964472 -1.9999999999999991
    vertex 586.3618719824372 91.06128617030048 -1.9999999999999998
    vertex 587.230123420068 91.42092769131715 -1.9999999999999998
  endloop
endfacet
facet normal 0.0 0.0 -1.0
  outer loop
    vertex 588.1539626727194 76.99852924964472 -1.9999999999999991
    vertex 587.230123420068 91.42092769131715 -1.9999999999999998
    vertex 587.9757078323396 91.99303473266956 -1.9999999999999998
  endloop
endfacet
facet normal 0.0 0.0 -1.0
  outer loop
    vertex 588.1539626727194 76.99852924964472 -1.9999999999999991
    vertex 587.9757078323396 91.99303473266956 -1.9999999999999998
    vertex 588.5478148736921 92.73861914494113 -1.9999999999999998
  endloop
endfacet
facet normal 0.0 0.0 -1.0
  outer loop
    vertex 588.1539626727194 76.99852924964472 -1.9999999999999991
    vertex 588.5478148736921 92.73861914494113 -1.9999999999999998
    vertex 588.1771228146293 42.45526916238069 -1.9999999999999998
  endloop
endfacet
facet normal 0.0 0.0 -1.0
  outer loop
    vertex 530.1509626727195 102.38281928798806 -1.9999999999999998
    vertex 534.8682930319974 94.53861914494112 -1.9999999999999998
    vertex 530.1509626727195 31.36181928798808 -1.9999999999999998
  endloop
endfacet
facet normal 0.0 0.0 -1.0
  outer loop
    vertex 534.8682930319974 94.53861914494112 -1.9999999999999998
    vertex 530.1509626727195 102.38281928798806 -1.9999999999999998
    vertex 534.9909600573568 95.4703677073102 -1.9999999999999998
  endloop
endfacet
facet normal 0.0 0.0 -1.0
  outer loop
    vertex 534.9909600573568 95.4703677073102 -1.9999999999999998
    vertex 530.1509626727195 102.38281928798806 -1.9999999999999998
    vertex 535.3506015783734 96.33861914494112 -1.9999999999999998
  endloop
endfacet
facet normal 0.0 0.0 -1.0
  outer loop
    vertex 535.3506015783734 96.33861914494112 -1.9999999999999998
    vertex 530.1509626727195 102.38281928798806 -1.9999999999999998
    vertex 535.9227086197259 97.08420355721269 -1.9999999999999998
  endloop
endfacet
facet normal 0.0 0.0 -1.0
  outer loop
    vertex 535.9227086197259 97.08420355721269 -1.9999999999999998
    vertex 530.1509626727195 102.38281928798806 -1.9999999999999998
    vertex 536.6682930319975 97.6563105985651 -1.9999999999999998
  endloop
endfacet
facet normal 0.0 0.0 -1.0
  outer loop
    vertex 536.6682930319975 97.6563105985651 -1.9999999999999998
    vertex 530.1509626727195 102.38281928798806 -1.9999999999999998
    vertex 537.5365444696283 98.01595211958175 -1.9999999999999998
  endloop
endfacet
facet normal 0.0 0.0 -1.0
  outer loop
    vertex 537.5365444696283 98.01595211958175 -1.9999999999999998
    vertex 530.1509626727195 102.38281928798806 -1.9999999999999998
    vertex 538.4682930319974 98.13861914494112 -1.9999999999999998
  endloop
endfacet
facet normal 0.0 0.0 -1.0
  outer loop
    vertex 538.4682930319974 98.13861914494112 -1.9999999999999998
    vertex 530.1509626727195 102.38281928798806 -1.9999999999999998
    vertex 593.1539626727194 102.38281928798806 -1.9999999999999998
  endloop
endfacet
facet normal 0.0 0.0 -1.0
  outer loop
    vertex 538.4682930319974 98.13861914494112 -1.9999999999999998
    vertex 593.1539626727194 102.38281928798806 -1.9999999999999998
    vertex 539.4000415943665 98.01595211958175 -1.9999999999999998
  endloop
endfacet
facet normal 0.0 0.0 -1.0
  outer loop
    vertex 539.4000415943665 98.01595211958175 -1.9999999999999998
    vertex 593.1539626727194 102.38281928798806 -1.9999999999999998
    vertex 540.2682930319975 97.6563105985651 -1.9999999999999998
  endloop
endfacet
facet normal 0.0 0.0 -1.0
  outer loop
    vertex 540.2682930319975 97.6563105985651 -1.9999999999999998
    vertex 593.1539626727194 102.38281928798806 -1.9999999999999998
    vertex 541.0138774442689 97.08420355721269 -1.9999999999999998
  endloop
endfacet
facet normal 0.0 0.0 -1.0
  outer loop
    vertex 541.0138774442689 97.08420355721269 -1.9999999999999998
    vertex 593.1539626727194 102.38281928798806 -1.9999999999999998
    vertex 545.2317420481313 97.38281928798806 -1.9999999999999991
  endloop
endfacet
facet normal 0.0 0.0 -1.0
  outer loop
    vertex 541.0138774442689 97.08420355721269 -1.9999999999999998
    vertex 545.2317420481313 97.38281928798806 -1.9999999999999991
    vertex 541.5859844856213 96.33861914494112 -1.9999999999999998
  endloop
endfacet
facet normal 0.0 0.0 -1.0
  outer loop
    vertex 541.5859844856213 96.33861914494112 -1.9999999999999998
    vertex 545.2317420481313 97.38281928798806 -1.9999999999999991
    vertex 541.945626006638 95.4703677073102 -1.9999999999999998
  endloop
endfacet
facet normal 0.0 0.0 -1.0
  outer loop
    vertex 541.945626006638 95.4703677073102 -1.9999999999999998
    vertex 545.2317420481313 97.38281928798806 -1.9999999999999991
    vertex 542.0682930319974 94.53861914494112 -1.9999999999999998
  endloop
endfacet
facet normal 0.0 0.0 -1.0
  outer loop
    vertex 542.0682930319974 94.53861914494112 -1.9999999999999998
    vertex 545.2317420481313 97.38281928798806 -1.9999999999999991
    vertex 542.7317420481313 70.67711943644991 -1.9999999999999984
  endloop
endfacet
facet normal 0.0 0.0 -1.0
  outer loop
    vertex 542.7317420481313 70.67711943644991 -1.9999999999999984
    vertex 545.2317420481313 97.38281928798806 -1.9999999999999991
    vertex 543.7672759540641 71.47171254943936 -1.9999999999999984
  endloop
endfacet
facet normal 0.0 0.0 -1.0
  outer loop
    vertex 543.7672759540641 71.47171254943936 -1.9999999999999984
    vertex 545.2317420481313 97.38281928798806 -1.9999999999999991
    vertex 544.5618690670535 72.50724645537211 -1.9999999999999984
  endloop
endfacet
facet normal 0.0 0.0 -1.0
  outer loop
    vertex 544.5618690670535 72.50724645537211 -1.9999999999999984
    vertex 545.2317420481313 97.38281928798806 -1.9999999999999991
    vertex 545.0613711795767 73.71315122985952 -1.9999999999999984
  endloop
endfacet
facet normal 0.0 0.0 -1.0
  outer loop
    vertex 545.2317420481313 97.38281928798806 -1.9999999999999991
    vertex 593.1539626727194 102.38281928798806 -1.9999999999999998
    vertex 578.7627420481313 97.38281928798806 -1.9999999999999991
  endloop
endfacet
facet normal 0.0 0.0 -1.0
  outer loop
    vertex 545.2317420481313 97.38281928798806 -1.9999999999999991
    vertex 578.7627420481313 97.38281928798806 -1.9999999999999991
    vertex 558.6658632146356 90.20398544175477 -1.9999999999984968
  endloop
endfacet
facet normal 0.0 0.0 -1.0
  outer loop
    vertex 558.6658632146356 90.20398544175477 -1.9999999999984968
    vertex 578.7627420481313 97.38281928798806 -1.9999999999999991
    vertex 567.0158632146355 90.20398544175502 -1.9999999999985525
  endloop
endfacet
facet normal 0.0 0.0 -1.0
  outer loop
    vertex 578.7627420481313 97.38281928798806 -1.9999999999999991
    vertex 593.1539626727194 102.38281928798806 -1.9999999999999998
    vertex 583.6301234200681 97.6563105985651 -1.9999999999999998
  endloop
endfacet
facet normal 0.0 0.0 -1.0
  outer loop
    vertex 578.7627420481313 97.38281928798806 -1.9999999999999991
    vertex 583.6301234200681 97.6563105985651 -1.9999999999999998
    vertex 582.8845390077965 97.08420355721269 -1.9999999999999998
  endloop
endfacet
facet normal 0.0 0.0 -1.0
  outer loop
    vertex 578.7627420481313 97.38281928798806 -1.9999999999999991
    vertex 582.8845390077965 97.08420355721269 -1.9999999999999998
    vertex 582.3124319664441 96.33861914494112 -1.9999999999999998
  endloop
endfacet
facet normal 0.0 0.0 -1.0
  outer loop
    vertex 578.7627420481313 97.38281928798806 -1.9999999999999991
    vertex 582.3124319664441 96.33861914494112 -1.9999999999999998
    vertex 581.9527904454275 95.4703677073102 -1.9999999999999998
  endloop
endfacet
facet normal 0.0 0.0 -1.0
  outer loop
    vertex 578.7627420481313 97.38281928798806 -1.9999999999999991
    vertex 581.9527904454275 95.4703677073102 -1.9999999999999998
    vertex 578.7627420481313 81.99852924964476 -1.9999999999999984
  endloop
endfacet
facet normal 0.0 0.0 -1.0
  outer loop
    vertex 578.7627420481313 81.99852924964476 -1.9999999999999984
    vertex 581.9527904454275 95.4703677073102 -1.9999999999999998
    vertex 578.9331129166859 80.70443402413214 -1.9999999999999984
  endloop
endfacet
facet normal 0.0 0.0 -1.0
  outer loop
    vertex 578.9331129166859 80.70443402413214 -1.9999999999999984
    vertex 581.9527904454275 95.4703677073102 -1.9999999999999998
    vertex 579.432615029209 79.49852924964473 -1.9999999999999984
  endloop
endfacet
facet normal 0.0 0.0 -1.0
  outer loop
    vertex 579.432615029209 79.49852924964473 -1.9999999999999984
    vertex 581.9527904454275 95.4703677073102 -1.9999999999999998
    vertex 581.8301234200682 94.53861914494112 -1.9999999999999998
  endloop
endfacet
facet normal 0.0 0.0 -1.0
  outer loop
    vertex 579.432615029209 79.49852924964473 -1.9999999999999984
    vertex 581.8301234200682 94.53861914494112 -1.9999999999999998
    vertex 580.2272081421985 78.462995343712 -1.9999999999999984
  endloop
endfacet
facet normal 0.0 0.0 -1.0
  outer loop
    vertex 580.2272081421985 78.462995343712 -1.9999999999999984
    vertex 581.8301234200682 94.53861914494112 -1.9999999999999998
    vertex 581.2627420481311 77.66840223072253 -1.9999999999999984
  endloop
endfacet
facet normal 0.0 0.0 -1.0
  outer loop
    vertex 583.6301234200681 97.6563105985651 -1.9999999999999998
    vertex 593.1539626727194 102.38281928798806 -1.9999999999999998
    vertex 584.4983748576991 98.01595211958175 -1.9999999999999998
  endloop
endfacet
facet normal 0.0 0.0 -1.0
  outer loop
    vertex 584.4983748576991 98.01595211958175 -1.9999999999999998
    vertex 593.1539626727194 102.38281928798806 -1.9999999999999998
    vertex 585.4301234200681 98.13861914494112 -1.9999999999999998
  endloop
endfacet
facet normal 0.0 0.0 -1.0
  outer loop
    vertex 585.4301234200681 98.13861914494112 -1.9999999999999998
    vertex 593.1539626727194 102.38281928798806 -1.9999999999999998
    vertex 586.3618719824372 98.01595211958175 -1.9999999999999998
  endloop
endfacet
facet normal 0.0 0.0 -1.0
  outer loop
    vertex 586.3618719824372 98.01595211958175 -1.9999999999999998
    vertex 593.1539626727194 102.38281928798806 -1.9999999999999998
    vertex 587.2301234200681 97.6563105985651 -1.9999999999999998
  endloop
endfacet
facet normal 0.0 0.0 -1.0
  outer loop
    vertex 587.2301234200681 97.6563105985651 -1.9999999999999998
    vertex 593.1539626727194 102.38281928798806 -1.9999999999999998
    vertex 587.9757078323396 97.08420355721269 -1.9999999999999998
  endloop
endfacet
facet normal 0.0 0.0 -1.0
  outer loop
    vertex 587.9757078323396 97.08420355721269 -1.9999999999999998
    vertex 593.1539626727194 102.38281928798806 -1.9999999999999998
    vertex 588.5478148736921 96.33861914494112 -1.9999999999999998
  endloop
endfacet
facet normal 0.0 0.0 -1.0
  outer loop
    vertex 588.5478148736921 96.33861914494112 -1.9999999999999998
    vertex 593.1539626727194 102.38281928798806 -1.9999999999999998
    vertex 588.9074563947088 95.4703677073102 -1.9999999999999998
  endloop
endfacet
facet normal 0.0 0.0 -1.0
  outer loop
    vertex 588.9074563947088 95.4703677073102 -1.9999999999999998
    vertex 593.1539626727194 102.38281928798806 -1.9999999999999998
    vertex 589.0301234200681 94.53861914494112 -1.9999999999999998
  endloop
endfacet
facet normal 0.0 0.0 -1.0
  outer loop
    vertex 589.0301234200681 94.53861914494112 -1.9999999999999998
    vertex 593.1539626727194 102.38281928798806 -1.9999999999999998
    vertex 589.0967734375076 37.45526916238065 -1.9999999999999998
  endloop
endfacet
facet normal 0.0 0.0 -1.0
  outer loop
    vertex 530.1509626727195 31.36181928798808 -1.9999999999999998
    vertex 538.4682930319974 33.893749567890836 -1.9999999999999998
    vertex 593.1539626727194 31.36181928798808 -1.9999999999999998
  endloop
endfacet
facet normal 0.0 0.0 -1.0
  outer loop
    vertex 538.4682930319974 33.893749567890836 -1.9999999999999998
    vertex 530.1509626727195 31.36181928798808 -1.9999999999999998
    vertex 537.5365444696283 34.01641659325019 -1.9999999999999998
  endloop
endfacet
facet normal 0.0 0.0 -1.0
  outer loop
    vertex 537.5365444696283 34.01641659325019 -1.9999999999999998
    vertex 530.1509626727195 31.36181928798808 -1.9999999999999998
    vertex 536.6682930319973 34.376058114266854 -1.9999999999999998
  endloop
endfacet
facet normal 0.0 0.0 -1.0
  outer loop
    vertex 536.6682930319973 34.376058114266854 -1.9999999999999998
    vertex 530.1509626727195 31.36181928798808 -1.9999999999999998
    vertex 535.9227086197259 34.948165155619265 -1.9999999999999998
  endloop
endfacet
facet normal 0.0 0.0 -1.0
  outer loop
    vertex 535.9227086197259 34.948165155619265 -1.9999999999999998
    vertex 530.1509626727195 31.36181928798808 -1.9999999999999998
    vertex 535.3506015783734 35.69374956789083 -1.9999999999999998
  endloop
endfacet
facet normal 0.0 0.0 -1.0
  outer loop
    vertex 535.3506015783734 35.69374956789083 -1.9999999999999998
    vertex 530.1509626727195 31.36181928798808 -1.9999999999999998
    vertex 534.9909600573568 36.56200100552176 -1.9999999999999998
  endloop
endfacet
facet normal 0.0 0.0 -1.0
  outer loop
    vertex 534.9909600573568 36.56200100552176 -1.9999999999999998
    vertex 530.1509626727195 31.36181928798808 -1.9999999999999998
    vertex 534.8682930319974 37.49374956789083 -1.9999999999999998
  endloop
endfacet
facet normal 0.0 0.0 -1.0
  outer loop
    vertex 534.8682930319974 37.49374956789083 -1.9999999999999998
    vertex 530.1509626727195 31.36181928798808 -1.9999999999999998
    vertex 534.8682930319974 94.53861914494112 -1.9999999999999998
  endloop
endfacet
facet normal 0.0 0.0 -1.0
  outer loop
    vertex 593.1539626727194 31.36181928798808 -1.9999999999999998
    vertex 538.4682930319974 33.893749567890836 -1.9999999999999998
    vertex 539.4000415943665 34.01641659325019 -1.9999999999999998
  endloop
endfacet
facet normal 0.0 0.0 -1.0
  outer loop
    vertex 593.1539626727194 31.36181928798808 -1.9999999999999998
    vertex 539.4000415943665 34.01641659325019 -1.9999999999999998
    vertex 540.2682930319974 34.376058114266854 -1.9999999999999998
  endloop
endfacet
facet normal 0.0 0.0 -1.0
  outer loop
    vertex 593.1539626727194 31.36181928798808 -1.9999999999999998
    vertex 540.2682930319974 34.376058114266854 -1.9999999999999998
    vertex 541.0138774442689 34.94816515561926 -1.9999999999999998
  endloop
endfacet
facet normal 0.0 0.0 -1.0
  outer loop
    vertex 593.1539626727194 31.36181928798808 -1.9999999999999998
    vertex 541.0138774442689 34.94816515561926 -1.9999999999999998
    vertex 541.5859844856213 35.69374956789083 -1.9999999999999998
  endloop
endfacet
facet normal 0.0 0.0 -1.0
  outer loop
    vertex 593.1539626727194 31.36181928798808 -1.9999999999999998
    vertex 541.5859844856213 35.69374956789083 -1.9999999999999998
    vertex 541.945626006638 36.56200100552175 -1.9999999999999998
  endloop
endfacet
facet normal 0.0 0.0 -1.0
  outer loop
    vertex 593.1539626727194 31.36181928798808 -1.9999999999999998
    vertex 541.945626006638 36.56200100552175 -1.9999999999999998
    vertex 544.914209141713 36.361819287988084 -1.9999999999999998
  endloop
endfacet
facet normal 0.0 0.0 -1.0
  outer loop
    vertex 544.914209141713 36.361819287988084 -1.9999999999999998
    vertex 541.945626006638 36.56200100552175 -1.9999999999999998
    vertex 542.0682930319974 37.49374956789083 -1.9999999999999998
  endloop
endfacet
facet normal 0.0 0.0 -1.0
  outer loop
    vertex 593.1539626727194 31.36181928798808 -1.9999999999999998
    vertex 544.914209141713 36.361819287988084 -1.9999999999999998
    vertex 584.5650248751386 33.97793618774001 -1.9999999999999998
  endloop
endfacet
facet normal 0.0 0.0 -1.0
  outer loop
    vertex 584.5650248751386 33.97793618774001 -1.9999999999999998
    vertex 544.914209141713 36.361819287988084 -1.9999999999999998
    vertex 583.6967734375077 34.33757770875668 -1.9999999999999998
  endloop
endfacet
facet normal 0.0 0.0 -1.0
  outer loop
    vertex 583.6967734375077 34.33757770875668 -1.9999999999999998
    vertex 544.914209141713 36.361819287988084 -1.9999999999999998
    vertex 580.3208354654987 36.361819287988084 -1.9999999999999998
  endloop
endfacet
facet normal 0.0 0.0 -1.0
  outer loop
    vertex 583.6967734375077 34.33757770875668 -1.9999999999999998
    vertex 580.3208354654987 36.361819287988084 -1.9999999999999998
    vertex 582.9511890252361 34.90968475010909 -1.9999999999999998
  endloop
endfacet
facet normal 0.0 0.0 -1.0
  outer loop
    vertex 582.9511890252361 34.90968475010909 -1.9999999999999998
    vertex 580.3208354654987 36.361819287988084 -1.9999999999999998
    vertex 582.3790819838837 35.655269162380655 -1.9999999999999998
  endloop
endfacet
facet normal 0.0 0.0 -1.0
  outer loop
    vertex 582.3790819838837 35.655269162380655 -1.9999999999999998
    vertex 580.3208354654987 36.361819287988084 -1.9999999999999998
    vertex 582.019440462867 36.52352060001158 -1.9999999999999998
  endloop
endfacet
facet normal 0.0 0.0 -1.0
  outer loop
    vertex 582.019440462867 36.52352060001158 -1.9999999999999998
    vertex 580.3208354654987 36.361819287988084 -1.9999999999999998
    vertex 581.8967734375077 37.45526916238065 -1.9999999999999998
  endloop
endfacet
facet normal 0.0 0.0 -1.0
  outer loop
    vertex 581.8967734375077 37.45526916238065 -1.9999999999999998
    vertex 580.3208354654987 36.361819287988084 -1.9999999999999998
    vertex 580.887275954064 53.50198036130507 -1.9999999999999998
  endloop
endfacet
facet normal 0.0 0.0 -1.0
  outer loop
    vertex 581.8967734375077 37.45526916238065 -1.9999999999999998
    vertex 580.887275954064 53.50198036130507 -1.9999999999999998
    vertex 581.869392959219 52.013723731637185 -1.9999999999999998
  endloop
endfacet
facet normal 0.0 0.0 -1.0
  outer loop
    vertex 593.1539626727194 31.36181928798808 -1.9999999999999998
    vertex 584.5650248751386 33.97793618774001 -1.9999999999999998
    vertex 585.4967734375076 33.85526916238066 -1.9999999999999998
  endloop
endfacet
facet normal 0.0 0.0 -1.0
  outer loop
    vertex 593.1539626727194 31.36181928798808 -1.9999999999999998
    vertex 585.4967734375076 33.85526916238066 -1.9999999999999998
    vertex 586.4285219998767 33.97793618774001 -1.9999999999999998
  endloop
endfacet
facet normal 0.0 0.0 -1.0
  outer loop
    vertex 593.1539626727194 31.36181928798808 -1.9999999999999998
    vertex 586.4285219998767 33.97793618774001 -1.9999999999999998
    vertex 587.2967734375076 34.33757770875668 -1.9999999999999998
  endloop
endfacet
facet normal 0.0 0.0 -1.0
  outer loop
    vertex 593.1539626727194 31.36181928798808 -1.9999999999999998
    vertex 587.2967734375076 34.33757770875668 -1.9999999999999998
    vertex 588.0423578497791 34.909684750109086 -1.9999999999999998
  endloop
endfacet
facet normal 0.0 0.0 -1.0
  outer loop
    vertex 593.1539626727194 31.36181928798808 -1.9999999999999998
    vertex 588.0423578497791 34.909684750109086 -1.9999999999999998
    vertex 588.6144648911317 35.655269162380655 -1.9999999999999998
  endloop
endfacet
facet normal 0.0 0.0 -1.0
  outer loop
    vertex 593.1539626727194 31.36181928798808 -1.9999999999999998
    vertex 588.6144648911317 35.655269162380655 -1.9999999999999998
    vertex 588.9741064121483 36.52352060001158 -1.9999999999999998
  endloop
endfacet
facet normal 0.0 0.0 -1.0
  outer loop
    vertex 593.1539626727194 31.36181928798808 -1.9999999999999998
    vertex 588.9741064121483 36.52352060001158 -1.9999999999999998
    vertex 589.0967734375076 37.45526916238065 -1.9999999999999998
  endloop
endfacet
facet normal 0.0 0.0 -1.0
  outer loop
    vertex 593.1539626727194 31.36181928798808 -1.9999999999999998
    vertex 589.0967734375076 37.45526916238065 -1.9999999999999998
    vertex 593.1539626727194 102.38281928798806 -1.9999999999999998
  endloop
endfacet
facet normal 0.0 0.0 -1.0
  outer loop
    vertex 581.869392959219 52.013723731637185 -1.9999999999999998
    vertex 582.019440462867 38.387017724749725 -1.9999999999999998
    vertex 581.8967734375077 37.45526916238065 -1.9999999999999998
  endloop
endfacet
facet normal 0.0 0.0 -1.0
  outer loop
    vertex 582.019440462867 38.387017724749725 -1.9999999999999998
    vertex 581.869392959219 52.013723731637185 -1.9999999999999998
    vertex 582.3790819838837 39.25526916238065 -1.9999999999999998
  endloop
endfacet
facet normal 0.0 0.0 -1.0
  outer loop
    vertex 582.3790819838837 39.25526916238065 -1.9999999999999998
    vertex 581.869392959219 52.013723731637185 -1.9999999999999998
    vertex 582.9511890252361 40.000853574652226 -1.9999999999999998
  endloop
endfacet
facet normal 0.0 0.0 -1.0
  outer loop
    vertex 582.9511890252361 40.000853574652226 -1.9999999999999998
    vertex 581.869392959219 52.013723731637185 -1.9999999999999998
    vertex 583.6967734375077 40.57296061600463 -1.9999999999999998
  endloop
endfacet
facet normal 0.0 0.0 -1.0
  outer loop
    vertex 583.6967734375077 40.57296061600463 -1.9999999999999998
    vertex 581.869392959219 52.013723731637185 -1.9999999999999998
    vertex 588.1771228146293 42.45526916238069 -1.9999999999999998
  endloop
endfacet
facet normal 0.0 0.0 -1.0
  outer loop
    vertex 583.6967734375077 40.57296061600463 -1.9999999999999998
    vertex 588.1771228146293 42.45526916238069 -1.9999999999999998
    vertex 584.5650248751386 40.93260213702129 -1.9999999999999998
  endloop
endfacet
facet normal 0.0 0.0 -1.0
  outer loop
    vertex 584.5650248751386 40.93260213702129 -1.9999999999999998
    vertex 588.1771228146293 42.45526916238069 -1.9999999999999998
    vertex 585.4967734375076 41.05526916238065 -1.9999999999999998
  endloop
endfacet
facet normal 0.0 0.0 -1.0
  outer loop
    vertex 585.4967734375076 41.05526916238065 -1.9999999999999998
    vertex 588.1771228146293 42.45526916238069 -1.9999999999999998
    vertex 586.4285219998767 40.93260213702129 -1.9999999999999998
  endloop
endfacet
facet normal 0.0 0.0 -1.0
  outer loop
    vertex 586.4285219998767 40.93260213702129 -1.9999999999999998
    vertex 588.1771228146293 42.45526916238069 -1.9999999999999998
    vertex 587.2967734375077 40.57296061600463 -1.9999999999999998
  endloop
endfacet
facet normal 0.0 0.0 -1.0
  outer loop
    vertex 587.2967734375077 40.57296061600463 -1.9999999999999998
    vertex 588.1771228146293 42.45526916238069 -1.9999999999999998
    vertex 588.0423578497791 40.000853574652226 -1.9999999999999998
  endloop
endfacet
facet normal 0.0 0.0 -1.0
  outer loop
    vertex 588.0423578497791 40.000853574652226 -1.9999999999999998
    vertex 588.1771228146293 42.45526916238069 -1.9999999999999998
    vertex 588.6144648911317 39.25526916238065 -1.9999999999999998
  endloop
endfacet
facet normal 0.0 0.0 -1.0
  outer loop
    vertex 588.6144648911317 39.25526916238065 -1.9999999999999998
    vertex 588.1771228146293 42.45526916238069 -1.9999999999999998
    vertex 588.5478148736921 92.73861914494113 -1.9999999999999998
  endloop
endfacet
facet normal 0.0 0.0 -1.0
  outer loop
    vertex 588.6144648911317 39.25526916238065 -1.9999999999999998
    vertex 588.5478148736921 92.73861914494113 -1.9999999999999998
    vertex 588.9074563947088 93.60687058257204 -1.9999999999999998
  endloop
endfacet
facet normal 0.0 0.0 -1.0
  outer loop
    vertex 588.6144648911317 39.25526916238065 -1.9999999999999998
    vertex 588.9074563947088 93.60687058257204 -1.9999999999999998
    vertex 588.9741064121483 38.387017724749725 -1.9999999999999998
  endloop
endfacet
facet normal 0.0 0.0 -1.0
  outer loop
    vertex 588.9741064121483 38.387017724749725 -1.9999999999999998
    vertex 588.9074563947088 93.60687058257204 -1.9999999999999998
    vertex 589.0301234200681 94.53861914494112 -1.9999999999999998
  endloop
endfacet
facet normal 0.0 0.0 -1.0
  outer loop
    vertex 588.9741064121483 38.387017724749725 -1.9999999999999998
    vertex 589.0301234200681 94.53861914494112 -1.9999999999999998
    vertex 589.0967734375076 37.45526916238065 -1.9999999999999998
  endloop
endfacet
facet normal 0.0 0.0 -1.0
  outer loop
    vertex 534.9909600573568 38.4254981302599 -1.9999999999999998
    vertex 535.1509626727195 41.84285855734739 -1.9999999999999998
    vertex 535.3506015783734 39.29374956789083 -1.9999999999999998
  endloop
endfacet
facet normal 0.0 0.0 -1.0
  outer loop
    vertex 535.1509626727195 41.84285855734739 -1.9999999999999998
    vertex 534.9909600573568 38.4254981302599 -1.9999999999999998
    vertex 535.1509626727195 70.0072464553721 -1.9999999999999991
  endloop
endfacet
facet normal 0.0 0.0 -1.0
  outer loop
    vertex 535.3506015783734 39.29374956789083 -1.9999999999999998
    vertex 535.1509626727195 41.84285855734739 -1.9999999999999998
    vertex 535.9315692721646 41.84285855734739 -1.9999999999999998
  endloop
endfacet
facet normal 0.0 0.0 -1.0
  outer loop
    vertex 535.3506015783734 39.29374956789083 -1.9999999999999998
    vertex 535.9315692721646 41.84285855734739 -1.9999999999999998
    vertex 535.9227086197259 40.0393339801624 -1.9999999999999998
  endloop
endfacet
facet normal 0.0 0.0 -1.0
  outer loop
    vertex 535.9227086197259 40.0393339801624 -1.9999999999999998
    vertex 535.9315692721646 41.84285855734739 -1.9999999999999998
    vertex 536.6682930319975 40.6114410215148 -1.9999999999999998
  endloop
endfacet
facet normal 0.0 0.0 -1.0
  outer loop
    vertex 536.6682930319975 40.6114410215148 -1.9999999999999998
    vertex 535.9315692721646 41.84285855734739 -1.9999999999999998
    vertex 550.3970081421985 53.55378036130505 -1.9999999999999998
  endloop
endfacet
facet normal 0.0 0.0 -1.0
  outer loop
    vertex 536.6682930319975 40.6114410215148 -1.9999999999999998
    vertex 550.3970081421985 53.55378036130505 -1.9999999999999998
    vertex 537.5365444696283 40.97108254253147 -1.9999999999999998
  endloop
endfacet
facet normal 0.0 0.0 -1.0
  outer loop
    vertex 537.5365444696283 40.97108254253147 -1.9999999999999998
    vertex 550.3970081421985 53.55378036130505 -1.9999999999999998
    vertex 538.4682930319974 41.093749567890825 -1.9999999999999998
  endloop
endfacet
facet normal 0.0 0.0 -1.0
  outer loop
    vertex 538.4682930319974 41.093749567890825 -1.9999999999999998
    vertex 550.3970081421985 53.55378036130505 -1.9999999999999998
    vertex 539.4000415943665 40.97108254253147 -1.9999999999999998
  endloop
endfacet
facet normal 0.0 0.0 -1.0
  outer loop
    vertex 539.4000415943665 40.97108254253147 -1.9999999999999998
    vertex 550.3970081421985 53.55378036130505 -1.9999999999999998
    vertex 540.2682930319975 40.6114410215148 -1.9999999999999998
  endloop
endfacet
facet normal 0.0 0.0 -1.0
  outer loop
    vertex 540.2682930319975 40.6114410215148 -1.9999999999999998
    vertex 550.3970081421985 53.55378036130505 -1.9999999999999998
    vertex 541.0138774442689 40.0393339801624 -1.9999999999999998
  endloop
endfacet
facet normal 0.0 0.0 -1.0
  outer loop
    vertex 541.0138774442689 40.0393339801624 -1.9999999999999998
    vertex 550.3970081421985 53.55378036130505 -1.9999999999999998
    vertex 541.5859844856213 39.29374956789083 -1.9999999999999998
  endloop
endfacet
facet normal 0.0 0.0 -1.0
  outer loop
    vertex 541.5859844856213 39.29374956789083 -1.9999999999999998
    vertex 550.3970081421985 53.55378036130505 -1.9999999999999998
    vertex 541.945626006638 38.4254981302599 -1.9999999999999998
  endloop
endfacet
facet normal 0.0 0.0 -1.0
  outer loop
    vertex 541.945626006638 38.4254981302599 -1.9999999999999998
    vertex 550.3970081421985 53.55378036130505 -1.9999999999999998
    vertex 542.0682930319974 37.49374956789083 -1.9999999999999998
  endloop
endfacet
facet normal 0.0 0.0 -1.0
  outer loop
    vertex 542.0682930319974 37.49374956789083 -1.9999999999999998
    vertex 550.3970081421985 53.55378036130505 -1.9999999999999998
    vertex 544.914209141713 36.361819287988084 -1.9999999999999998
  endloop
endfacet
facet normal 0.0 0.0 -1.0
  outer loop
    vertex 544.914209141713 36.361819287988084 -1.9999999999999998
    vertex 550.3970081421985 53.55378036130505 -1.9999999999999998
    vertex 549.737308888032 40.2501891784351 -1.9999999999999998
  endloop
endfacet
facet normal 0.0 0.0 -1.0
  outer loop
    vertex 549.737308888032 40.2501891784351 -1.9999999999999998
    vertex 550.3970081421985 53.55378036130505 -1.9999999999999998
    vertex 552.3707518349464 49.11654645537229 -1.9999999999999998
  endloop
endfacet
facet normal 0.0 0.0 -1.0
  outer loop
    vertex 549.737308888032 40.2501891784351 -1.9999999999999998
    vertex 552.3707518349464 49.11654645537229 -1.9999999999999998
    vertex 557.9917694505014 40.2501891784351 -1.9999999999984108
  endloop
endfacet
facet normal 0.0 0.0 -1.0
  outer loop
    vertex 552.3707518349464 49.11654645537229 -1.9999999999999998
    vertex 550.3970081421985 53.55378036130505 -1.9999999999999998
    vertex 552.1905914130017 49.551492189434406 -1.9999999999999998
  endloop
endfacet
facet normal 0.0 0.0 -1.0
  outer loop
    vertex 552.1905914130017 49.551492189434406 -1.9999999999999998
    vertex 550.3970081421985 53.55378036130505 -1.9999999999999998
    vertex 551.4325420481314 54.34837347429452 -1.9999999999999998
  endloop
endfacet
facet normal 0.0 0.0 -1.0
  outer loop
    vertex 552.1905914130017 49.551492189434406 -1.9999999999999998
    vertex 551.4325420481314 54.34837347429452 -1.9999999999999998
    vertex 552.1291420481314 50.0182464553723 -1.9999999999999998
  endloop
endfacet
facet normal 0.0 0.0 -1.0
  outer loop
    vertex 557.9917694505014 40.2501891784351 -1.9999999999984108
    vertex 552.3707518349464 49.11654645537229 -1.9999999999999998
    vertex 552.6573456789396 48.74305008618046 -1.9999999999999998
  endloop
endfacet
facet normal 0.0 0.0 -1.0
  outer loop
    vertex 557.9917694505014 40.2501891784351 -1.9999999999984108
    vertex 552.6573456789396 48.74305008618046 -1.9999999999999998
    vertex 553.0308420481314 48.45645624218743 -1.9999999999999998
  endloop
endfacet
facet normal 0.0 0.0 -1.0
  outer loop
    vertex 557.9917694505014 40.2501891784351 -1.9999999999984108
    vertex 553.0308420481314 48.45645624218743 -1.9999999999999998
    vertex 553.4657877821934 48.27629582024257 -1.9999999999999998
  endloop
endfacet
facet normal 0.0 0.0 -1.0
  outer loop
    vertex 557.9917694505014 40.2501891784351 -1.9999999999984108
    vertex 553.4657877821934 48.27629582024257 -1.9999999999999998
    vertex 553.9325420481313 48.21484645537227 -1.9999999999999998
  endloop
endfacet
facet normal 0.0 0.0 -1.0
  outer loop
    vertex 557.9917694505014 40.2501891784351 -1.9999999999984108
    vertex 553.9325420481313 48.21484645537227 -1.9999999999999998
    vertex 554.3992963140693 48.27629582024257 -1.9999999999999998
  endloop
endfacet
facet normal 0.0 0.0 -1.0
  outer loop
    vertex 557.9917694505014 40.2501891784351 -1.9999999999984108
    vertex 554.3992963140693 48.27629582024257 -1.9999999999999998
    vertex 554.8342420481313 48.456456242187414 -1.9999999999999998
  endloop
endfacet
facet normal 0.0 0.0 -1.0
  outer loop
    vertex 557.9917694505014 40.2501891784351 -1.9999999999984108
    vertex 554.8342420481313 48.456456242187414 -1.9999999999999998
    vertex 555.2077384173233 48.74305008618046 -1.9999999999999998
  endloop
endfacet
facet normal 0.0 0.0 -1.0
  outer loop
    vertex 557.9917694505014 40.2501891784351 -1.9999999999984108
    vertex 555.2077384173233 48.74305008618046 -1.9999999999999998
    vertex 555.4943322613162 49.11654645537229 -1.9999999999999998
  endloop
endfacet
facet normal 0.0 0.0 -1.0
  outer loop
    vertex 557.9917694505014 40.2501891784351 -1.9999999999984108
    vertex 555.4943322613162 49.11654645537229 -1.9999999999999998
    vertex 555.6744926832612 49.551492189434406 -1.9999999999999998
  endloop
endfacet
facet normal 0.0 0.0 -1.0
  outer loop
    vertex 557.9917694505014 40.2501891784351 -1.9999999999984108
    vertex 555.6744926832612 49.551492189434406 -1.9999999999999998
    vertex 555.7359420481315 50.0182464553723 -1.9999999999999998
  endloop
endfacet
facet normal 0.0 0.0 -1.0
  outer loop
    vertex 545.2317420481313 75.00724645537213 -1.9999999999999984
    vertex 545.0613711795767 73.71315122985952 -1.9999999999999984
    vertex 545.2317420481313 97.38281928798806 -1.9999999999999991
  endloop
endfacet
facet normal 0.0 0.0 -1.0
  outer loop
    vertex 538.4682930319974 90.93861914494113 -1.9999999999999998
    vertex 538.4283420481313 75.00724645537213 -1.9999999999999984
    vertex 537.5365444696283 91.06128617030049 -1.9999999999999998
  endloop
endfacet
facet normal 0.0 0.0 -1.0
  outer loop
    vertex 538.4283420481313 75.00724645537213 -1.9999999999999984
    vertex 538.4682930319974 90.93861914494113 -1.9999999999999998
    vertex 538.4897914130014 75.47400072131006 -1.9999999999999984
  endloop
endfacet
facet normal 0.0 0.0 -1.0
  outer loop
    vertex 538.4897914130014 75.47400072131006 -1.9999999999999984
    vertex 538.4682930319974 90.93861914494113 -1.9999999999999998
    vertex 539.4000415943665 91.06128617030048 -1.9999999999999998
  endloop
endfacet
facet normal 0.0 0.0 -1.0
  outer loop
    vertex 538.4897914130014 75.47400072131006 -1.9999999999999984
    vertex 539.4000415943665 91.06128617030048 -1.9999999999999998
    vertex 538.6699518349463 75.9089464553722 -1.9999999999999984
  endloop
endfacet
facet normal 0.0 0.0 -1.0
  outer loop
    vertex 538.6699518349463 75.9089464553722 -1.9999999999999984
    vertex 539.4000415943665 91.06128617030048 -1.9999999999999998
    vertex 538.9565456789394 76.28244282456404 -1.9999999999999984
  endloop
endfacet
facet normal 0.0 0.0 -1.0
  outer loop
    vertex 538.9565456789394 76.28244282456404 -1.9999999999999984
    vertex 539.4000415943665 91.06128617030048 -1.9999999999999998
    vertex 539.3300420481312 76.5690366685571 -1.9999999999999984
  endloop
endfacet
facet normal 0.0 0.0 -1.0
  outer loop
    vertex 539.3300420481312 76.5690366685571 -1.9999999999999984
    vertex 539.4000415943665 91.06128617030048 -1.9999999999999998
    vertex 539.7649877821934 76.74919709050197 -1.9999999999999984
  endloop
endfacet
facet normal 0.0 0.0 -1.0
  outer loop
    vertex 539.7649877821934 76.74919709050197 -1.9999999999999984
    vertex 539.4000415943665 91.06128617030048 -1.9999999999999998
    vertex 540.2682930319974 91.42092769131715 -1.9999999999999998
  endloop
endfacet
facet normal 0.0 0.0 -1.0
  outer loop
    vertex 539.7649877821934 76.74919709050197 -1.9999999999999984
    vertex 540.2682930319974 91.42092769131715 -1.9999999999999998
    vertex 540.2317420481313 76.81064645537226 -1.9999999999999984
  endloop
endfacet
facet normal 0.0 0.0 -1.0
  outer loop
    vertex 540.2317420481313 76.81064645537226 -1.9999999999999984
    vertex 540.2682930319974 91.42092769131715 -1.9999999999999998
    vertex 540.6984963140692 76.74919709050197 -1.9999999999999984
  endloop
endfacet
facet normal 0.0 0.0 -1.0
  outer loop
    vertex 540.6984963140692 76.74919709050197 -1.9999999999999984
    vertex 540.2682930319974 91.42092769131715 -1.9999999999999998
    vertex 541.0138774442689 91.99303473266956 -1.9999999999999998
  endloop
endfacet
facet normal 0.0 0.0 -1.0
  outer loop
    vertex 540.6984963140692 76.74919709050197 -1.9999999999999984
    vertex 541.0138774442689 91.99303473266956 -1.9999999999999998
    vertex 541.1334420481313 76.5690366685571 -1.9999999999999984
  endloop
endfacet
facet normal 0.0 0.0 -1.0
  outer loop
    vertex 541.1334420481313 76.5690366685571 -1.9999999999999984
    vertex 541.0138774442689 91.99303473266956 -1.9999999999999998
    vertex 541.5859844856213 92.73861914494113 -1.9999999999999998
  endloop
endfacet
facet normal 0.0 0.0 -1.0
  outer loop
    vertex 541.1334420481313 76.5690366685571 -1.9999999999999984
    vertex 541.5859844856213 92.73861914494113 -1.9999999999999998
    vertex 541.5069384173232 76.28244282456404 -1.9999999999999984
  endloop
endfacet
facet normal 0.0 0.0 -1.0
  outer loop
    vertex 541.5069384173232 76.28244282456404 -1.9999999999999984
    vertex 541.5859844856213 92.73861914494113 -1.9999999999999998
    vertex 541.7935322613163 75.9089464553722 -1.9999999999999984
  endloop
endfacet
facet normal 0.0 0.0 -1.0
  outer loop
    vertex 541.7935322613163 75.9089464553722 -1.9999999999999984
    vertex 541.5859844856213 92.73861914494113 -1.9999999999999998
    vertex 541.945626006638 93.60687058257204 -1.9999999999999998
  endloop
endfacet
facet normal 0.0 0.0 -1.0
  outer loop
    vertex 541.7935322613163 75.9089464553722 -1.9999999999999984
    vertex 541.945626006638 93.60687058257204 -1.9999999999999998
    vertex 541.9736926832611 75.47400072131005 -1.9999999999999984
  endloop
endfacet
facet normal 0.0 0.0 -1.0
  outer loop
    vertex 541.9736926832611 75.47400072131005 -1.9999999999999984
    vertex 541.945626006638 93.60687058257204 -1.9999999999999998
    vertex 542.0682930319974 94.53861914494112 -1.9999999999999998
  endloop
endfacet
facet normal 0.0 0.0 -1.0
  outer loop
    vertex 541.9736926832611 75.47400072131005 -1.9999999999999984
    vertex 542.0682930319974 94.53861914494112 -1.9999999999999998
    vertex 542.0351420481314 75.00724645537213 -1.9999999999999984
  endloop
endfacet
facet normal 0.0 0.0 -1.0
  outer loop
    vertex 534.9909600573568 93.60687058257206 -1.9999999999999998
    vertex 534.8682930319974 37.49374956789083 -1.9999999999999998
    vertex 534.8682930319974 94.53861914494112 -1.9999999999999998
  endloop
endfacet
facet normal 0.0 0.0 -1.0
  outer loop
    vertex 534.8682930319974 37.49374956789083 -1.9999999999999998
    vertex 534.9909600573568 93.60687058257206 -1.9999999999999998
    vertex 534.9909600573568 38.4254981302599 -1.9999999999999998
  endloop
endfacet
facet normal 0.0 0.0 -1.0
  outer loop
    vertex 534.9909600573568 38.4254981302599 -1.9999999999999998
    vertex 534.9909600573568 93.60687058257206 -1.9999999999999998
    vertex 535.1509626727195 70.0072464553721 -1.9999999999999991
  endloop
endfacet
facet normal 0.0 0.0 -1.0
  outer loop
    vertex 535.1509626727195 70.0072464553721 -1.9999999999999991
    vertex 534.9909600573568 93.60687058257206 -1.9999999999999998
    vertex 535.3506015783734 92.73861914494113 -1.9999999999999998
  endloop
endfacet
facet normal 0.0 0.0 -1.0
  outer loop
    vertex 535.1509626727195 70.0072464553721 -1.9999999999999991
    vertex 535.3506015783734 92.73861914494113 -1.9999999999999998
    vertex 538.4897914130016 74.54049218943423 -1.9999999999999984
  endloop
endfacet
facet normal 0.0 0.0 -1.0
  outer loop
    vertex 535.1509626727195 70.0072464553721 -1.9999999999999991
    vertex 538.4897914130016 74.54049218943423 -1.9999999999999984
    vertex 540.2317420481313 70.0072464553721 -1.9999999999999984
  endloop
endfacet
facet normal 0.0 0.0 -1.0
  outer loop
    vertex 538.4897914130016 74.54049218943423 -1.9999999999999984
    vertex 535.3506015783734 92.73861914494113 -1.9999999999999998
    vertex 535.9227086197259 91.99303473266956 -1.9999999999999998
  endloop
endfacet
facet normal 0.0 0.0 -1.0
  outer loop
    vertex 538.4897914130016 74.54049218943423 -1.9999999999999984
    vertex 535.9227086197259 91.99303473266956 -1.9999999999999998
    vertex 538.4283420481313 75.00724645537213 -1.9999999999999984
  endloop
endfacet
facet normal 0.0 0.0 -1.0
  outer loop
    vertex 538.4283420481313 75.00724645537213 -1.9999999999999984
    vertex 535.9227086197259 91.99303473266956 -1.9999999999999998
    vertex 536.6682930319973 91.42092769131715 -1.9999999999999998
  endloop
endfacet
facet normal 0.0 0.0 -1.0
  outer loop
    vertex 538.4283420481313 75.00724645537213 -1.9999999999999984
    vertex 536.6682930319973 91.42092769131715 -1.9999999999999998
    vertex 537.5365444696283 91.06128617030049 -1.9999999999999998
  endloop
endfacet
facet normal 0.0 0.0 -1.0
  outer loop
    vertex 540.2317420481313 70.0072464553721 -1.9999999999999984
    vertex 538.4897914130016 74.54049218943423 -1.9999999999999984
    vertex 538.6699518349463 74.1055464553721 -1.9999999999999984
  endloop
endfacet
facet normal 0.0 0.0 -1.0
  outer loop
    vertex 540.2317420481313 70.0072464553721 -1.9999999999999984
    vertex 538.6699518349463 74.1055464553721 -1.9999999999999984
    vertex 538.9565456789395 73.73205008618027 -1.9999999999999984
  endloop
endfacet
facet normal 0.0 0.0 -1.0
  outer loop
    vertex 540.2317420481313 70.0072464553721 -1.9999999999999984
    vertex 538.9565456789395 73.73205008618027 -1.9999999999999984
    vertex 539.3300420481313 73.44545624218723 -1.9999999999999984
  endloop
endfacet
facet normal 0.0 0.0 -1.0
  outer loop
    vertex 540.2317420481313 70.0072464553721 -1.9999999999999984
    vertex 539.3300420481313 73.44545624218723 -1.9999999999999984
    vertex 539.7649877821934 73.26529582024237 -1.9999999999999984
  endloop
endfacet
facet normal 0.0 0.0 -1.0
  outer loop
    vertex 540.2317420481313 70.0072464553721 -1.9999999999999984
    vertex 539.7649877821934 73.26529582024237 -1.9999999999999984
    vertex 540.2317420481313 73.20384645537212 -1.9999999999999984
  endloop
endfacet
facet normal 0.0 0.0 -1.0
  outer loop
    vertex 540.2317420481313 70.0072464553721 -1.9999999999999984
    vertex 540.2317420481313 73.20384645537212 -1.9999999999999984
    vertex 540.6984963140692 73.26529582024237 -1.9999999999999984
  endloop
endfacet
facet normal 0.0 0.0 -1.0
  outer loop
    vertex 540.2317420481313 70.0072464553721 -1.9999999999999984
    vertex 540.6984963140692 73.26529582024237 -1.9999999999999984
    vertex 541.5258372736439 70.17761732392677 -1.9999999999999984
  endloop
endfacet
facet normal 0.0 0.0 -1.0
  outer loop
    vertex 541.5258372736439 70.17761732392677 -1.9999999999999984
    vertex 540.6984963140692 73.26529582024237 -1.9999999999999984
    vertex 541.1334420481314 73.44545624218722 -1.9999999999999984
  endloop
endfacet
facet normal 0.0 0.0 -1.0
  outer loop
    vertex 541.5258372736439 70.17761732392677 -1.9999999999999984
    vertex 541.1334420481314 73.44545624218722 -1.9999999999999984
    vertex 541.5069384173232 73.73205008618027 -1.9999999999999984
  endloop
endfacet
facet normal 0.0 0.0 -1.0
  outer loop
    vertex 541.5258372736439 70.17761732392677 -1.9999999999999984
    vertex 541.5069384173232 73.73205008618027 -1.9999999999999984
    vertex 541.7935322613162 74.1055464553721 -1.9999999999999984
  endloop
endfacet
facet normal 0.0 0.0 -1.0
  outer loop
    vertex 541.5258372736439 70.17761732392677 -1.9999999999999984
    vertex 541.7935322613162 74.1055464553721 -1.9999999999999984
    vertex 542.7317420481313 70.67711943644991 -1.9999999999999984
  endloop
endfacet
facet normal 0.0 0.0 -1.0
  outer loop
    vertex 542.7317420481313 70.67711943644991 -1.9999999999999984
    vertex 541.7935322613162 74.1055464553721 -1.9999999999999984
    vertex 541.9736926832611 74.54049218943423 -1.9999999999999984
  endloop
endfacet
facet normal 0.0 0.0 -1.0
  outer loop
    vertex 542.7317420481313 70.67711943644991 -1.9999999999999984
    vertex 541.9736926832611 74.54049218943423 -1.9999999999999984
    vertex 542.0351420481314 75.00724645537213 -1.9999999999999984
  endloop
endfacet
facet normal 0.0 0.0 -1.0
  outer loop
    vertex 542.7317420481313 70.67711943644991 -1.9999999999999984
    vertex 542.0351420481314 75.00724645537213 -1.9999999999999984
    vertex 542.0682930319974 94.53861914494112 -1.9999999999999998
  endloop
endfacet
facet normal 0.0 0.0 -1.0
  outer loop
    vertex 552.6384468226188 54.84787558681767 -1.9999999999999998
    vertex 552.1291420481314 50.0182464553723 -1.9999999999999998
    vertex 551.4325420481314 54.34837347429452 -1.9999999999999998
  endloop
endfacet
facet normal 0.0 0.0 -1.0
  outer loop
    vertex 552.1291420481314 50.0182464553723 -1.9999999999999998
    vertex 552.6384468226188 54.84787558681767 -1.9999999999999998
    vertex 552.1905914130017 50.48500072131019 -1.9999999999999998
  endloop
endfacet
facet normal 0.0 0.0 -1.0
  outer loop
    vertex 552.1905914130017 50.48500072131019 -1.9999999999999998
    vertex 552.6384468226188 54.84787558681767 -1.9999999999999998
    vertex 552.3707518349465 50.91994645537232 -1.9999999999999998
  endloop
endfacet
facet normal 0.0 0.0 -1.0
  outer loop
    vertex 552.3707518349465 50.91994645537232 -1.9999999999999998
    vertex 552.6384468226188 54.84787558681767 -1.9999999999999998
    vertex 552.6573456789396 51.293442824564146 -1.9999999999999998
  endloop
endfacet
facet normal 0.0 0.0 -1.0
  outer loop
    vertex 552.6573456789396 51.293442824564146 -1.9999999999999998
    vertex 552.6384468226188 54.84787558681767 -1.9999999999999998
    vertex 553.9325420481313 55.018246455372335 -1.9999999999999998
  endloop
endfacet
facet normal 0.0 0.0 -1.0
  outer loop
    vertex 552.6573456789396 51.293442824564146 -1.9999999999999998
    vertex 553.9325420481313 55.018246455372335 -1.9999999999999998
    vertex 553.0308420481315 51.58003666855719 -1.9999999999999998
  endloop
endfacet
facet normal 0.0 0.0 -1.0
  outer loop
    vertex 553.0308420481315 51.58003666855719 -1.9999999999999998
    vertex 553.9325420481313 55.018246455372335 -1.9999999999999998
    vertex 553.4657877821935 51.76019709050204 -1.9999999999999998
  endloop
endfacet
facet normal 0.0 0.0 -1.0
  outer loop
    vertex 553.4657877821935 51.76019709050204 -1.9999999999999998
    vertex 553.9325420481313 55.018246455372335 -1.9999999999999998
    vertex 553.9325420481314 51.82164645537234 -1.9999999999999998
  endloop
endfacet
facet normal 0.0 0.0 -1.0
  outer loop
    vertex 553.9325420481314 51.82164645537234 -1.9999999999999998
    vertex 553.9325420481313 55.018246455372335 -1.9999999999999998
    vertex 577.3517420481312 54.96644645537235 -1.9999999999999998
  endloop
endfacet
facet normal 0.0 0.0 -1.0
  outer loop
    vertex 553.9325420481314 51.82164645537234 -1.9999999999999998
    vertex 577.3517420481312 54.96644645537235 -1.9999999999999998
    vertex 554.3992963140693 51.76019709050204 -1.9999999999999998
  endloop
endfacet
facet normal 0.0 0.0 -1.0
  outer loop
    vertex 554.3992963140693 51.76019709050204 -1.9999999999999998
    vertex 577.3517420481312 54.96644645537235 -1.9999999999999998
    vertex 554.8342420481315 51.58003666855719 -1.9999999999999998
  endloop
endfacet
facet normal 0.0 0.0 -1.0
  outer loop
    vertex 554.8342420481315 51.58003666855719 -1.9999999999999998
    vertex 577.3517420481312 54.96644645537235 -1.9999999999999998
    vertex 555.2077384173233 51.293442824564146 -1.9999999999999998
  endloop
endfacet
facet normal 0.0 0.0 -1.0
  outer loop
    vertex 555.2077384173233 51.293442824564146 -1.9999999999999998
    vertex 577.3517420481312 54.96644645537235 -1.9999999999999998
    vertex 555.4943322613163 50.91994645537232 -1.9999999999999998
  endloop
endfacet
facet normal 0.0 0.0 -1.0
  outer loop
    vertex 555.4943322613163 50.91994645537232 -1.9999999999999998
    vertex 577.3517420481312 54.96644645537235 -1.9999999999999998
    vertex 555.6744926832612 50.48500072131019 -1.9999999999999998
  endloop
endfacet
facet normal 0.0 0.0 -1.0
  outer loop
    vertex 555.6744926832612 50.48500072131019 -1.9999999999999998
    vertex 577.3517420481312 54.96644645537235 -1.9999999999999998
    vertex 555.7359420481315 50.0182464553723 -1.9999999999999998
  endloop
endfacet
facet normal 0.0 0.0 -1.0
  outer loop
    vertex 555.7359420481315 50.0182464553723 -1.9999999999999998
    vertex 577.3517420481312 54.96644645537235 -1.9999999999999998
    vertex 557.9917694505014 40.2501891784351 -1.9999999999984108
  endloop
endfacet
facet normal 0.0 0.0 -1.0
  outer loop
    vertex 557.9917694505014 40.2501891784351 -1.9999999999984108
    vertex 577.3517420481312 54.96644645537235 -1.9999999999999998
    vertex 566.3417694505013 40.25018917843516 -1.9999999999985907
  endloop
endfacet
facet normal 0.0 0.0 -1.0
  outer loop
    vertex 566.3417694505013 40.25018917843516 -1.9999999999985907
    vertex 577.3517420481312 54.96644645537235 -1.9999999999999998
    vertex 575.6097914130015 50.433200721310214 -1.9999999999999998
  endloop
endfacet
facet normal 0.0 0.0 -1.0
  outer loop
    vertex 566.3417694505013 40.25018917843516 -1.9999999999985907
    vertex 575.6097914130015 50.433200721310214 -1.9999999999999998
    vertex 575.5483420481312 49.96644645537231 -1.9999999999999998
  endloop
endfacet
facet normal 0.0 0.0 -1.0
  outer loop
    vertex 575.6097914130015 50.433200721310214 -1.9999999999999998
    vertex 577.3517420481312 54.96644645537235 -1.9999999999999998
    vertex 575.7899518349462 50.86814645537231 -1.9999999999999998
  endloop
endfacet
facet normal 0.0 0.0 -1.0
  outer loop
    vertex 575.7899518349462 50.86814645537231 -1.9999999999999998
    vertex 577.3517420481312 54.96644645537235 -1.9999999999999998
    vertex 576.0765456789394 51.24164282456415 -1.9999999999999998
  endloop
endfacet
facet normal 0.0 0.0 -1.0
  outer loop
    vertex 576.0765456789394 51.24164282456415 -1.9999999999999998
    vertex 577.3517420481312 54.96644645537235 -1.9999999999999998
    vertex 576.4500420481312 51.528236668557184 -1.9999999999999998
  endloop
endfacet
facet normal 0.0 0.0 -1.0
  outer loop
    vertex 576.4500420481312 51.528236668557184 -1.9999999999999998
    vertex 577.3517420481312 54.96644645537235 -1.9999999999999998
    vertex 576.8849877821933 51.70839709050206 -1.9999999999999998
  endloop
endfacet
facet normal 0.0 0.0 -1.0
  outer loop
    vertex 576.8849877821933 51.70839709050206 -1.9999999999999998
    vertex 577.3517420481312 54.96644645537235 -1.9999999999999998
    vertex 577.3517420481312 51.76984645537235 -1.9999999999999998
  endloop
endfacet
facet normal 0.0 0.0 -1.0
  outer loop
    vertex 577.3517420481312 51.76984645537235 -1.9999999999999998
    vertex 577.3517420481312 54.96644645537235 -1.9999999999999998
    vertex 578.6458372736438 54.796075586817686 -1.9999999999999998
  endloop
endfacet
facet normal 0.0 0.0 -1.0
  outer loop
    vertex 577.3517420481312 51.76984645537235 -1.9999999999999998
    vertex 578.6458372736438 54.796075586817686 -1.9999999999999998
    vertex 577.8184963140691 51.70839709050206 -1.9999999999999998
  endloop
endfacet
facet normal 0.0 0.0 -1.0
  outer loop
    vertex 577.8184963140691 51.70839709050206 -1.9999999999999998
    vertex 578.6458372736438 54.796075586817686 -1.9999999999999998
    vertex 578.2534420481313 51.528236668557184 -1.9999999999999998
  endloop
endfacet
facet normal 0.0 0.0 -1.0
  outer loop
    vertex 578.2534420481313 51.528236668557184 -1.9999999999999998
    vertex 578.6458372736438 54.796075586817686 -1.9999999999999998
    vertex 578.6269384173231 51.24164282456415 -1.9999999999999998
  endloop
endfacet
facet normal 0.0 0.0 -1.0
  outer loop
    vertex 578.6269384173231 51.24164282456415 -1.9999999999999998
    vertex 578.6458372736438 54.796075586817686 -1.9999999999999998
    vertex 578.913532261316 50.86814645537231 -1.9999999999999998
  endloop
endfacet
facet normal 0.0 0.0 -1.0
  outer loop
    vertex 578.913532261316 50.86814645537231 -1.9999999999999998
    vertex 578.6458372736438 54.796075586817686 -1.9999999999999998
    vertex 579.8517420481312 54.29657347429453 -1.9999999999999998
  endloop
endfacet
facet normal 0.0 0.0 -1.0
  outer loop
    vertex 578.913532261316 50.86814645537231 -1.9999999999999998
    vertex 579.8517420481312 54.29657347429453 -1.9999999999999998
    vertex 579.093692683261 50.433200721310214 -1.9999999999999998
  endloop
endfacet
facet normal 0.0 0.0 -1.0
  outer loop
    vertex 579.093692683261 50.433200721310214 -1.9999999999999998
    vertex 579.8517420481312 54.29657347429453 -1.9999999999999998
    vertex 579.1551420481313 49.96644645537231 -1.9999999999999998
  endloop
endfacet
facet normal 0.0 0.0 -1.0
  outer loop
    vertex 566.3417694505013 40.25018917843516 -1.9999999999985907
    vertex 575.6097914130015 49.499692189434434 -1.9999999999999998
    vertex 577.8089511899474 40.25018917843516 -1.9999999999992957
  endloop
endfacet
facet normal 0.0 0.0 -1.0
  outer loop
    vertex 575.6097914130015 49.499692189434434 -1.9999999999999998
    vertex 566.3417694505013 40.25018917843516 -1.9999999999985907
    vertex 575.5483420481312 49.96644645537231 -1.9999999999999998
  endloop
endfacet
facet normal 0.0 0.0 -1.0
  outer loop
    vertex 577.8089511899474 40.25018917843516 -1.9999999999992957
    vertex 575.6097914130015 49.499692189434434 -1.9999999999999998
    vertex 575.7899518349462 49.0647464553723 -1.9999999999999998
  endloop
endfacet
facet normal 0.0 0.0 -1.0
  outer loop
    vertex 577.8089511899474 40.25018917843516 -1.9999999999992957
    vertex 575.7899518349462 49.0647464553723 -1.9999999999999998
    vertex 576.0765456789394 48.69125008618049 -1.9999999999999998
  endloop
endfacet
facet normal 0.0 0.0 -1.0
  outer loop
    vertex 577.8089511899474 40.25018917843516 -1.9999999999992957
    vertex 576.0765456789394 48.69125008618049 -1.9999999999999998
    vertex 576.4500420481312 48.40465624218744 -1.9999999999999998
  endloop
endfacet
facet normal 0.0 0.0 -1.0
  outer loop
    vertex 577.8089511899474 40.25018917843516 -1.9999999999992957
    vertex 576.4500420481312 48.40465624218744 -1.9999999999999998
    vertex 576.8849877821933 48.224495820242595 -1.9999999999999998
  endloop
endfacet
facet normal 0.0 0.0 -1.0
  outer loop
    vertex 577.8089511899474 40.25018917843516 -1.9999999999992957
    vertex 576.8849877821933 48.224495820242595 -1.9999999999999998
    vertex 577.3517420481312 48.163046455372296 -1.9999999999999998
  endloop
endfacet
facet normal 0.0 0.0 -1.0
  outer loop
    vertex 577.8089511899474 40.25018917843516 -1.9999999999992957
    vertex 577.3517420481312 48.163046455372296 -1.9999999999999998
    vertex 577.8184963140691 48.22449582024259 -1.9999999999999998
  endloop
endfacet
facet normal 0.0 0.0 -1.0
  outer loop
    vertex 577.8089511899474 40.25018917843516 -1.9999999999992957
    vertex 577.8184963140691 48.22449582024259 -1.9999999999999998
    vertex 580.3208354654987 36.361819287988084 -1.9999999999999998
  endloop
endfacet
facet normal 0.0 0.0 -1.0
  outer loop
    vertex 580.3208354654987 36.361819287988084 -1.9999999999999998
    vertex 577.8184963140691 48.22449582024259 -1.9999999999999998
    vertex 578.2534420481312 48.40465624218744 -1.9999999999999998
  endloop
endfacet
facet normal 0.0 0.0 -1.0
  outer loop
    vertex 580.3208354654987 36.361819287988084 -1.9999999999999998
    vertex 578.2534420481312 48.40465624218744 -1.9999999999999998
    vertex 578.6269384173231 48.69125008618049 -1.9999999999999998
  endloop
endfacet
facet normal 0.0 0.0 -1.0
  outer loop
    vertex 580.3208354654987 36.361819287988084 -1.9999999999999998
    vertex 578.6269384173231 48.69125008618049 -1.9999999999999998
    vertex 578.913532261316 49.0647464553723 -1.9999999999999998
  endloop
endfacet
facet normal 0.0 0.0 -1.0
  outer loop
    vertex 580.3208354654987 36.361819287988084 -1.9999999999999998
    vertex 578.913532261316 49.0647464553723 -1.9999999999999998
    vertex 579.093692683261 49.499692189434434 -1.9999999999999998
  endloop
endfacet
facet normal 0.0 0.0 -1.0
  outer loop
    vertex 580.3208354654987 36.361819287988084 -1.9999999999999998
    vertex 579.093692683261 49.499692189434434 -1.9999999999999998
    vertex 579.1551420481313 49.96644645537231 -1.9999999999999998
  endloop
endfacet
facet normal 0.0 0.0 -1.0
  outer loop
    vertex 580.3208354654987 36.361819287988084 -1.9999999999999998
    vertex 579.1551420481313 49.96644645537231 -1.9999999999999998
    vertex 579.8517420481312 54.29657347429453 -1.9999999999999998
  endloop
endfacet
facet normal 0.0 0.0 -1.0
  outer loop
    vertex 580.3208354654987 36.361819287988084 -1.9999999999999998
    vertex 579.8517420481312 54.29657347429453 -1.9999999999999998
    vertex 580.887275954064 53.50198036130507 -1.9999999999999998
  endloop
endfacet
facet normal -0.7933533402912017 0.6087614290087642 0.0
  outer loop
    vertex 541.5859844856213 92.73861914494113 0.5000000000000004
    vertex 541.0138774442689 91.99303473266956 -1.9999999999999998
    vertex 541.0138774442689 91.99303473266956 0.5000000000000004
  endloop
endfacet
facet normal -0.7933533402912017 0.6087614290087642 0.0
  outer loop
    vertex 541.0138774442689 91.99303473266956 -1.9999999999999998
    vertex 541.5859844856213 92.73861914494113 0.5000000000000004
    vertex 541.5859844856213 92.73861914494113 -1.9999999999999998
  endloop
endfacet
facet normal -0.9238795325112925 0.382683432365076 0.0
  outer loop
    vertex 541.945626006638 93.60687058257204 0.5000000000000004
    vertex 541.5859844856213 92.73861914494113 -1.9999999999999998
    vertex 541.5859844856213 92.73861914494113 0.5000000000000004
  endloop
endfacet
facet normal -0.9238795325112925 0.382683432365076 0.0
  outer loop
    vertex 541.5859844856213 92.73861914494113 -1.9999999999999998
    vertex 541.945626006638 93.60687058257204 0.5000000000000004
    vertex 541.945626006638 93.60687058257204 -1.9999999999999998
  endloop
endfacet
facet normal 0.3826834323650625 0.9238795325112981 0.0
  outer loop
    vertex 584.5967734375076 35.89642343556863 3.0
    vertex 585.0308991563231 35.716602675060294 0.5000000000000004
    vertex 584.5967734375076 35.89642343556863 0.5000000000000004
  endloop
endfacet
facet normal 0.3826834323650625 0.9238795325112981 0.0
  outer loop
    vertex 585.0308991563231 35.716602675060294 0.5000000000000004
    vertex 584.5967734375076 35.89642343556863 3.0
    vertex 585.0308991563231 35.716602675060294 3.0
  endloop
endfacet
facet normal 0.13052619222004988 0.9914448613738107 0.0
  outer loop
    vertex 585.0308991563231 35.716602675060294 3.0
    vertex 585.4967734375076 35.65526916238061 0.5000000000000004
    vertex 585.0308991563231 35.716602675060294 0.5000000000000004
  endloop
endfacet
facet normal 0.13052619222004988 0.9914448613738107 0.0
  outer loop
    vertex 585.4967734375076 35.65526916238061 0.5000000000000004
    vertex 585.0308991563231 35.716602675060294 3.0
    vertex 585.4967734375076 35.65526916238061 3.0
  endloop
endfacet
facet normal 0.13052619222004988 -0.9914448613738107 0.0
  outer loop
    vertex 538.4682930319974 39.29374956789087 3.0
    vertex 538.0024187508128 39.23241605521119 0.5000000000000004
    vertex 538.4682930319974 39.29374956789087 0.5000000000000004
  endloop
endfacet
facet normal 0.13052619222004988 -0.9914448613738107 0.0
  outer loop
    vertex 538.0024187508128 39.23241605521119 0.5000000000000004
    vertex 538.4682930319974 39.29374956789087 3.0
    vertex 538.0024187508128 39.23241605521119 3.0
  endloop
endfacet
facet normal -0.6087614290087401 -0.7933533402912203 -0.0
  outer loop
    vertex 585.0379384173231 83.27372561883654 3.0000000000000013
    vertex 584.6644420481313 83.56031946282957 -1.9999999999999984
    vertex 585.0379384173231 83.27372561883654 -1.9999999999999984
  endloop
endfacet
facet normal -0.6087614290087401 -0.7933533402912203 -0.0
  outer loop
    vertex 584.6644420481313 83.56031946282957 -1.9999999999999984
    vertex 585.0379384173231 83.27372561883654 3.0000000000000013
    vertex 584.6644420481313 83.56031946282957 3.0000000000000013
  endloop
endfacet
facet normal -0.9238795325112299 0.38268343236522706 0.0
  outer loop
    vertex 555.6744926832612 49.551492189434406 3.0
    vertex 555.4943322613162 49.11654645537229 -1.9999999999999998
    vertex 555.4943322613162 49.11654645537229 3.0
  endloop
endfacet
facet normal -0.9238795325112299 0.38268343236522706 0.0
  outer loop
    vertex 555.4943322613162 49.11654645537229 -1.9999999999999998
    vertex 555.6744926832612 49.551492189434406 3.0
    vertex 555.6744926832612 49.551492189434406 -1.9999999999999998
  endloop
endfacet
facet normal 0.0 1.0 0.0
  outer loop
    vertex 544.914209141713 36.361819287988084 3.0
    vertex 580.3208354654987 36.361819287988084 -1.9999999999999998
    vertex 544.914209141713 36.361819287988084 -1.9999999999999998
  endloop
endfacet
facet normal 0.0 1.0 0.0
  outer loop
    vertex 580.3208354654987 36.361819287988084 -1.9999999999999998
    vertex 544.914209141713 36.361819287988084 3.0
    vertex 580.3208354654987 36.361819287988084 3.0
  endloop
endfacet
facet normal 0.608761429008734 0.793353340291225 0.0
  outer loop
    vertex 584.2239812313718 36.18247695624484 3.0
    vertex 584.5967734375076 35.89642343556863 0.5000000000000004
    vertex 584.2239812313718 36.18247695624484 0.5000000000000004
  endloop
endfacet
facet normal 0.608761429008734 0.793353340291225 0.0
  outer loop
    vertex 584.5967734375076 35.89642343556863 0.5000000000000004
    vertex 584.2239812313718 36.18247695624484 3.0
    vertex 584.5967734375076 35.89642343556863 3.0
  endloop
endfacet
facet normal 0.3826834323650523 0.9238795325113023 0.0
  outer loop
    vertex 583.6301234200681 91.42092769131715 0.5000000000000004
    vertex 584.4983748576991 91.06128617030049 -1.9999999999999998
    vertex 583.6301234200681 91.42092769131715 -1.9999999999999998
  endloop
endfacet
facet normal 0.3826834323650523 0.9238795325113023 0.0
  outer loop
    vertex 584.4983748576991 91.06128617030049 -1.9999999999999998
    vertex 583.6301234200681 91.42092769131715 0.5000000000000004
    vertex 584.4983748576991 91.06128617030049 0.5000000000000004
  endloop
endfacet
facet normal -0.8399758330871554 -0.5426238105995161 2.7527345653997083e-14
  outer loop
    vertex 577.8089511899474 40.25018917843562 3.000000000000615
    vertex 580.3208354654987 36.361819287988084 -1.9999999999999998
    vertex 580.3208354654987 36.361819287988084 3.0
  endloop
endfacet
facet normal -0.8399758330871554 -0.5426238105995161 2.7527345653997083e-14
  outer loop
    vertex 580.3208354654987 36.361819287988084 -1.9999999999999998
    vertex 577.8089511899474 40.25018917843562 3.000000000000615
    vertex 577.8089511899474 40.25018917843516 -1.9999999999992957
  endloop
endfacet
facet normal -0.9914448613738114 0.1305261922200443 0.0
  outer loop
    vertex 542.0682930319974 94.53861914494112 0.5000000000000004
    vertex 541.945626006638 93.60687058257204 -1.9999999999999998
    vertex 541.945626006638 93.60687058257204 0.5000000000000004
  endloop
endfacet
facet normal -0.9914448613738114 0.1305261922200443 0.0
  outer loop
    vertex 541.945626006638 93.60687058257204 -1.9999999999999998
    vertex 542.0682930319974 94.53861914494112 0.5000000000000004
    vertex 542.0682930319974 94.53861914494112 -1.9999999999999998
  endloop
endfacet
facet normal 0.9238795325112941 -0.3826834323650719 0.0
  outer loop
    vertex 582.2009518349464 82.90022924964472 -1.9999999999999984
    vertex 582.0207914130016 82.46528351558263 3.0000000000000013
    vertex 582.0207914130016 82.46528351558263 -1.9999999999999984
  endloop
endfacet
facet normal 0.9238795325112941 -0.3826834323650719 0.0
  outer loop
    vertex 582.0207914130016 82.46528351558263 3.0000000000000013
    vertex 582.2009518349464 82.90022924964472 -1.9999999999999984
    vertex 582.2009518349464 82.90022924964472 3.0000000000000013
  endloop
endfacet
facet normal -0.7933533402912237 -0.6087614290087355 -0.0
  outer loop
    vertex 555.2077384173233 51.293442824564146 3.0
    vertex 555.4943322613163 50.91994645537232 -1.9999999999999998
    vertex 555.4943322613163 50.91994645537232 3.0
  endloop
endfacet
facet normal -0.7933533402912237 -0.6087614290087355 -0.0
  outer loop
    vertex 555.4943322613163 50.91994645537232 -1.9999999999999998
    vertex 555.2077384173233 51.293442824564146 3.0
    vertex 555.2077384173233 51.293442824564146 -1.9999999999999998
  endloop
endfacet
facet normal 0.13052619222005982 0.9914448613738093 0.0
  outer loop
    vertex 576.8849877821933 48.224495820242595 3.0
    vertex 577.3517420481312 48.163046455372296 -1.9999999999999998
    vertex 576.8849877821933 48.224495820242595 -1.9999999999999998
  endloop
endfacet
facet normal 0.13052619222005982 0.9914448613738093 0.0
  outer loop
    vertex 577.3517420481312 48.163046455372296 -1.9999999999999998
    vertex 576.8849877821933 48.224495820242595 3.0
    vertex 577.3517420481312 48.163046455372296 3.0
  endloop
endfacet
facet normal -0.9914448613738114 -0.1305261922200443 -0.0
  outer loop
    vertex 541.945626006638 95.4703677073102 0.5000000000000004
    vertex 542.0682930319974 94.53861914494112 -1.9999999999999998
    vertex 542.0682930319974 94.53861914494112 0.5000000000000004
  endloop
endfacet
facet normal -0.9914448613738114 -0.1305261922200443 -0.0
  outer loop
    vertex 542.0682930319974 94.53861914494112 -1.9999999999999998
    vertex 541.945626006638 95.4703677073102 0.5000000000000004
    vertex 541.945626006638 95.4703677073102 -1.9999999999999998
  endloop
endfacet
facet normal 0.7933533402912526 0.6087614290086979 0.0
  outer loop
    vertex 583.9379277106956 36.55526916238063 0.5000000000000004
    vertex 584.2239812313718 36.18247695624484 3.0
    vertex 584.2239812313718 36.18247695624484 0.5000000000000004
  endloop
endfacet
facet normal 0.7933533402912526 0.6087614290086979 0.0
  outer loop
    vertex 584.2239812313718 36.18247695624484 3.0
    vertex 583.9379277106956 36.55526916238063 0.5000000000000004
    vertex 583.9379277106956 36.55526916238063 3.0
  endloop
endfacet
facet normal -0.13052619222005982 -0.9914448613738093 -0.0
  outer loop
    vertex 554.3992963140693 51.76019709050204 3.0
    vertex 553.9325420481314 51.82164645537234 -1.9999999999999998
    vertex 554.3992963140693 51.76019709050204 -1.9999999999999998
  endloop
endfacet
facet normal -0.13052619222005982 -0.9914448613738093 -0.0
  outer loop
    vertex 553.9325420481314 51.82164645537234 -1.9999999999999998
    vertex 554.3992963140693 51.76019709050204 3.0
    vertex 553.9325420481314 51.82164645537234 3.0
  endloop
endfacet
facet normal 0.92387953251133 0.38268343236498564 0.0
  outer loop
    vertex 583.7581069501873 36.989394881196105 0.5000000000000004
    vertex 583.9379277106956 36.55526916238063 3.0
    vertex 583.9379277106956 36.55526916238063 0.5000000000000004
  endloop
endfacet
facet normal 0.92387953251133 0.38268343236498564 0.0
  outer loop
    vertex 583.9379277106956 36.55526916238063 3.0
    vertex 583.7581069501873 36.989394881196105 0.5000000000000004
    vertex 583.7581069501873 36.989394881196105 3.0
  endloop
endfacet
facet normal -0.9914448613738117 -0.1305261922200425 -0.0
  outer loop
    vertex 585.5046926832609 82.46528351558263 3.0000000000000013
    vertex 585.5661420481312 81.99852924964476 -1.9999999999999984
    vertex 585.5661420481312 81.99852924964476 3.0000000000000013
  endloop
endfacet
facet normal -0.9914448613738117 -0.1305261922200425 -0.0
  outer loop
    vertex 585.5661420481312 81.99852924964476 -1.9999999999999984
    vertex 585.5046926832609 82.46528351558263 3.0000000000000013
    vertex 585.5046926832609 82.46528351558263 -1.9999999999999984
  endloop
endfacet
facet normal 0.3826834323650658 0.9238795325112967 0.0
  outer loop
    vertex 578.6458372736438 54.796075586817686 3.0
    vertex 579.8517420481312 54.29657347429453 -1.9999999999999998
    vertex 578.6458372736438 54.796075586817686 -1.9999999999999998
  endloop
endfacet
facet normal 0.3826834323650658 0.9238795325112967 0.0
  outer loop
    vertex 579.8517420481312 54.29657347429453 -1.9999999999999998
    vertex 578.6458372736438 54.796075586817686 3.0
    vertex 579.8517420481312 54.29657347429453 3.0
  endloop
endfacet
facet normal 0.1305261922200564 -0.9914448613738099 0.0
  outer loop
    vertex 538.4682930319974 41.093749567890825 0.5000000000000004
    vertex 537.5365444696283 40.97108254253147 -1.9999999999999998
    vertex 538.4682930319974 41.093749567890825 -1.9999999999999998
  endloop
endfacet
facet normal 0.1305261922200564 -0.9914448613738099 0.0
  outer loop
    vertex 537.5365444696283 40.97108254253147 -1.9999999999999998
    vertex 538.4682930319974 41.093749567890825 0.5000000000000004
    vertex 537.5365444696283 40.97108254253147 0.5000000000000004
  endloop
endfacet
facet normal -0.0 -1.0 -0.0
  outer loop
    vertex 593.1539626727194 31.36181928798808 3.0
    vertex 530.1509626727195 31.36181928798808 -1.9999999999999998
    vertex 593.1539626727194 31.36181928798808 -1.9999999999999998
  endloop
endfacet
facet normal -0.0 -1.0 -0.0
  outer loop
    vertex 530.1509626727195 31.36181928798808 -1.9999999999999998
    vertex 593.1539626727194 31.36181928798808 3.0
    vertex 530.1509626727195 31.36181928798808 3.0
  endloop
endfacet
facet normal -0.9238795325112925 -0.382683432365076 -0.0
  outer loop
    vertex 541.5859844856213 96.33861914494112 0.5000000000000004
    vertex 541.945626006638 95.4703677073102 -1.9999999999999998
    vertex 541.945626006638 95.4703677073102 0.5000000000000004
  endloop
endfacet
facet normal -0.9238795325112925 -0.382683432365076 -0.0
  outer loop
    vertex 541.945626006638 95.4703677073102 -1.9999999999999998
    vertex 541.5859844856213 96.33861914494112 0.5000000000000004
    vertex 541.5859844856213 96.33861914494112 -1.9999999999999998
  endloop
endfacet
facet normal -0.6087614290087552 -0.7933533402912087 -0.0
  outer loop
    vertex 555.2077384173233 51.293442824564146 3.0
    vertex 554.8342420481315 51.58003666855719 -1.9999999999999998
    vertex 555.2077384173233 51.293442824564146 -1.9999999999999998
  endloop
endfacet
facet normal -0.6087614290087552 -0.7933533402912087 -0.0
  outer loop
    vertex 554.8342420481315 51.58003666855719 -1.9999999999999998
    vertex 555.2077384173233 51.293442824564146 3.0
    vertex 554.8342420481315 51.58003666855719 3.0
  endloop
endfacet
facet normal -0.7933533402912017 -0.6087614290087642 -0.0
  outer loop
    vertex 541.0138774442689 97.08420355721269 0.5000000000000004
    vertex 541.5859844856213 96.33861914494112 -1.9999999999999998
    vertex 541.5859844856213 96.33861914494112 0.5000000000000004
  endloop
endfacet
facet normal -0.7933533402912017 -0.6087614290087642 -0.0
  outer loop
    vertex 541.5859844856213 96.33861914494112 -1.9999999999999998
    vertex 541.0138774442689 97.08420355721269 0.5000000000000004
    vertex 541.0138774442689 97.08420355721269 -1.9999999999999998
  endloop
endfacet
facet normal 0.9914448613737993 -0.13052619222013556 0.0
  outer loop
    vertex 583.7581069501873 37.92114344356521 0.5000000000000004
    vertex 583.6967734375077 37.45526916238065 3.0
    vertex 583.6967734375077 37.45526916238065 0.5000000000000004
  endloop
endfacet
facet normal 0.9914448613737993 -0.13052619222013556 0.0
  outer loop
    vertex 583.6967734375077 37.45526916238065 3.0
    vertex 583.7581069501873 37.92114344356521 0.5000000000000004
    vertex 583.7581069501873 37.92114344356521 3.0
  endloop
endfacet
facet normal 0.9914448613737993 0.13052619222013556 0.0
  outer loop
    vertex 583.6967734375077 37.45526916238065 0.5000000000000004
    vertex 583.7581069501873 36.989394881196105 3.0
    vertex 583.7581069501873 36.989394881196105 0.5000000000000004
  endloop
endfacet
facet normal 0.9914448613737993 0.13052619222013556 0.0
  outer loop
    vertex 583.7581069501873 36.989394881196105 3.0
    vertex 583.6967734375077 37.45526916238065 0.5000000000000004
    vertex 583.6967734375077 37.45526916238065 3.0
  endloop
endfacet
facet normal -0.9914448613738114 0.1305261922200443 0.0
  outer loop
    vertex 542.0682930319974 37.49374956789083 0.5000000000000004
    vertex 541.945626006638 36.56200100552175 -1.9999999999999998
    vertex 541.945626006638 36.56200100552175 0.5000000000000004
  endloop
endfacet
facet normal -0.9914448613738114 0.1305261922200443 0.0
  outer loop
    vertex 541.945626006638 36.56200100552175 -1.9999999999999998
    vertex 542.0682930319974 37.49374956789083 0.5000000000000004
    vertex 542.0682930319974 37.49374956789083 -1.9999999999999998
  endloop
endfacet
facet normal 0.9238795325112941 0.3826834323650719 0.0
  outer loop
    vertex 582.0207914130016 81.53177498370688 -1.9999999999999984
    vertex 582.2009518349464 81.09682924964478 3.0000000000000013
    vertex 582.2009518349464 81.09682924964478 -1.9999999999999984
  endloop
endfacet
facet normal 0.9238795325112941 0.3826834323650719 0.0
  outer loop
    vertex 582.2009518349464 81.09682924964478 3.0000000000000013
    vertex 582.0207914130016 81.53177498370688 -1.9999999999999984
    vertex 582.0207914130016 81.53177498370688 3.0000000000000013
  endloop
endfacet
facet normal 0.793353340291206 0.6087614290087586 0.0
  outer loop
    vertex 582.2009518349464 81.09682924964478 -1.9999999999999984
    vertex 582.4875456789395 80.72333288045297 3.0000000000000013
    vertex 582.4875456789395 80.72333288045297 -1.9999999999999984
  endloop
endfacet
facet normal 0.793353340291206 0.6087614290087586 0.0
  outer loop
    vertex 582.4875456789395 80.72333288045297 3.0000000000000013
    vertex 582.2009518349464 81.09682924964478 -1.9999999999999984
    vertex 582.2009518349464 81.09682924964478 3.0000000000000013
  endloop
endfacet
facet normal 0.92387953251133 -0.38268343236498564 0.0
  outer loop
    vertex 583.9379277106956 38.35526916238067 0.5000000000000004
    vertex 583.7581069501873 37.92114344356521 3.0
    vertex 583.7581069501873 37.92114344356521 0.5000000000000004
  endloop
endfacet
facet normal 0.92387953251133 -0.38268343236498564 0.0
  outer loop
    vertex 583.7581069501873 37.92114344356521 3.0
    vertex 583.9379277106956 38.35526916238067 0.5000000000000004
    vertex 583.9379277106956 38.35526916238067 3.0
  endloop
endfacet
facet normal 0.6087614290086336 -0.7933533402913019 0.0
  outer loop
    vertex 584.5967734375076 39.01411488919268 3.0
    vertex 584.2239812313718 38.72806136851647 0.5000000000000004
    vertex 584.5967734375076 39.01411488919268 0.5000000000000004
  endloop
endfacet
facet normal 0.6087614290086336 -0.7933533402913019 0.0
  outer loop
    vertex 584.2239812313718 38.72806136851647 0.5000000000000004
    vertex 584.5967734375076 39.01411488919268 3.0
    vertex 584.2239812313718 38.72806136851647 3.0
  endloop
endfacet
facet normal 0.6087614290087691 0.7933533402911982 0.0
  outer loop
    vertex 582.9511890252361 34.90968475010909 0.5000000000000004
    vertex 583.6967734375077 34.33757770875668 -1.9999999999999998
    vertex 582.9511890252361 34.90968475010909 -1.9999999999999998
  endloop
endfacet
facet normal 0.6087614290087691 0.7933533402911982 0.0
  outer loop
    vertex 583.6967734375077 34.33757770875668 -1.9999999999999998
    vertex 582.9511890252361 34.90968475010909 0.5000000000000004
    vertex 583.6967734375077 34.33757770875668 0.5000000000000004
  endloop
endfacet
facet normal 0.793353340291257 -0.6087614290086921 0.0
  outer loop
    vertex 584.2239812313718 38.72806136851647 0.5000000000000004
    vertex 583.9379277106956 38.35526916238067 3.0
    vertex 583.9379277106956 38.35526916238067 0.5000000000000004
  endloop
endfacet
facet normal 0.793353340291257 -0.6087614290086921 0.0
  outer loop
    vertex 583.9379277106956 38.35526916238067 3.0
    vertex 584.2239812313718 38.72806136851647 0.5000000000000004
    vertex 584.2239812313718 38.72806136851647 3.0
  endloop
endfacet
facet normal -0.9914448613737993 0.13052619222013556 0.0
  outer loop
    vertex 587.2967734375077 37.45526916238065 3.0
    vertex 587.2354399248279 36.989394881196105 0.5000000000000004
    vertex 587.2354399248279 36.989394881196105 3.0
  endloop
endfacet
facet normal -0.9914448613737993 0.13052619222013556 0.0
  outer loop
    vertex 587.2354399248279 36.989394881196105 0.5000000000000004
    vertex 587.2967734375077 37.45526916238065 3.0
    vertex 587.2967734375077 37.45526916238065 0.5000000000000004
  endloop
endfacet
facet normal -0.9914448613737993 -0.13052619222013556 -0.0
  outer loop
    vertex 587.2354399248279 37.92114344356521 3.0
    vertex 587.2967734375077 37.45526916238065 0.5000000000000004
    vertex 587.2967734375077 37.45526916238065 3.0
  endloop
endfacet
facet normal -0.9914448613737993 -0.13052619222013556 -0.0
  outer loop
    vertex 587.2967734375077 37.45526916238065 0.5000000000000004
    vertex 587.2354399248279 37.92114344356521 3.0
    vertex 587.2354399248279 37.92114344356521 0.5000000000000004
  endloop
endfacet
facet normal -0.6087614290086336 0.7933533402913019 0.0
  outer loop
    vertex 586.3967734375076 35.89642343556863 3.0
    vertex 586.7695656436435 36.182476956244834 0.5000000000000004
    vertex 586.3967734375076 35.89642343556863 0.5000000000000004
  endloop
endfacet
facet normal -0.6087614290086336 0.7933533402913019 0.0
  outer loop
    vertex 586.7695656436435 36.182476956244834 0.5000000000000004
    vertex 586.3967734375076 35.89642343556863 3.0
    vertex 586.7695656436435 36.182476956244834 3.0
  endloop
endfacet
facet normal 0.1305261922200564 0.9914448613738099 0.0
  outer loop
    vertex 537.5365444696283 34.01641659325019 0.5000000000000004
    vertex 538.4682930319974 33.893749567890836 -1.9999999999999998
    vertex 537.5365444696283 34.01641659325019 -1.9999999999999998
  endloop
endfacet
facet normal 0.1305261922200564 0.9914448613738099 0.0
  outer loop
    vertex 538.4682930319974 33.893749567890836 -1.9999999999999998
    vertex 537.5365444696283 34.01641659325019 0.5000000000000004
    vertex 538.4682930319974 33.893749567890836 0.5000000000000004
  endloop
endfacet
facet normal -0.793353340291257 0.6087614290086921 0.0
  outer loop
    vertex 587.0556191643196 36.55526916238063 3.0
    vertex 586.7695656436435 36.182476956244834 0.5000000000000004
    vertex 586.7695656436435 36.182476956244834 3.0
  endloop
endfacet
facet normal -0.793353340291257 0.6087614290086921 0.0
  outer loop
    vertex 586.7695656436435 36.182476956244834 0.5000000000000004
    vertex 587.0556191643196 36.55526916238063 3.0
    vertex 587.0556191643196 36.55526916238063 0.5000000000000004
  endloop
endfacet
facet normal 0.6087614290087552 0.7933533402912087 0.0
  outer loop
    vertex 538.9565456789395 73.73205008618027 3.0000000000000013
    vertex 539.3300420481313 73.44545624218723 -1.9999999999999984
    vertex 538.9565456789395 73.73205008618027 -1.9999999999999984
  endloop
endfacet
facet normal 0.6087614290087552 0.7933533402912087 0.0
  outer loop
    vertex 539.3300420481313 73.44545624218723 -1.9999999999999984
    vertex 538.9565456789395 73.73205008618027 3.0000000000000013
    vertex 539.3300420481313 73.44545624218723 3.0000000000000013
  endloop
endfacet
facet normal -0.3826834323651093 -0.9238795325112786 -0.0
  outer loop
    vertex 584.6644420481313 83.56031946282957 3.0000000000000013
    vertex 584.2294963140691 83.74047988477442 -1.9999999999999984
    vertex 584.6644420481313 83.56031946282957 -1.9999999999999984
  endloop
endfacet
facet normal -0.3826834323651093 -0.9238795325112786 -0.0
  outer loop
    vertex 584.2294963140691 83.74047988477442 -1.9999999999999984
    vertex 584.6644420481313 83.56031946282957 3.0000000000000013
    vertex 584.2294963140691 83.74047988477442 3.0000000000000013
  endloop
endfacet
facet normal 0.9914448613737993 0.13052619222013556 0.0
  outer loop
    vertex 536.6682930319973 37.49374956789083 0.5000000000000004
    vertex 536.7296265446771 37.027875286706276 3.0
    vertex 536.7296265446771 37.027875286706276 0.5000000000000004
  endloop
endfacet
facet normal 0.9914448613737993 0.13052619222013556 0.0
  outer loop
    vertex 536.7296265446771 37.027875286706276 3.0
    vertex 536.6682930319973 37.49374956789083 0.5000000000000004
    vertex 536.6682930319973 37.49374956789083 3.0
  endloop
endfacet
facet normal 0.6087614290086903 -0.7933533402912584 0.0
  outer loop
    vertex 543.7672759540641 71.47171254943936 3.0000000000000013
    vertex 542.7317420481313 70.67711943644991 -1.9999999999999984
    vertex 543.7672759540641 71.47171254943936 -1.9999999999999984
  endloop
endfacet
facet normal 0.6087614290086903 -0.7933533402912584 0.0
  outer loop
    vertex 542.7317420481313 70.67711943644991 -1.9999999999999984
    vertex 543.7672759540641 71.47171254943936 3.0000000000000013
    vertex 542.7317420481313 70.67711943644991 3.0000000000000013
  endloop
endfacet
facet normal 1.0 0.0 0.0
  outer loop
    vertex 545.2317420481313 97.38281928798806 -1.9999999999999991
    vertex 545.2317420481313 75.00724645537213 3.0000000000000013
    vertex 545.2317420481313 75.00724645537213 -1.9999999999999984
  endloop
endfacet
facet normal 1.0 0.0 0.0
  outer loop
    vertex 545.2317420481313 75.00724645537213 3.0000000000000013
    vertex 545.2317420481313 97.38281928798806 -1.9999999999999991
    vertex 545.2317420481313 97.38281928798806 3.0
  endloop
endfacet
facet normal 0.0 0.0 -1.0
  outer loop
    vertex 534.9909600573568 95.4703677073102 0.5000000000000004
    vertex 534.9909600573568 93.60687058257206 0.5000000000000004
    vertex 534.8682930319974 94.53861914494112 0.5000000000000004
  endloop
endfacet
facet normal 0.0 0.0 -1.0
  outer loop
    vertex 534.9909600573568 93.60687058257206 0.5000000000000004
    vertex 534.9909600573568 95.4703677073102 0.5000000000000004
    vertex 535.3506015783734 96.33861914494112 0.5000000000000004
  endloop
endfacet
facet normal 0.0 0.0 -1.0
  outer loop
    vertex 534.9909600573568 93.60687058257206 0.5000000000000004
    vertex 535.3506015783734 96.33861914494112 0.5000000000000004
    vertex 535.3506015783734 92.73861914494113 0.5000000000000004
  endloop
endfacet
facet normal 0.0 0.0 -1.0
  outer loop
    vertex 535.3506015783734 92.73861914494113 0.5000000000000004
    vertex 535.3506015783734 96.33861914494112 0.5000000000000004
    vertex 535.9227086197259 97.08420355721269 0.5000000000000004
  endloop
endfacet
facet normal 0.0 0.0 -1.0
  outer loop
    vertex 535.3506015783734 92.73861914494113 0.5000000000000004
    vertex 535.9227086197259 97.08420355721269 0.5000000000000004
    vertex 535.9227086197259 91.99303473266956 0.5000000000000004
  endloop
endfacet
facet normal 0.0 0.0 -1.0
  outer loop
    vertex 535.9227086197259 91.99303473266956 0.5000000000000004
    vertex 535.9227086197259 97.08420355721269 0.5000000000000004
    vertex 536.6682930319975 97.6563105985651 0.5000000000000004
  endloop
endfacet
facet normal 0.0 0.0 -1.0
  outer loop
    vertex 535.9227086197259 91.99303473266956 0.5000000000000004
    vertex 536.6682930319975 97.6563105985651 0.5000000000000004
    vertex 536.6682930319973 94.53861914494112 0.5000000000000004
  endloop
endfacet
facet normal 0.0 0.0 -1.0
  outer loop
    vertex 536.6682930319973 94.53861914494112 0.5000000000000004
    vertex 536.6682930319975 97.6563105985651 0.5000000000000004
    vertex 536.7296265446771 95.00449342612568 0.5000000000000004
  endloop
endfacet
facet normal 0.0 0.0 -1.0
  outer loop
    vertex 536.7296265446771 95.00449342612568 0.5000000000000004
    vertex 536.6682930319975 97.6563105985651 0.5000000000000004
    vertex 537.5365444696283 98.01595211958175 0.5000000000000004
  endloop
endfacet
facet normal 0.0 0.0 -1.0
  outer loop
    vertex 536.7296265446771 95.00449342612568 0.5000000000000004
    vertex 537.5365444696283 98.01595211958175 0.5000000000000004
    vertex 536.9094473051854 95.43861914494114 0.5000000000000004
  endloop
endfacet
facet normal 0.0 0.0 -1.0
  outer loop
    vertex 536.9094473051854 95.43861914494114 0.5000000000000004
    vertex 537.5365444696283 98.01595211958175 0.5000000000000004
    vertex 537.1955008258616 95.81141135107694 0.5000000000000004
  endloop
endfacet
facet normal 0.0 0.0 -1.0
  outer loop
    vertex 537.1955008258616 95.81141135107694 0.5000000000000004
    vertex 537.5365444696283 98.01595211958175 0.5000000000000004
    vertex 537.5682930319974 96.09746487175315 0.5000000000000004
  endloop
endfacet
facet normal 0.0 0.0 -1.0
  outer loop
    vertex 537.5682930319974 96.09746487175315 0.5000000000000004
    vertex 537.5365444696283 98.01595211958175 0.5000000000000004
    vertex 538.4682930319974 98.13861914494112 0.5000000000000004
  endloop
endfacet
facet normal 0.0 0.0 -1.0
  outer loop
    vertex 537.5682930319974 96.09746487175315 0.5000000000000004
    vertex 538.4682930319974 98.13861914494112 0.5000000000000004
    vertex 538.0024187508128 96.2772856322615 0.5000000000000004
  endloop
endfacet
facet normal 0.0 0.0 -1.0
  outer loop
    vertex 538.0024187508128 96.2772856322615 0.5000000000000004
    vertex 538.4682930319974 98.13861914494112 0.5000000000000004
    vertex 538.4682930319974 96.33861914494116 0.5000000000000004
  endloop
endfacet
facet normal 0.0 0.0 -1.0
  outer loop
    vertex 538.4682930319974 96.33861914494116 0.5000000000000004
    vertex 538.4682930319974 98.13861914494112 0.5000000000000004
    vertex 539.4000415943665 98.01595211958175 0.5000000000000004
  endloop
endfacet
facet normal 0.0 0.0 -1.0
  outer loop
    vertex 538.4682930319974 96.33861914494116 0.5000000000000004
    vertex 539.4000415943665 98.01595211958175 0.5000000000000004
    vertex 538.934167313182 96.2772856322615 0.5000000000000004
  endloop
endfacet
facet normal 0.0 0.0 -1.0
  outer loop
    vertex 538.934167313182 96.2772856322615 0.5000000000000004
    vertex 539.4000415943665 98.01595211958175 0.5000000000000004
    vertex 539.3682930319975 96.09746487175315 0.5000000000000004
  endloop
endfacet
facet normal 0.0 0.0 -1.0
  outer loop
    vertex 539.3682930319975 96.09746487175315 0.5000000000000004
    vertex 539.4000415943665 98.01595211958175 0.5000000000000004
    vertex 539.7410852381332 95.81141135107694 0.5000000000000004
  endloop
endfacet
facet normal 0.0 0.0 -1.0
  outer loop
    vertex 539.7410852381332 95.81141135107694 0.5000000000000004
    vertex 539.4000415943665 98.01595211958175 0.5000000000000004
    vertex 540.2682930319975 97.6563105985651 0.5000000000000004
  endloop
endfacet
facet normal 0.0 0.0 -1.0
  outer loop
    vertex 539.7410852381332 95.81141135107694 0.5000000000000004
    vertex 540.2682930319975 97.6563105985651 0.5000000000000004
    vertex 540.0271387588094 95.43861914494114 0.5000000000000004
  endloop
endfacet
facet normal 0.0 0.0 -1.0
  outer loop
    vertex 540.0271387588094 95.43861914494114 0.5000000000000004
    vertex 540.2682930319975 97.6563105985651 0.5000000000000004
    vertex 540.2069595193177 95.00449342612568 0.5000000000000004
  endloop
endfacet
facet normal 0.0 0.0 -1.0
  outer loop
    vertex 540.2069595193177 95.00449342612568 0.5000000000000004
    vertex 540.2682930319975 97.6563105985651 0.5000000000000004
    vertex 540.2682930319975 94.53861914494112 0.5000000000000004
  endloop
endfacet
facet normal 0.0 0.0 -1.0
  outer loop
    vertex 540.2682930319975 94.53861914494112 0.5000000000000004
    vertex 540.2682930319975 97.6563105985651 0.5000000000000004
    vertex 541.0138774442689 97.08420355721269 0.5000000000000004
  endloop
endfacet
facet normal 0.0 0.0 -1.0
  outer loop
    vertex 536.6682930319973 94.53861914494112 0.5000000000000004
    vertex 536.6682930319973 91.42092769131715 0.5000000000000004
    vertex 535.9227086197259 91.99303473266956 0.5000000000000004
  endloop
endfacet
facet normal 0.0 0.0 -1.0
  outer loop
    vertex 536.6682930319973 91.42092769131715 0.5000000000000004
    vertex 536.6682930319973 94.53861914494112 0.5000000000000004
    vertex 536.7296265446771 94.07274486375658 0.5000000000000004
  endloop
endfacet
facet normal 0.0 0.0 -1.0
  outer loop
    vertex 536.6682930319973 91.42092769131715 0.5000000000000004
    vertex 536.7296265446771 94.07274486375658 0.5000000000000004
    vertex 537.5365444696283 91.06128617030049 0.5000000000000004
  endloop
endfacet
facet normal 0.0 0.0 -1.0
  outer loop
    vertex 537.5365444696283 91.06128617030049 0.5000000000000004
    vertex 536.7296265446771 94.07274486375658 0.5000000000000004
    vertex 536.9094473051854 93.6386191449411 0.5000000000000004
  endloop
endfacet
facet normal 0.0 0.0 -1.0
  outer loop
    vertex 537.5365444696283 91.06128617030049 0.5000000000000004
    vertex 536.9094473051854 93.6386191449411 0.5000000000000004
    vertex 537.1955008258616 93.2658269388053 0.5000000000000004
  endloop
endfacet
facet normal 0.0 0.0 -1.0
  outer loop
    vertex 537.5365444696283 91.06128617030049 0.5000000000000004
    vertex 537.1955008258616 93.2658269388053 0.5000000000000004
    vertex 537.5682930319973 92.9797734181291 0.5000000000000004
  endloop
endfacet
facet normal 0.0 0.0 -1.0
  outer loop
    vertex 537.5365444696283 91.06128617030049 0.5000000000000004
    vertex 537.5682930319973 92.9797734181291 0.5000000000000004
    vertex 538.4682930319974 90.93861914494113 0.5000000000000004
  endloop
endfacet
facet normal 0.0 0.0 -1.0
  outer loop
    vertex 538.4682930319974 90.93861914494113 0.5000000000000004
    vertex 537.5682930319973 92.9797734181291 0.5000000000000004
    vertex 538.0024187508128 92.79995265762076 0.5000000000000004
  endloop
endfacet
facet normal 0.0 0.0 -1.0
  outer loop
    vertex 538.4682930319974 90.93861914494113 0.5000000000000004
    vertex 538.0024187508128 92.79995265762076 0.5000000000000004
    vertex 538.4682930319974 92.73861914494108 0.5000000000000004
  endloop
endfacet
facet normal 0.0 0.0 -1.0
  outer loop
    vertex 538.4682930319974 90.93861914494113 0.5000000000000004
    vertex 538.4682930319974 92.73861914494108 0.5000000000000004
    vertex 538.934167313182 92.79995265762076 0.5000000000000004
  endloop
endfacet
facet normal 0.0 0.0 -1.0
  outer loop
    vertex 538.4682930319974 90.93861914494113 0.5000000000000004
    vertex 538.934167313182 92.79995265762076 0.5000000000000004
    vertex 539.4000415943665 91.06128617030048 0.5000000000000004
  endloop
endfacet
facet normal 0.0 0.0 -1.0
  outer loop
    vertex 539.4000415943665 91.06128617030048 0.5000000000000004
    vertex 538.934167313182 92.79995265762076 0.5000000000000004
    vertex 539.3682930319974 92.9797734181291 0.5000000000000004
  endloop
endfacet
facet normal 0.0 0.0 -1.0
  outer loop
    vertex 539.4000415943665 91.06128617030048 0.5000000000000004
    vertex 539.3682930319974 92.9797734181291 0.5000000000000004
    vertex 539.7410852381332 93.2658269388053 0.5000000000000004
  endloop
endfacet
facet normal 0.0 0.0 -1.0
  outer loop
    vertex 539.4000415943665 91.06128617030048 0.5000000000000004
    vertex 539.7410852381332 93.2658269388053 0.5000000000000004
    vertex 540.2682930319974 91.42092769131715 0.5000000000000004
  endloop
endfacet
facet normal 0.0 0.0 -1.0
  outer loop
    vertex 540.2682930319974 91.42092769131715 0.5000000000000004
    vertex 539.7410852381332 93.2658269388053 0.5000000000000004
    vertex 540.0271387588094 93.6386191449411 0.5000000000000004
  endloop
endfacet
facet normal 0.0 0.0 -1.0
  outer loop
    vertex 540.2682930319974 91.42092769131715 0.5000000000000004
    vertex 540.0271387588094 93.6386191449411 0.5000000000000004
    vertex 540.2069595193177 94.07274486375658 0.5000000000000004
  endloop
endfacet
facet normal 0.0 0.0 -1.0
  outer loop
    vertex 540.2682930319974 91.42092769131715 0.5000000000000004
    vertex 540.2069595193177 94.07274486375658 0.5000000000000004
    vertex 540.2682930319975 94.53861914494112 0.5000000000000004
  endloop
endfacet
facet normal 0.0 0.0 -1.0
  outer loop
    vertex 540.2682930319974 91.42092769131715 0.5000000000000004
    vertex 540.2682930319975 94.53861914494112 0.5000000000000004
    vertex 541.0138774442689 91.99303473266956 0.5000000000000004
  endloop
endfacet
facet normal 0.0 0.0 -1.0
  outer loop
    vertex 541.0138774442689 91.99303473266956 0.5000000000000004
    vertex 540.2682930319975 94.53861914494112 0.5000000000000004
    vertex 541.0138774442689 97.08420355721269 0.5000000000000004
  endloop
endfacet
facet normal 0.0 0.0 -1.0
  outer loop
    vertex 541.0138774442689 91.99303473266956 0.5000000000000004
    vertex 541.0138774442689 97.08420355721269 0.5000000000000004
    vertex 541.5859844856213 96.33861914494112 0.5000000000000004
  endloop
endfacet
facet normal 0.0 0.0 -1.0
  outer loop
    vertex 541.0138774442689 91.99303473266956 0.5000000000000004
    vertex 541.5859844856213 96.33861914494112 0.5000000000000004
    vertex 541.5859844856213 92.73861914494113 0.5000000000000004
  endloop
endfacet
facet normal 0.0 0.0 -1.0
  outer loop
    vertex 541.5859844856213 92.73861914494113 0.5000000000000004
    vertex 541.5859844856213 96.33861914494112 0.5000000000000004
    vertex 541.945626006638 95.4703677073102 0.5000000000000004
  endloop
endfacet
facet normal 0.0 0.0 -1.0
  outer loop
    vertex 541.5859844856213 92.73861914494113 0.5000000000000004
    vertex 541.945626006638 95.4703677073102 0.5000000000000004
    vertex 541.945626006638 93.60687058257204 0.5000000000000004
  endloop
endfacet
facet normal 0.0 0.0 -1.0
  outer loop
    vertex 541.945626006638 93.60687058257204 0.5000000000000004
    vertex 541.945626006638 95.4703677073102 0.5000000000000004
    vertex 542.0682930319974 94.53861914494112 0.5000000000000004
  endloop
endfacet
facet normal -0.9238795325112925 0.382683432365076 0.0
  outer loop
    vertex 588.9741064121483 36.52352060001158 0.5000000000000004
    vertex 588.6144648911317 35.655269162380655 -1.9999999999999998
    vertex 588.6144648911317 35.655269162380655 0.5000000000000004
  endloop
endfacet
facet normal -0.9238795325112925 0.382683432365076 0.0
  outer loop
    vertex 588.6144648911317 35.655269162380655 -1.9999999999999998
    vertex 588.9741064121483 36.52352060001158 0.5000000000000004
    vertex 588.9741064121483 36.52352060001158 -1.9999999999999998
  endloop
endfacet
facet normal 0.38268343236509134 -0.9238795325112861 0.0
  outer loop
    vertex 537.5365444696283 40.97108254253147 0.5000000000000004
    vertex 536.6682930319975 40.6114410215148 -1.9999999999999998
    vertex 537.5365444696283 40.97108254253147 -1.9999999999999998
  endloop
endfacet
facet normal 0.38268343236509134 -0.9238795325112861 0.0
  outer loop
    vertex 536.6682930319975 40.6114410215148 -1.9999999999999998
    vertex 537.5365444696283 40.97108254253147 0.5000000000000004
    vertex 536.6682930319975 40.6114410215148 0.5000000000000004
  endloop
endfacet
facet normal 0.9238795325112933 0.38268343236507385 0.0
  outer loop
    vertex 534.9909600573568 36.56200100552176 -1.9999999999999998
    vertex 535.3506015783734 35.69374956789083 0.5000000000000004
    vertex 535.3506015783734 35.69374956789083 -1.9999999999999998
  endloop
endfacet
facet normal 0.9238795325112933 0.38268343236507385 0.0
  outer loop
    vertex 535.3506015783734 35.69374956789083 0.5000000000000004
    vertex 534.9909600573568 36.56200100552176 -1.9999999999999998
    vertex 534.9909600573568 36.56200100552176 0.5000000000000004
  endloop
endfacet
facet normal 0.38268343236513047 -0.92387953251127 0.0
  outer loop
    vertex 585.0308991563231 39.19393564970102 3.0
    vertex 584.5967734375076 39.01411488919268 0.5000000000000004
    vertex 585.0308991563231 39.19393564970102 0.5000000000000004
  endloop
endfacet
facet normal 0.38268343236513047 -0.92387953251127 0.0
  outer loop
    vertex 584.5967734375076 39.01411488919268 0.5000000000000004
    vertex 585.0308991563231 39.19393564970102 3.0
    vertex 584.5967734375076 39.01411488919268 3.0
  endloop
endfacet
facet normal -1.0 0.0 0.0
  outer loop
    vertex 530.1509626727195 102.38281928798806 3.0
    vertex 530.1509626727195 31.36181928798808 -1.9999999999999998
    vertex 530.1509626727195 31.36181928798808 3.0
  endloop
endfacet
facet normal -1.0 0.0 0.0
  outer loop
    vertex 530.1509626727195 31.36181928798808 -1.9999999999999998
    vertex 530.1509626727195 102.38281928798806 3.0
    vertex 530.1509626727195 102.38281928798806 -1.9999999999999998
  endloop
endfacet
facet normal 0.13052619222003628 0.9914448613738125 0.0
  outer loop
    vertex 583.2959877821934 80.25657861451509 3.0000000000000013
    vertex 583.7627420481313 80.19512924964481 -1.9999999999999984
    vertex 583.2959877821934 80.25657861451509 -1.9999999999999984
  endloop
endfacet
facet normal 0.13052619222003628 0.9914448613738125 0.0
  outer loop
    vertex 583.7627420481313 80.19512924964481 -1.9999999999999984
    vertex 583.2959877821934 80.25657861451509 3.0000000000000013
    vertex 583.7627420481313 80.19512924964481 3.0000000000000013
  endloop
endfacet
facet normal 0.6087614290087189 -0.7933533402912365 0.0
  outer loop
    vertex 536.6682930319975 40.6114410215148 0.5000000000000004
    vertex 535.9227086197259 40.0393339801624 -1.9999999999999998
    vertex 536.6682930319975 40.6114410215148 -1.9999999999999998
  endloop
endfacet
facet normal 0.6087614290087189 -0.7933533402912365 0.0
  outer loop
    vertex 535.9227086197259 40.0393339801624 -1.9999999999999998
    vertex 536.6682930319975 40.6114410215148 0.5000000000000004
    vertex 535.9227086197259 40.0393339801624 0.5000000000000004
  endloop
endfacet
facet normal 0.9238795325112933 0.38268343236507385 0.0
  outer loop
    vertex 582.019440462867 36.52352060001158 -1.9999999999999998
    vertex 582.3790819838837 35.655269162380655 0.5000000000000004
    vertex 582.3790819838837 35.655269162380655 -1.9999999999999998
  endloop
endfacet
facet normal 0.9238795325112933 0.38268343236507385 0.0
  outer loop
    vertex 582.3790819838837 35.655269162380655 0.5000000000000004
    vertex 582.019440462867 36.52352060001158 -1.9999999999999998
    vertex 582.019440462867 36.52352060001158 0.5000000000000004
  endloop
endfacet
facet normal 0.38268343236517066 -0.9238795325112532 0.0
  outer loop
    vertex 576.8849877821933 51.70839709050206 3.0
    vertex 576.4500420481312 51.528236668557184 -1.9999999999999998
    vertex 576.8849877821933 51.70839709050206 -1.9999999999999998
  endloop
endfacet
facet normal 0.38268343236517066 -0.9238795325112532 0.0
  outer loop
    vertex 576.4500420481312 51.528236668557184 -1.9999999999999998
    vertex 576.8849877821933 51.70839709050206 3.0
    vertex 576.4500420481312 51.528236668557184 3.0
  endloop
endfacet
facet normal -0.13052619222004988 -0.9914448613738107 -0.0
  outer loop
    vertex 585.9626477186922 39.19393564970102 3.0
    vertex 585.4967734375076 39.2552691623807 0.5000000000000004
    vertex 585.9626477186922 39.19393564970102 0.5000000000000004
  endloop
endfacet
facet normal -0.13052619222004988 -0.9914448613738107 -0.0
  outer loop
    vertex 585.4967734375076 39.2552691623807 0.5000000000000004
    vertex 585.9626477186922 39.19393564970102 3.0
    vertex 585.4967734375076 39.2552691623807 3.0
  endloop
endfacet
facet normal 0.13052619222004988 -0.9914448613738107 0.0
  outer loop
    vertex 585.4967734375076 39.2552691623807 3.0
    vertex 585.0308991563231 39.19393564970102 0.5000000000000004
    vertex 585.4967734375076 39.2552691623807 0.5000000000000004
  endloop
endfacet
facet normal 0.13052619222004988 -0.9914448613738107 0.0
  outer loop
    vertex 585.0308991563231 39.19393564970102 0.5000000000000004
    vertex 585.4967734375076 39.2552691623807 3.0
    vertex 585.0308991563231 39.19393564970102 3.0
  endloop
endfacet
facet normal 0.6527105655326026 -0.7576073637723634 0.0
  outer loop
    vertex 539.5154130266478 85.51178653895882 3.9999999999999942
    vertex 539.385542935182 85.39989800025143 2.9999999999999947
    vertex 539.5154130266478 85.51178653895882 2.9999999999999947
  endloop
endfacet
facet normal 0.6527105655326026 -0.7576073637723634 0.0
  outer loop
    vertex 539.385542935182 85.39989800025143 2.9999999999999947
    vertex 539.5154130266478 85.51178653895882 3.9999999999999942
    vertex 539.385542935182 85.39989800025143 3.9999999999999942
  endloop
endfacet
facet normal -0.8165987649814278 -0.5772057319802073 0.0
  outer loop
    vertex 539.0896716817686 85.81848029551396 3.9999999999999942
    vertex 539.385542935182 85.39989800025143 2.9999999999999947
    vertex 539.385542935182 85.39989800025143 3.9999999999999942
  endloop
endfacet
facet normal -0.8165987649814278 -0.5772057319802073 0.0
  outer loop
    vertex 539.385542935182 85.39989800025143 2.9999999999999947
    vertex 539.0896716817686 85.81848029551396 3.9999999999999942
    vertex 539.0896716817686 85.81848029551396 2.9999999999999947
  endloop
endfacet
facet normal -0.6757299653801964 0.7371492480409098 0.0
  outer loop
    vertex 539.0896716817686 85.81848029551396 3.9999999999999942
    vertex 539.2628598516498 85.97723842536236 2.9999999999999947
    vertex 539.0896716817686 85.81848029551396 2.9999999999999947
  endloop
endfacet
facet normal -0.6757299653801964 0.7371492480409098 0.0
  outer loop
    vertex 539.2628598516498 85.97723842536236 2.9999999999999947
    vertex 539.0896716817686 85.81848029551396 3.9999999999999942
    vertex 539.2628598516498 85.97723842536236 3.9999999999999942
  endloop
endfacet
facet normal -0.5368589589807113 0.8436720086397006 0.0
  outer loop
    vertex 539.2628598516498 85.97723842536236 3.9999999999999942
    vertex 539.5406935281392 86.15403402460286 2.9999999999999947
    vertex 539.2628598516498 85.97723842536236 2.9999999999999947
  endloop
endfacet
facet normal -0.5368589589807113 0.8436720086397006 0.0
  outer loop
    vertex 539.5406935281392 86.15403402460286 2.9999999999999947
    vertex 539.2628598516498 85.97723842536236 3.9999999999999942
    vertex 539.5406935281392 86.15403402460286 3.9999999999999942
  endloop
endfacet
facet normal -0.36023079768445426 0.9328632120518109 0.0
  outer loop
    vertex 539.5406935281392 86.15403402460286 3.9999999999999942
    vertex 539.9051073372938 86.29475463129317 2.9999999999999947
    vertex 539.5406935281392 86.15403402460286 2.9999999999999947
  endloop
endfacet
facet normal -0.36023079768445426 0.9328632120518109 0.0
  outer loop
    vertex 539.9051073372938 86.29475463129317 2.9999999999999947
    vertex 539.5406935281392 86.15403402460286 3.9999999999999942
    vertex 539.9051073372938 86.29475463129317 3.9999999999999942
  endloop
endfacet
facet normal -0.1322015566853585 0.9912228550684089 0.0
  outer loop
    vertex 539.9051073372938 86.29475463129317 3.9999999999999942
    vertex 540.3380916605064 86.35250269597547 2.9999999999999947
    vertex 539.9051073372938 86.29475463129317 2.9999999999999947
  endloop
endfacet
facet normal -0.1322015566853585 0.9912228550684089 0.0
  outer loop
    vertex 540.3380916605064 86.35250269597547 2.9999999999999947
    vertex 539.9051073372938 86.29475463129317 3.9999999999999942
    vertex 540.3380916605064 86.35250269597547 3.9999999999999942
  endloop
endfacet
facet normal 0.06122388313944826 0.9981240584883863 0.0
  outer loop
    vertex 540.3380916605064 86.35250269597547 3.9999999999999942
    vertex 540.665322306211 86.33243071129392 2.9999999999999947
    vertex 540.3380916605064 86.35250269597547 2.9999999999999947
  endloop
endfacet
facet normal 0.06122388313944826 0.9981240584883863 0.0
  outer loop
    vertex 540.665322306211 86.33243071129392 2.9999999999999947
    vertex 540.3380916605064 86.35250269597547 3.9999999999999942
    vertex 540.665322306211 86.33243071129392 3.9999999999999942
  endloop
endfacet
facet normal 0.2090591489731437 0.9779029973523063 0.0
  outer loop
    vertex 540.665322306211 86.33243071129392 3.9999999999999942
    vertex 540.9469907346818 86.27221475724927 2.9999999999999947
    vertex 540.665322306211 86.33243071129392 2.9999999999999947
  endloop
endfacet
facet normal 0.2090591489731437 0.9779029973523063 0.0
  outer loop
    vertex 540.9469907346818 86.27221475724927 2.9999999999999947
    vertex 540.665322306211 86.33243071129392 3.9999999999999942
    vertex 540.9469907346818 86.27221475724927 3.9999999999999942
  endloop
endfacet
facet normal 0.3911894483533003 0.920310173526861 0.0
  outer loop
    vertex 540.9469907346818 86.27221475724927 3.9999999999999942
    vertex 541.1830969459187 86.17185483384151 2.9999999999999947
    vertex 540.9469907346818 86.27221475724927 2.9999999999999947
  endloop
endfacet
facet normal 0.3911894483533003 0.920310173526861 0.0
  outer loop
    vertex 541.1830969459187 86.17185483384151 2.9999999999999947
    vertex 540.9469907346818 86.27221475724927 3.9999999999999942
    vertex 541.1830969459187 86.17185483384151 3.9999999999999942
  endloop
endfacet
facet normal 0.5934811255940159 0.8048479071002544 0.0
  outer loop
    vertex 541.1830969459187 86.17185483384151 3.9999999999999942
    vertex 541.3736409399218 86.03135094107064 2.9999999999999947
    vertex 541.1830969459187 86.17185483384151 2.9999999999999947
  endloop
endfacet
facet normal 0.5934811255940159 0.8048479071002544 0.0
  outer loop
    vertex 541.3736409399218 86.03135094107064 2.9999999999999947
    vertex 541.1830969459187 86.17185483384151 3.9999999999999942
    vertex 541.3736409399218 86.03135094107064 3.9999999999999942
  endloop
endfacet
facet normal 0.13052619222006231 0.991444861373809 0.0
  outer loop
    vertex 584.4983748576991 91.06128617030049 0.5000000000000004
    vertex 585.4301234200681 90.93861914494113 -1.9999999999999998
    vertex 584.4983748576991 91.06128617030049 -1.9999999999999998
  endloop
endfacet
facet normal 0.13052619222006231 0.991444861373809 0.0
  outer loop
    vertex 585.4301234200681 90.93861914494113 -1.9999999999999998
    vertex 584.4983748576991 91.06128617030049 0.5000000000000004
    vertex 585.4301234200681 90.93861914494113 0.5000000000000004
  endloop
endfacet
facet normal -0.1305261922200564 0.9914448613738099 0.0
  outer loop
    vertex 585.4967734375076 33.85526916238066 0.5000000000000004
    vertex 586.4285219998767 33.97793618774001 -1.9999999999999998
    vertex 585.4967734375076 33.85526916238066 -1.9999999999999998
  endloop
endfacet
facet normal -0.1305261922200564 0.9914448613738099 0.0
  outer loop
    vertex 586.4285219998767 33.97793618774001 -1.9999999999999998
    vertex 585.4967734375076 33.85526916238066 0.5000000000000004
    vertex 586.4285219998767 33.97793618774001 0.5000000000000004
  endloop
endfacet
facet normal 1.220011628415e-15 1.0 4.0215945936375496e-15
  outer loop
    vertex 557.9917694505016 43.25018917843511 16.240000000001643
    vertex 566.3417694505016 43.25018917843515 3.0
    vertex 557.9917694505014 43.25018917843515 3.0
  endloop
endfacet
facet normal 1.220011628415e-15 1.0 4.0215945936375496e-15
  outer loop
    vertex 566.3417694505016 43.25018917843515 3.0
    vertex 557.9917694505016 43.25018917843511 16.240000000001643
    vertex 566.3417694505016 43.2501891784351 16.24000000000153
  endloop
endfacet
facet normal -0.47130208814130214 -0.8819718485947544 8.954392011185423e-14
  outer loop
    vertex 558.6658632146356 90.20398544175477 -1.9999999999984968
    vertex 545.2317420481313 97.38281928798806 3.0
    vertex 545.2317420481313 97.38281928798806 -1.9999999999999991
  endloop
endfacet
facet normal -0.47130208814130214 -0.8819718485947544 8.954392011185423e-14
  outer loop
    vertex 545.2317420481313 97.38281928798806 3.0
    vertex 558.6658632146356 90.20398544175477 -1.9999999999984968
    vertex 558.6658632146356 90.20398544175538 2.9999999999987934
  endloop
endfacet
facet normal 0.5214598290280646 -0.8532758327235229 8.65732531715451e-14
  outer loop
    vertex 578.7627420481313 97.38281928798806 3.0
    vertex 567.0158632146355 90.20398544175502 -1.9999999999985525
    vertex 578.7627420481313 97.38281928798806 -1.9999999999999991
  endloop
endfacet
facet normal 0.5214598290280646 -0.8532758327235229 8.65732531715451e-14
  outer loop
    vertex 567.0158632146355 90.20398544175502 -1.9999999999985525
    vertex 578.7627420481313 97.38281928798806 3.0
    vertex 567.0158632146355 90.20398544175563 2.999999999998737
  endloop
endfacet
facet normal 0.6087614290087189 -0.7933533402912365 0.0
  outer loop
    vertex 583.6967734375077 40.57296061600463 0.5000000000000004
    vertex 582.9511890252361 40.000853574652226 -1.9999999999999998
    vertex 583.6967734375077 40.57296061600463 -1.9999999999999998
  endloop
endfacet
facet normal 0.6087614290087189 -0.7933533402912365 0.0
  outer loop
    vertex 582.9511890252361 40.000853574652226 -1.9999999999999998
    vertex 583.6967734375077 40.57296061600463 0.5000000000000004
    vertex 582.9511890252361 40.000853574652226 0.5000000000000004
  endloop
endfacet
facet normal -1.0 -3.708766628978214e-15 1.5671415126857828e-14
  outer loop
    vertex 558.6658632146357 90.20398544175505 16.24000000000153
    vertex 558.6658632146356 93.20398544175495 13.240000000001537
    vertex 558.6658632146356 90.20398544175538 2.9999999999987934
  endloop
endfacet
facet normal -1.0 -3.708766628978214e-15 1.5671415126857828e-14
  outer loop
    vertex 558.6658632146356 93.20398544175495 13.240000000001537
    vertex 558.6658632146357 90.20398544175505 16.24000000000153
    vertex 558.6658632146357 97.20398544175518 16.240000000001608
  endloop
endfacet
facet normal -1.0 -3.708766628978214e-15 1.5671415126857828e-14
  outer loop
    vertex 558.6658632146356 93.20398544175495 13.240000000001537
    vertex 558.6658632146357 97.20398544175518 16.240000000001608
    vertex 558.6658632146356 97.20398544175521 13.240000000001606
  endloop
endfacet
facet normal -1.0 -3.708766628978214e-15 1.5671415126857828e-14
  outer loop
    vertex 558.6658632146355 93.20398544175538 3.000000000000801
    vertex 558.6658632146356 90.20398544175538 2.9999999999987934
    vertex 558.6658632146356 93.20398544175495 13.240000000001537
  endloop
endfacet
facet normal -0.3826834323650574 -0.9238795325113002 -0.0
  outer loop
    vertex 587.2967734375077 40.57296061600463 0.5000000000000004
    vertex 586.4285219998767 40.93260213702129 -1.9999999999999998
    vertex 587.2967734375077 40.57296061600463 -1.9999999999999998
  endloop
endfacet
facet normal -0.3826834323650574 -0.9238795325113002 -0.0
  outer loop
    vertex 586.4285219998767 40.93260213702129 -1.9999999999999998
    vertex 587.2967734375077 40.57296061600463 0.5000000000000004
    vertex 586.4285219998767 40.93260213702129 0.5000000000000004
  endloop
endfacet
facet normal 0.7933533402912237 -0.6087614290087355 0.0
  outer loop
    vertex 552.6573456789396 51.293442824564146 -1.9999999999999998
    vertex 552.3707518349465 50.91994645537232 3.0
    vertex 552.3707518349465 50.91994645537232 -1.9999999999999998
  endloop
endfacet
facet normal 0.7933533402912237 -0.6087614290087355 0.0
  outer loop
    vertex 552.3707518349465 50.91994645537232 3.0
    vertex 552.6573456789396 51.293442824564146 -1.9999999999999998
    vertex 552.6573456789396 51.293442824564146 3.0
  endloop
endfacet
facet normal 0.9238795325112994 -0.3826834323650592 0.0
  outer loop
    vertex 552.3707518349465 50.91994645537232 -1.9999999999999998
    vertex 552.1905914130017 50.48500072131019 3.0
    vertex 552.1905914130017 50.48500072131019 -1.9999999999999998
  endloop
endfacet
facet normal 0.9238795325112994 -0.3826834323650592 0.0
  outer loop
    vertex 552.1905914130017 50.48500072131019 3.0
    vertex 552.3707518349465 50.91994645537232 -1.9999999999999998
    vertex 552.3707518349465 50.91994645537232 3.0
  endloop
endfacet
facet normal -0.9609499988856836 0.2767220620796339 0.0
  outer loop
    vertex 535.7376576226923 83.95667285743174 3.9999999999999942
    vertex 535.4093189136198 82.81647796387637 2.9999999999999947
    vertex 535.4093189136198 82.81647796387637 3.9999999999999942
  endloop
endfacet
facet normal -0.9609499988856836 0.2767220620796339 0.0
  outer loop
    vertex 535.4093189136198 82.81647796387637 2.9999999999999947
    vertex 535.7376576226923 83.95667285743174 3.9999999999999942
    vertex 535.7376576226923 83.95667285743174 2.9999999999999947
  endloop
endfacet
facet normal -0.953273272532785 0.3021093640962402 0.0
  outer loop
    vertex 536.1092864518633 85.12930724832927 3.9999999999999942
    vertex 535.7376576226923 83.95667285743174 2.9999999999999947
    vertex 535.7376576226923 83.95667285743174 3.9999999999999942
  endloop
endfacet
facet normal -0.953273272532785 0.3021093640962402 0.0
  outer loop
    vertex 535.7376576226923 83.95667285743174 2.9999999999999947
    vertex 536.1092864518633 85.12930724832927 3.9999999999999942
    vertex 536.1092864518633 85.12930724832927 2.9999999999999947
  endloop
endfacet
facet normal -0.9389110978354144 0.344159774467466 0.0
  outer loop
    vertex 536.5206257687927 86.25149257704338 3.9999999999999942
    vertex 536.1092864518633 85.12930724832927 2.9999999999999947
    vertex 536.1092864518633 85.12930724832927 3.9999999999999942
  endloop
endfacet
facet normal -0.9389110978354144 0.344159774467466 0.0
  outer loop
    vertex 536.1092864518633 85.12930724832927 2.9999999999999947
    vertex 536.5206257687927 86.25149257704338 3.9999999999999942
    vertex 536.5206257687927 86.25149257704338 2.9999999999999947
  endloop
endfacet
facet normal -0.974897272371585 -0.2226551331598794 0.0
  outer loop
    vertex 537.7185406611816 82.95361904575827 3.9999999999999942
    vertex 537.9855518882953 81.78450826303552 2.9999999999999947
    vertex 537.9855518882953 81.78450826303552 3.9999999999999942
  endloop
endfacet
facet normal -0.974897272371585 -0.2226551331598794 0.0
  outer loop
    vertex 537.9855518882953 81.78450826303552 2.9999999999999947
    vertex 537.7185406611816 82.95361904575827 3.9999999999999942
    vertex 537.7185406611816 82.95361904575827 2.9999999999999947
  endloop
endfacet
facet normal 0.0 -1.0 0.0
  outer loop
    vertex 537.7185406611816 82.95361904575827 3.9999999999999942
    vertex 536.001033408364 82.95361904575827 2.9999999999999947
    vertex 537.7185406611816 82.95361904575827 2.9999999999999947
  endloop
endfacet
facet normal 0.0 -1.0 0.0
  outer loop
    vertex 536.001033408364 82.95361904575827 2.9999999999999947
    vertex 537.7185406611816 82.95361904575827 3.9999999999999942
    vertex 536.001033408364 82.95361904575827 3.9999999999999942
  endloop
endfacet
facet normal 0.9761980405752022 -0.21688104015136053 0.0
  outer loop
    vertex 536.001033408364 82.95361904575827 2.9999999999999947
    vertex 535.7412931179003 81.78450826303552 3.9999999999999942
    vertex 535.7412931179003 81.78450826303552 2.9999999999999947
  endloop
endfacet
facet normal 0.9761980405752022 -0.21688104015136053 0.0
  outer loop
    vertex 535.7412931179003 81.78450826303552 3.9999999999999942
    vertex 536.001033408364 82.95361904575827 2.9999999999999947
    vertex 536.001033408364 82.95361904575827 3.9999999999999942
  endloop
endfacet
facet normal 0.0 -1.0 0.0
  outer loop
    vertex 535.7412931179003 81.78450826303552 3.9999999999999942
    vertex 535.1351206785724 81.78450826303552 2.9999999999999947
    vertex 535.7412931179003 81.78450826303552 2.9999999999999947
  endloop
endfacet
facet normal 0.0 -1.0 0.0
  outer loop
    vertex 535.1351206785724 81.78450826303552 2.9999999999999947
    vertex 535.7412931179003 81.78450826303552 3.9999999999999942
    vertex 535.1351206785724 81.78450826303552 3.9999999999999942
  endloop
endfacet
facet normal 0.0 1.0 0.0
  outer loop
    vertex 536.5206257687927 86.25149257704338 3.9999999999999942
    vertex 537.256724269986 86.25149257704338 2.9999999999999947
    vertex 536.5206257687927 86.25149257704338 2.9999999999999947
  endloop
endfacet
facet normal 0.0 1.0 0.0
  outer loop
    vertex 537.256724269986 86.25149257704338 2.9999999999999947
    vertex 536.5206257687927 86.25149257704338 3.9999999999999942
    vertex 537.256724269986 86.25149257704338 3.9999999999999942
  endloop
endfacet
facet normal 0.9418119803103998 0.33614014003656756 0.0
  outer loop
    vertex 537.256724269986 86.25149257704338 2.9999999999999947
    vertex 537.6572410837737 85.12930724832927 3.9999999999999942
    vertex 537.6572410837737 85.12930724832927 2.9999999999999947
  endloop
endfacet
facet normal 0.9418119803103998 0.33614014003656756 0.0
  outer loop
    vertex 537.6572410837737 85.12930724832927 3.9999999999999942
    vertex 537.256724269986 86.25149257704338 2.9999999999999947
    vertex 537.256724269986 86.25149257704338 3.9999999999999942
  endloop
endfacet
facet normal 0.83464353404588 0.5507904965369355 9.218205667426867e-18
  outer loop
    vertex 580.887275954064 53.50198036130507 -1.9999999999999998
    vertex 581.869392959219 52.013723731637185 3.0
    vertex 581.869392959219 52.013723731637185 -1.9999999999999998
  endloop
endfacet
facet normal 0.83464353404588 0.5507904965369355 9.218205667426867e-18
  outer loop
    vertex 581.869392959219 52.013723731637185 3.0
    vertex 580.887275954064 53.50198036130507 -1.9999999999999998
    vertex 580.887275954064 53.50198036130507 3.0
  endloop
endfacet
facet normal -0.38268343236513047 0.92387953251127 0.0
  outer loop
    vertex 538.934167313182 35.755083080570465 3.0
    vertex 539.3682930319974 35.9349038410788 0.5000000000000004
    vertex 538.934167313182 35.755083080570465 0.5000000000000004
  endloop
endfacet
facet normal -0.38268343236513047 0.92387953251127 0.0
  outer loop
    vertex 539.3682930319974 35.9349038410788 0.5000000000000004
    vertex 538.934167313182 35.755083080570465 3.0
    vertex 539.3682930319974 35.9349038410788 3.0
  endloop
endfacet
facet normal -0.92387953251133 -0.38268343236498564 -0.0
  outer loop
    vertex 586.9889691468802 95.43861914494114 3.0
    vertex 587.1687899073885 95.00449342612568 0.5000000000000004
    vertex 587.1687899073885 95.00449342612568 3.0
  endloop
endfacet
facet normal -0.92387953251133 -0.38268343236498564 -0.0
  outer loop
    vertex 587.1687899073885 95.00449342612568 0.5000000000000004
    vertex 586.9889691468802 95.43861914494114 3.0
    vertex 586.9889691468802 95.43861914494114 0.5000000000000004
  endloop
endfacet
facet normal -0.793353340291257 -0.6087614290086921 -0.0
  outer loop
    vertex 586.702915626204 95.81141135107694 3.0
    vertex 586.9889691468802 95.43861914494114 0.5000000000000004
    vertex 586.9889691468802 95.43861914494114 3.0
  endloop
endfacet
facet normal -0.793353340291257 -0.6087614290086921 -0.0
  outer loop
    vertex 586.9889691468802 95.43861914494114 0.5000000000000004
    vertex 586.702915626204 95.81141135107694 3.0
    vertex 586.702915626204 95.81141135107694 0.5000000000000004
  endloop
endfacet
facet normal -0.6087614290087189 -0.7933533402912365 -0.0
  outer loop
    vertex 586.702915626204 95.81141135107694 3.0
    vertex 586.3301234200682 96.09746487175315 0.5000000000000004
    vertex 586.702915626204 95.81141135107694 0.5000000000000004
  endloop
endfacet
facet normal -0.6087614290087189 -0.7933533402912365 -0.0
  outer loop
    vertex 586.3301234200682 96.09746487175315 0.5000000000000004
    vertex 586.702915626204 95.81141135107694 3.0
    vertex 586.3301234200682 96.09746487175315 3.0
  endloop
endfacet
facet normal -0.38268343236508306 -0.9238795325112896 -0.0
  outer loop
    vertex 586.3301234200682 96.09746487175315 3.0
    vertex 585.8959977012527 96.2772856322615 0.5000000000000004
    vertex 586.3301234200682 96.09746487175315 0.5000000000000004
  endloop
endfacet
facet normal -0.38268343236508306 -0.9238795325112896 -0.0
  outer loop
    vertex 585.8959977012527 96.2772856322615 0.5000000000000004
    vertex 586.3301234200682 96.09746487175315 3.0
    vertex 585.8959977012527 96.2772856322615 3.0
  endloop
endfacet
facet normal -0.13052619222003808 -0.9914448613738123 -0.0
  outer loop
    vertex 585.8959977012527 96.2772856322615 3.0
    vertex 585.4301234200681 96.33861914494116 0.5000000000000004
    vertex 585.8959977012527 96.2772856322615 0.5000000000000004
  endloop
endfacet
facet normal -0.13052619222003808 -0.9914448613738123 -0.0
  outer loop
    vertex 585.4301234200681 96.33861914494116 0.5000000000000004
    vertex 585.8959977012527 96.2772856322615 3.0
    vertex 585.4301234200681 96.33861914494116 3.0
  endloop
endfacet
facet normal 0.13052619222003808 -0.9914448613738123 0.0
  outer loop
    vertex 585.4301234200681 96.33861914494116 3.0
    vertex 584.9642491388836 96.2772856322615 0.5000000000000004
    vertex 585.4301234200681 96.33861914494116 0.5000000000000004
  endloop
endfacet
facet normal 0.13052619222003808 -0.9914448613738123 0.0
  outer loop
    vertex 584.9642491388836 96.2772856322615 0.5000000000000004
    vertex 585.4301234200681 96.33861914494116 3.0
    vertex 584.9642491388836 96.2772856322615 3.0
  endloop
endfacet
facet normal 0.7933533402912017 -0.6087614290087642 0.0
  outer loop
    vertex 535.9227086197259 40.0393339801624 -1.9999999999999998
    vertex 535.3506015783734 39.29374956789083 0.5000000000000004
    vertex 535.3506015783734 39.29374956789083 -1.9999999999999998
  endloop
endfacet
facet normal 0.7933533402912017 -0.6087614290087642 0.0
  outer loop
    vertex 535.3506015783734 39.29374956789083 0.5000000000000004
    vertex 535.9227086197259 40.0393339801624 -1.9999999999999998
    vertex 535.9227086197259 40.0393339801624 0.5000000000000004
  endloop
endfacet
facet normal 0.9914448613738114 0.13052619222004508 0.0
  outer loop
    vertex 581.8967734375077 37.45526916238065 -1.9999999999999998
    vertex 582.019440462867 36.52352060001158 0.5000000000000004
    vertex 582.019440462867 36.52352060001158 -1.9999999999999998
  endloop
endfacet
facet normal 0.9914448613738114 0.13052619222004508 0.0
  outer loop
    vertex 582.019440462867 36.52352060001158 0.5000000000000004
    vertex 581.8967734375077 37.45526916238065 -1.9999999999999998
    vertex 581.8967734375077 37.45526916238065 0.5000000000000004
  endloop
endfacet
facet normal 0.38268343236515096 -0.9238795325112614 0.0
  outer loop
    vertex 584.9642491388836 96.2772856322615 3.0
    vertex 584.5301234200681 96.09746487175315 0.5000000000000004
    vertex 584.9642491388836 96.2772856322615 0.5000000000000004
  endloop
endfacet
facet normal 0.38268343236515096 -0.9238795325112614 0.0
  outer loop
    vertex 584.5301234200681 96.09746487175315 0.5000000000000004
    vertex 584.9642491388836 96.2772856322615 3.0
    vertex 584.5301234200681 96.09746487175315 3.0
  endloop
endfacet
facet normal 0.6087614290086261 -0.7933533402913077 0.0
  outer loop
    vertex 584.5301234200681 96.09746487175315 3.0
    vertex 584.1573312139323 95.81141135107694 0.5000000000000004
    vertex 584.5301234200681 96.09746487175315 0.5000000000000004
  endloop
endfacet
facet normal 0.6087614290086261 -0.7933533402913077 0.0
  outer loop
    vertex 584.1573312139323 95.81141135107694 0.5000000000000004
    vertex 584.5301234200681 96.09746487175315 3.0
    vertex 584.1573312139323 95.81141135107694 3.0
  endloop
endfacet
facet normal -0.1305261922200564 -0.9914448613738099 -0.0
  outer loop
    vertex 586.4285219998767 40.93260213702129 0.5000000000000004
    vertex 585.4967734375076 41.05526916238065 -1.9999999999999998
    vertex 586.4285219998767 40.93260213702129 -1.9999999999999998
  endloop
endfacet
facet normal -0.1305261922200564 -0.9914448613738099 -0.0
  outer loop
    vertex 585.4967734375076 41.05526916238065 -1.9999999999999998
    vertex 586.4285219998767 40.93260213702129 0.5000000000000004
    vertex 585.4967734375076 41.05526916238065 0.5000000000000004
  endloop
endfacet
facet normal 0.793353340291257 -0.6087614290086921 0.0
  outer loop
    vertex 584.1573312139323 95.81141135107694 0.5000000000000004
    vertex 583.871277693256 95.43861914494114 3.0
    vertex 583.871277693256 95.43861914494114 0.5000000000000004
  endloop
endfacet
facet normal 0.793353340291257 -0.6087614290086921 0.0
  outer loop
    vertex 583.871277693256 95.43861914494114 3.0
    vertex 584.1573312139323 95.81141135107694 0.5000000000000004
    vertex 584.1573312139323 95.81141135107694 3.0
  endloop
endfacet
facet normal 0.92387953251133 -0.38268343236498564 0.0
  outer loop
    vertex 583.871277693256 95.43861914494114 0.5000000000000004
    vertex 583.6914569327478 95.00449342612568 3.0
    vertex 583.6914569327478 95.00449342612568 0.5000000000000004
  endloop
endfacet
facet normal 0.92387953251133 -0.38268343236498564 0.0
  outer loop
    vertex 583.6914569327478 95.00449342612568 3.0
    vertex 583.871277693256 95.43861914494114 0.5000000000000004
    vertex 583.871277693256 95.43861914494114 3.0
  endloop
endfacet
facet normal 0.9914448613737993 -0.13052619222013556 0.0
  outer loop
    vertex 583.6914569327478 95.00449342612568 0.5000000000000004
    vertex 583.6301234200681 94.53861914494112 3.0
    vertex 583.6301234200681 94.53861914494112 0.5000000000000004
  endloop
endfacet
facet normal 0.9914448613737993 -0.13052619222013556 0.0
  outer loop
    vertex 583.6301234200681 94.53861914494112 3.0
    vertex 583.6914569327478 95.00449342612568 0.5000000000000004
    vertex 583.6914569327478 95.00449342612568 3.0
  endloop
endfacet
facet normal 1.0 0.0 0.0
  outer loop
    vertex 535.1509626727195 70.0072464553721 -1.9999999999999991
    vertex 535.1509626727195 41.84285855734739 3.0
    vertex 535.1509626727195 41.84285855734739 -1.9999999999999998
  endloop
endfacet
facet normal 1.0 0.0 0.0
  outer loop
    vertex 535.1509626727195 41.84285855734739 3.0
    vertex 535.1509626727195 70.0072464553721 -1.9999999999999991
    vertex 535.1509626727195 70.0072464553721 3.0
  endloop
endfacet
facet normal -0.9238795325113082 -0.38268343236503805 -0.0
  outer loop
    vertex 541.7935322613163 75.9089464553722 3.0000000000000013
    vertex 541.9736926832611 75.47400072131005 -1.9999999999999984
    vertex 541.9736926832611 75.47400072131005 3.0000000000000013
  endloop
endfacet
facet normal -0.9238795325113082 -0.38268343236503805 -0.0
  outer loop
    vertex 541.9736926832611 75.47400072131005 -1.9999999999999984
    vertex 541.7935322613163 75.9089464553722 3.0000000000000013
    vertex 541.7935322613163 75.9089464553722 -1.9999999999999984
  endloop
endfacet
facet normal -0.7933533402912415 -0.6087614290087123 -0.0
  outer loop
    vertex 541.5069384173232 76.28244282456404 3.0000000000000013
    vertex 541.7935322613163 75.9089464553722 -1.9999999999999984
    vertex 541.7935322613163 75.9089464553722 3.0000000000000013
  endloop
endfacet
facet normal -0.7933533402912415 -0.6087614290087123 -0.0
  outer loop
    vertex 541.7935322613163 75.9089464553722 -1.9999999999999984
    vertex 541.5069384173232 76.28244282456404 3.0000000000000013
    vertex 541.5069384173232 76.28244282456404 -1.9999999999999984
  endloop
endfacet
facet normal -0.6087614290086776 -0.7933533402912681 -0.0
  outer loop
    vertex 541.5069384173232 76.28244282456404 3.0000000000000013
    vertex 541.1334420481313 76.5690366685571 -1.9999999999999984
    vertex 541.5069384173232 76.28244282456404 -1.9999999999999984
  endloop
endfacet
facet normal -0.6087614290086776 -0.7933533402912681 -0.0
  outer loop
    vertex 541.1334420481313 76.5690366685571 -1.9999999999999984
    vertex 541.5069384173232 76.28244282456404 3.0000000000000013
    vertex 541.1334420481313 76.5690366685571 3.0000000000000013
  endloop
endfacet
facet normal -0.382683432365062 -0.9238795325112983 -0.0
  outer loop
    vertex 541.1334420481313 76.5690366685571 3.0000000000000013
    vertex 540.6984963140692 76.74919709050197 -1.9999999999999984
    vertex 541.1334420481313 76.5690366685571 -1.9999999999999984
  endloop
endfacet
facet normal -0.382683432365062 -0.9238795325112983 -0.0
  outer loop
    vertex 540.6984963140692 76.74919709050197 -1.9999999999999984
    vertex 541.1334420481313 76.5690366685571 3.0000000000000013
    vertex 540.6984963140692 76.74919709050197 3.0000000000000013
  endloop
endfacet
facet normal -0.13052619222005982 -0.9914448613738093 -0.0
  outer loop
    vertex 540.6984963140692 76.74919709050197 3.0000000000000013
    vertex 540.2317420481313 76.81064645537226 -1.9999999999999984
    vertex 540.6984963140692 76.74919709050197 -1.9999999999999984
  endloop
endfacet
facet normal -0.13052619222005982 -0.9914448613738093 -0.0
  outer loop
    vertex 540.2317420481313 76.81064645537226 -1.9999999999999984
    vertex 540.6984963140692 76.74919709050197 3.0000000000000013
    vertex 540.2317420481313 76.81064645537226 3.0000000000000013
  endloop
endfacet
facet normal 0.13052619222005982 -0.9914448613738093 0.0
  outer loop
    vertex 540.2317420481313 76.81064645537226 3.0000000000000013
    vertex 539.7649877821934 76.74919709050197 -1.9999999999999984
    vertex 540.2317420481313 76.81064645537226 -1.9999999999999984
  endloop
endfacet
facet normal 0.13052619222005982 -0.9914448613738093 0.0
  outer loop
    vertex 539.7649877821934 76.74919709050197 -1.9999999999999984
    vertex 540.2317420481313 76.81064645537226 3.0000000000000013
    vertex 539.7649877821934 76.74919709050197 3.0000000000000013
  endloop
endfacet
facet normal -0.7933533402913074 0.6087614290086264 0.0
  outer loop
    vertex 578.913532261316 49.0647464553723 3.0
    vertex 578.6269384173231 48.69125008618049 -1.9999999999999998
    vertex 578.6269384173231 48.69125008618049 3.0
  endloop
endfacet
facet normal -0.7933533402913074 0.6087614290086264 0.0
  outer loop
    vertex 578.6269384173231 48.69125008618049 -1.9999999999999998
    vertex 578.913532261316 49.0647464553723 3.0
    vertex 578.913532261316 49.0647464553723 -1.9999999999999998
  endloop
endfacet
facet normal 0.79335334029114 -0.6087614290088446 0.0
  outer loop
    vertex 576.0765456789394 51.24164282456415 -1.9999999999999998
    vertex 575.7899518349462 50.86814645537231 3.0
    vertex 575.7899518349462 50.86814645537231 -1.9999999999999998
  endloop
endfacet
facet normal 0.79335334029114 -0.6087614290088446 0.0
  outer loop
    vertex 575.7899518349462 50.86814645537231 3.0
    vertex 576.0765456789394 51.24164282456415 -1.9999999999999998
    vertex 576.0765456789394 51.24164282456415 3.0
  endloop
endfacet
facet normal 0.382683432365062 -0.9238795325112983 0.0
  outer loop
    vertex 539.7649877821934 76.74919709050197 3.0000000000000013
    vertex 539.3300420481312 76.5690366685571 -1.9999999999999984
    vertex 539.7649877821934 76.74919709050197 -1.9999999999999984
  endloop
endfacet
facet normal 0.382683432365062 -0.9238795325112983 0.0
  outer loop
    vertex 539.3300420481312 76.5690366685571 -1.9999999999999984
    vertex 539.7649877821934 76.74919709050197 3.0000000000000013
    vertex 539.3300420481312 76.5690366685571 3.0000000000000013
  endloop
endfacet
facet normal -0.13052619222003628 -0.9914448613738125 -0.0
  outer loop
    vertex 577.8184963140691 51.70839709050206 3.0
    vertex 577.3517420481312 51.76984645537235 -1.9999999999999998
    vertex 577.8184963140691 51.70839709050206 -1.9999999999999998
  endloop
endfacet
facet normal -0.13052619222003628 -0.9914448613738125 -0.0
  outer loop
    vertex 577.3517420481312 51.76984645537235 -1.9999999999999998
    vertex 577.8184963140691 51.70839709050206 3.0
    vertex 577.3517420481312 51.76984645537235 3.0
  endloop
endfacet
facet normal 0.6087614290086776 -0.7933533402912681 0.0
  outer loop
    vertex 539.3300420481312 76.5690366685571 3.0000000000000013
    vertex 538.9565456789394 76.28244282456404 -1.9999999999999984
    vertex 539.3300420481312 76.5690366685571 -1.9999999999999984
  endloop
endfacet
facet normal 0.6087614290086776 -0.7933533402912681 0.0
  outer loop
    vertex 538.9565456789394 76.28244282456404 -1.9999999999999984
    vertex 539.3300420481312 76.5690366685571 3.0000000000000013
    vertex 538.9565456789394 76.28244282456404 3.0000000000000013
  endloop
endfacet
facet normal -0.3826834323651093 0.9238795325112786 0.0
  outer loop
    vertex 554.3992963140693 48.27629582024257 3.0
    vertex 554.8342420481313 48.456456242187414 -1.9999999999999998
    vertex 554.3992963140693 48.27629582024257 -1.9999999999999998
  endloop
endfacet
facet normal -0.3826834323651093 0.9238795325112786 0.0
  outer loop
    vertex 554.8342420481313 48.456456242187414 -1.9999999999999998
    vertex 554.3992963140693 48.27629582024257 3.0
    vertex 554.8342420481313 48.456456242187414 3.0
  endloop
endfacet
facet normal 0.7933533402912415 -0.6087614290087123 0.0
  outer loop
    vertex 538.9565456789394 76.28244282456404 -1.9999999999999984
    vertex 538.6699518349463 75.9089464553722 3.0000000000000013
    vertex 538.6699518349463 75.9089464553722 -1.9999999999999984
  endloop
endfacet
facet normal 0.7933533402912415 -0.6087614290087123 0.0
  outer loop
    vertex 538.6699518349463 75.9089464553722 3.0000000000000013
    vertex 538.9565456789394 76.28244282456404 -1.9999999999999984
    vertex 538.9565456789394 76.28244282456404 3.0000000000000013
  endloop
endfacet
facet normal -0.1305261922200505 0.9914448613738105 0.0
  outer loop
    vertex 585.4301234200681 90.93861914494113 0.5000000000000004
    vertex 586.3618719824372 91.06128617030048 -1.9999999999999998
    vertex 585.4301234200681 90.93861914494113 -1.9999999999999998
  endloop
endfacet
facet normal -0.1305261922200505 0.9914448613738105 0.0
  outer loop
    vertex 586.3618719824372 91.06128617030048 -1.9999999999999998
    vertex 585.4301234200681 90.93861914494113 0.5000000000000004
    vertex 586.3618719824372 91.06128617030048 0.5000000000000004
  endloop
endfacet
facet normal -0.38268343236503516 -0.9238795325113094 -0.0
  outer loop
    vertex 578.2534420481313 51.528236668557184 3.0
    vertex 577.8184963140691 51.70839709050206 -1.9999999999999998
    vertex 578.2534420481313 51.528236668557184 -1.9999999999999998
  endloop
endfacet
facet normal -0.38268343236503516 -0.9238795325113094 -0.0
  outer loop
    vertex 577.8184963140691 51.70839709050206 -1.9999999999999998
    vertex 578.2534420481313 51.528236668557184 3.0
    vertex 577.8184963140691 51.70839709050206 3.0
  endloop
endfacet
facet normal -0.1305261922200564 0.9914448613738099 0.0
  outer loop
    vertex 538.4682930319974 33.893749567890836 0.5000000000000004
    vertex 539.4000415943665 34.01641659325019 -1.9999999999999998
    vertex 538.4682930319974 33.893749567890836 -1.9999999999999998
  endloop
endfacet
facet normal -0.1305261922200564 0.9914448613738099 0.0
  outer loop
    vertex 539.4000415943665 34.01641659325019 -1.9999999999999998
    vertex 538.4682930319974 33.893749567890836 0.5000000000000004
    vertex 539.4000415943665 34.01641659325019 0.5000000000000004
  endloop
endfacet
facet normal -0.6087614290086336 0.7933533402913019 0.0
  outer loop
    vertex 539.3682930319974 35.9349038410788 3.0
    vertex 539.7410852381332 36.22095736175501 0.5000000000000004
    vertex 539.3682930319974 35.9349038410788 0.5000000000000004
  endloop
endfacet
facet normal -0.6087614290086336 0.7933533402913019 0.0
  outer loop
    vertex 539.7410852381332 36.22095736175501 0.5000000000000004
    vertex 539.3682930319974 35.9349038410788 3.0
    vertex 539.7410852381332 36.22095736175501 3.0
  endloop
endfacet
facet normal -0.7933533402912017 -0.6087614290087642 -0.0
  outer loop
    vertex 541.0138774442689 40.0393339801624 0.5000000000000004
    vertex 541.5859844856213 39.29374956789083 -1.9999999999999998
    vertex 541.5859844856213 39.29374956789083 0.5000000000000004
  endloop
endfacet
facet normal -0.7933533402912017 -0.6087614290087642 -0.0
  outer loop
    vertex 541.5859844856213 39.29374956789083 -1.9999999999999998
    vertex 541.0138774442689 40.0393339801624 0.5000000000000004
    vertex 541.0138774442689 40.0393339801624 -1.9999999999999998
  endloop
endfacet
facet normal 0.13052619222005837 -0.9914448613738096 0.0
  outer loop
    vertex 541.5258372736439 70.17761732392677 3.0000000000000013
    vertex 540.2317420481313 70.0072464553721 -1.9999999999999984
    vertex 541.5258372736439 70.17761732392677 -1.9999999999999984
  endloop
endfacet
facet normal 0.13052619222005837 -0.9914448613738096 0.0
  outer loop
    vertex 540.2317420481313 70.0072464553721 -1.9999999999999984
    vertex 541.5258372736439 70.17761732392677 3.0000000000000013
    vertex 540.2317420481313 70.0072464553721 3.0000000000000013
  endloop
endfacet
facet normal 0.1305261922200564 -0.9914448613738099 0.0
  outer loop
    vertex 585.4967734375076 41.05526916238065 0.5000000000000004
    vertex 584.5650248751386 40.93260213702129 -1.9999999999999998
    vertex 585.4967734375076 41.05526916238065 -1.9999999999999998
  endloop
endfacet
facet normal 0.1305261922200564 -0.9914448613738099 0.0
  outer loop
    vertex 584.5650248751386 40.93260213702129 -1.9999999999999998
    vertex 585.4967734375076 41.05526916238065 0.5000000000000004
    vertex 584.5650248751386 40.93260213702129 0.5000000000000004
  endloop
endfacet
facet normal -0.9238795325112333 0.38268343236521857 0.0
  outer loop
    vertex 579.093692683261 49.499692189434434 3.0
    vertex 578.913532261316 49.0647464553723 -1.9999999999999998
    vertex 578.913532261316 49.0647464553723 3.0
  endloop
endfacet
facet normal -0.9238795325112333 0.38268343236521857 0.0
  outer loop
    vertex 578.913532261316 49.0647464553723 -1.9999999999999998
    vertex 579.093692683261 49.499692189434434 3.0
    vertex 579.093692683261 49.499692189434434 -1.9999999999999998
  endloop
endfacet
facet normal 0.6087614290086336 -0.7933533402913019 0.0
  outer loop
    vertex 537.5682930319974 39.052595294702854 3.0
    vertex 537.1955008258616 38.76654177402665 0.5000000000000004
    vertex 537.5682930319974 39.052595294702854 0.5000000000000004
  endloop
endfacet
facet normal 0.6087614290086336 -0.7933533402913019 0.0
  outer loop
    vertex 537.1955008258616 38.76654177402665 0.5000000000000004
    vertex 537.5682930319974 39.052595294702854 3.0
    vertex 537.1955008258616 38.76654177402665 3.0
  endloop
endfacet
facet normal 0.793353340291257 -0.6087614290086921 0.0
  outer loop
    vertex 537.1955008258616 38.76654177402665 0.5000000000000004
    vertex 536.9094473051854 38.39374956789085 3.0
    vertex 536.9094473051854 38.39374956789085 0.5000000000000004
  endloop
endfacet
facet normal 0.793353340291257 -0.6087614290086921 0.0
  outer loop
    vertex 536.9094473051854 38.39374956789085 3.0
    vertex 537.1955008258616 38.76654177402665 0.5000000000000004
    vertex 537.1955008258616 38.76654177402665 3.0
  endloop
endfacet
facet normal 0.92387953251133 -0.38268343236498564 0.0
  outer loop
    vertex 536.9094473051854 38.39374956789085 0.5000000000000004
    vertex 536.7296265446771 37.95962384907538 3.0
    vertex 536.7296265446771 37.95962384907538 0.5000000000000004
  endloop
endfacet
facet normal 0.92387953251133 -0.38268343236498564 0.0
  outer loop
    vertex 536.7296265446771 37.95962384907538 3.0
    vertex 536.9094473051854 38.39374956789085 0.5000000000000004
    vertex 536.9094473051854 38.39374956789085 3.0
  endloop
endfacet
facet normal -0.3826834323650965 0.923879532511284 0.0
  outer loop
    vertex 586.3618719824372 91.06128617030048 0.5000000000000004
    vertex 587.230123420068 91.42092769131715 -1.9999999999999998
    vertex 586.3618719824372 91.06128617030048 -1.9999999999999998
  endloop
endfacet
facet normal -0.3826834323650965 0.923879532511284 0.0
  outer loop
    vertex 587.230123420068 91.42092769131715 -1.9999999999999998
    vertex 586.3618719824372 91.06128617030048 0.5000000000000004
    vertex 587.230123420068 91.42092769131715 0.5000000000000004
  endloop
endfacet
facet normal 0.7933533402912526 0.6087614290086979 0.0
  outer loop
    vertex 536.9094473051854 36.59374956789081 0.5000000000000004
    vertex 537.1955008258616 36.22095736175502 3.0
    vertex 537.1955008258616 36.22095736175502 0.5000000000000004
  endloop
endfacet
facet normal 0.7933533402912526 0.6087614290086979 0.0
  outer loop
    vertex 537.1955008258616 36.22095736175502 3.0
    vertex 536.9094473051854 36.59374956789081 0.5000000000000004
    vertex 536.9094473051854 36.59374956789081 3.0
  endloop
endfacet
facet normal 2.9719407241224727e-14 -1.0 2.0303758674363207e-13
  outer loop
    vertex 567.0158632146355 90.20398544175563 2.999999999998737
    vertex 558.6658632146356 90.20398544175477 -1.9999999999984968
    vertex 567.0158632146355 90.20398544175502 -1.9999999999985525
  endloop
endfacet
facet normal 2.9719407241224727e-14 -1.0 2.0303758674363207e-13
  outer loop
    vertex 558.6658632146356 90.20398544175477 -1.9999999999984968
    vertex 567.0158632146355 90.20398544175563 2.999999999998737
    vertex 558.6658632146356 90.20398544175538 2.9999999999987934
  endloop
endfacet
facet normal 0.608761429008734 0.793353340291225 0.0
  outer loop
    vertex 537.1955008258616 36.22095736175502 3.0
    vertex 537.5682930319973 35.9349038410788 0.5000000000000004
    vertex 537.1955008258616 36.22095736175502 0.5000000000000004
  endloop
endfacet
facet normal 0.608761429008734 0.793353340291225 0.0
  outer loop
    vertex 537.5682930319973 35.9349038410788 0.5000000000000004
    vertex 537.1955008258616 36.22095736175502 3.0
    vertex 537.5682930319973 35.9349038410788 3.0
  endloop
endfacet
facet normal -0.793353340291257 0.6087614290086921 0.0
  outer loop
    vertex 540.0271387588094 36.59374956789081 3.0
    vertex 539.7410852381332 36.22095736175501 0.5000000000000004
    vertex 539.7410852381332 36.22095736175501 3.0
  endloop
endfacet
facet normal -0.793353340291257 0.6087614290086921 0.0
  outer loop
    vertex 539.7410852381332 36.22095736175501 0.5000000000000004
    vertex 540.0271387588094 36.59374956789081 3.0
    vertex 540.0271387588094 36.59374956789081 0.5000000000000004
  endloop
endfacet
facet normal -0.6087614290087401 -0.7933533402912203 -0.0
  outer loop
    vertex 578.6269384173231 51.24164282456415 3.0
    vertex 578.2534420481313 51.528236668557184 -1.9999999999999998
    vertex 578.6269384173231 51.24164282456415 -1.9999999999999998
  endloop
endfacet
facet normal -0.6087614290087401 -0.7933533402912203 -0.0
  outer loop
    vertex 578.2534420481313 51.528236668557184 -1.9999999999999998
    vertex 578.6269384173231 51.24164282456415 3.0
    vertex 578.2534420481313 51.528236668557184 3.0
  endloop
endfacet
facet normal -0.13052619222004988 -0.9914448613738107 -0.0
  outer loop
    vertex 538.934167313182 39.23241605521119 3.0
    vertex 538.4682930319974 39.29374956789087 0.5000000000000004
    vertex 538.934167313182 39.23241605521119 0.5000000000000004
  endloop
endfacet
facet normal -0.13052619222004988 -0.9914448613738107 -0.0
  outer loop
    vertex 538.4682930319974 39.29374956789087 0.5000000000000004
    vertex 538.934167313182 39.23241605521119 3.0
    vertex 538.4682930319974 39.29374956789087 3.0
  endloop
endfacet
facet normal 0.9914448613738114 -0.13052619222004508 0.0
  outer loop
    vertex 582.019440462867 38.387017724749725 -1.9999999999999998
    vertex 581.8967734375077 37.45526916238065 0.5000000000000004
    vertex 581.8967734375077 37.45526916238065 -1.9999999999999998
  endloop
endfacet
facet normal 0.9914448613738114 -0.13052619222004508 0.0
  outer loop
    vertex 581.8967734375077 37.45526916238065 0.5000000000000004
    vertex 582.019440462867 38.387017724749725 -1.9999999999999998
    vertex 582.019440462867 38.387017724749725 0.5000000000000004
  endloop
endfacet
facet normal -0.3826834323650625 -0.9238795325112981 -0.0
  outer loop
    vertex 539.3682930319975 39.052595294702854 3.0
    vertex 538.934167313182 39.23241605521119 0.5000000000000004
    vertex 539.3682930319975 39.052595294702854 0.5000000000000004
  endloop
endfacet
facet normal -0.3826834323650625 -0.9238795325112981 -0.0
  outer loop
    vertex 538.934167313182 39.23241605521119 0.5000000000000004
    vertex 539.3682930319975 39.052595294702854 3.0
    vertex 538.934167313182 39.23241605521119 3.0
  endloop
endfacet
facet normal -0.7933533402912526 -0.6087614290086979 -0.0
  outer loop
    vertex 539.7410852381332 38.76654177402664 3.0
    vertex 540.0271387588094 38.39374956789085 0.5000000000000004
    vertex 540.0271387588094 38.39374956789085 3.0
  endloop
endfacet
facet normal -0.7933533402912526 -0.6087614290086979 -0.0
  outer loop
    vertex 540.0271387588094 38.39374956789085 0.5000000000000004
    vertex 539.7410852381332 38.76654177402664 3.0
    vertex 539.7410852381332 38.76654177402664 0.5000000000000004
  endloop
endfacet
facet normal -0.608761429008734 -0.793353340291225 -0.0
  outer loop
    vertex 539.7410852381332 38.76654177402664 3.0
    vertex 539.3682930319975 39.052595294702854 0.5000000000000004
    vertex 539.7410852381332 38.76654177402664 0.5000000000000004
  endloop
endfacet
facet normal -0.608761429008734 -0.793353340291225 -0.0
  outer loop
    vertex 539.3682930319975 39.052595294702854 0.5000000000000004
    vertex 539.7410852381332 38.76654177402664 3.0
    vertex 539.3682930319975 39.052595294702854 3.0
  endloop
endfacet
facet normal -0.7933533402913164 0.608761429008615 0.0
  outer loop
    vertex 541.7935322613162 74.1055464553721 3.0000000000000013
    vertex 541.5069384173232 73.73205008618027 -1.9999999999999984
    vertex 541.5069384173232 73.73205008618027 3.0000000000000013
  endloop
endfacet
facet normal -0.7933533402913164 0.608761429008615 0.0
  outer loop
    vertex 541.5069384173232 73.73205008618027 -1.9999999999999984
    vertex 541.7935322613162 74.1055464553721 3.0000000000000013
    vertex 541.7935322613162 74.1055464553721 -1.9999999999999984
  endloop
endfacet
facet normal -0.9238795325112229 -0.38268343236524405 -0.0
  outer loop
    vertex 578.913532261316 50.86814645537231 3.0
    vertex 579.093692683261 50.433200721310214 -1.9999999999999998
    vertex 579.093692683261 50.433200721310214 3.0
  endloop
endfacet
facet normal -0.9238795325112229 -0.38268343236524405 -0.0
  outer loop
    vertex 579.093692683261 50.433200721310214 -1.9999999999999998
    vertex 578.913532261316 50.86814645537231 3.0
    vertex 578.913532261316 50.86814645537231 -1.9999999999999998
  endloop
endfacet
facet normal 0.8346435340458885 0.5507904965369226 0.0
  outer loop
    vertex 581.869392959219 52.013723731637185 -1.9999999999999998
    vertex 588.1771228146293 42.45526916238069 3.0
    vertex 588.1771228146293 42.45526916238069 -1.9999999999999998
  endloop
endfacet
facet normal 0.8346435340458885 0.5507904965369226 0.0
  outer loop
    vertex 588.1771228146293 42.45526916238069 3.0
    vertex 581.869392959219 52.013723731637185 -1.9999999999999998
    vertex 581.869392959219 52.013723731637185 3.0
  endloop
endfacet
facet normal -0.7933533402913253 -0.6087614290086033 -0.0
  outer loop
    vertex 578.6269384173231 51.24164282456415 3.0
    vertex 578.913532261316 50.86814645537231 -1.9999999999999998
    vertex 578.913532261316 50.86814645537231 3.0
  endloop
endfacet
facet normal -0.7933533402913253 -0.6087614290086033 -0.0
  outer loop
    vertex 578.913532261316 50.86814645537231 -1.9999999999999998
    vertex 578.6269384173231 51.24164282456415 3.0
    vertex 578.6269384173231 51.24164282456415 -1.9999999999999998
  endloop
endfacet
facet normal -0.6087614290086958 0.7933533402912541 0.0
  outer loop
    vertex 550.3970081421985 53.55378036130505 3.0
    vertex 551.4325420481314 54.34837347429452 -1.9999999999999998
    vertex 550.3970081421985 53.55378036130505 -1.9999999999999998
  endloop
endfacet
facet normal -0.6087614290086958 0.7933533402912541 0.0
  outer loop
    vertex 551.4325420481314 54.34837347429452 -1.9999999999999998
    vertex 550.3970081421985 53.55378036130505 3.0
    vertex 551.4325420481314 54.34837347429452 3.0
  endloop
endfacet
facet normal 0.0022118549433456734 0.999997553845863 4.233190625403706e-16
  outer loop
    vertex 553.9325420481313 55.018246455372335 3.0
    vertex 577.3517420481312 54.96644645537235 -1.9999999999999998
    vertex 553.9325420481313 55.018246455372335 -1.9999999999999998
  endloop
endfacet
facet normal 0.0022118549433456734 0.999997553845863 4.233190625403706e-16
  outer loop
    vertex 577.3517420481312 54.96644645537235 -1.9999999999999998
    vertex 553.9325420481313 55.018246455372335 3.0
    vertex 577.3517420481312 54.96644645537235 3.0
  endloop
endfacet
facet normal 0.3826834323651093 0.9238795325112786 0.0
  outer loop
    vertex 582.8610420481313 80.43673903645994 3.0000000000000013
    vertex 583.2959877821934 80.25657861451509 -1.9999999999999984
    vertex 582.8610420481313 80.43673903645994 -1.9999999999999984
  endloop
endfacet
facet normal 0.3826834323651093 0.9238795325112786 0.0
  outer loop
    vertex 583.2959877821934 80.25657861451509 -1.9999999999999984
    vertex 582.8610420481313 80.43673903645994 3.0000000000000013
    vertex 583.2959877821934 80.25657861451509 3.0000000000000013
  endloop
endfacet
facet normal -0.9914448613737993 0.13052619222013556 0.0
  outer loop
    vertex 540.2682930319975 37.49374956789083 3.0
    vertex 540.2069595193177 37.027875286706276 0.5000000000000004
    vertex 540.2069595193177 37.027875286706276 3.0
  endloop
endfacet
facet normal -0.9914448613737993 0.13052619222013556 0.0
  outer loop
    vertex 540.2069595193177 37.027875286706276 0.5000000000000004
    vertex 540.2682930319975 37.49374956789083 3.0
    vertex 540.2682930319975 37.49374956789083 0.5000000000000004
  endloop
endfacet
facet normal 0.9238795325112933 -0.38268343236507385 0.0
  outer loop
    vertex 535.3506015783734 39.29374956789083 -1.9999999999999998
    vertex 534.9909600573568 38.4254981302599 0.5000000000000004
    vertex 534.9909600573568 38.4254981302599 -1.9999999999999998
  endloop
endfacet
facet normal 0.9238795325112933 -0.38268343236507385 0.0
  outer loop
    vertex 534.9909600573568 38.4254981302599 0.5000000000000004
    vertex 535.3506015783734 39.29374956789083 -1.9999999999999998
    vertex 535.3506015783734 39.29374956789083 0.5000000000000004
  endloop
endfacet
facet normal -0.3826834323649738 0.9238795325113348 0.0
  outer loop
    vertex 540.6984963140692 73.26529582024237 3.0000000000000013
    vertex 541.1334420481314 73.44545624218722 -1.9999999999999984
    vertex 540.6984963140692 73.26529582024237 -1.9999999999999984
  endloop
endfacet
facet normal -0.3826834323649738 0.9238795325113348 0.0
  outer loop
    vertex 541.1334420481314 73.44545624218722 -1.9999999999999984
    vertex 540.6984963140692 73.26529582024237 3.0000000000000013
    vertex 541.1334420481314 73.44545624218722 3.0000000000000013
  endloop
endfacet
facet normal -0.6087614290087702 0.7933533402911972 0.0
  outer loop
    vertex 541.1334420481314 73.44545624218722 3.0000000000000013
    vertex 541.5069384173232 73.73205008618027 -1.9999999999999984
    vertex 541.1334420481314 73.44545624218722 -1.9999999999999984
  endloop
endfacet
facet normal -0.6087614290087702 0.7933533402911972 0.0
  outer loop
    vertex 541.5069384173232 73.73205008618027 -1.9999999999999984
    vertex 541.1334420481314 73.44545624218722 3.0000000000000013
    vertex 541.5069384173232 73.73205008618027 3.0000000000000013
  endloop
endfacet
facet normal 0.38268343236509134 -0.9238795325112861 0.0
  outer loop
    vertex 584.5650248751386 40.93260213702129 0.5000000000000004
    vertex 583.6967734375077 40.57296061600463 -1.9999999999999998
    vertex 584.5650248751386 40.93260213702129 -1.9999999999999998
  endloop
endfacet
facet normal 0.38268343236509134 -0.9238795325112861 0.0
  outer loop
    vertex 583.6967734375077 40.57296061600463 -1.9999999999999998
    vertex 584.5650248751386 40.93260213702129 0.5000000000000004
    vertex 583.6967734375077 40.57296061600463 0.5000000000000004
  endloop
endfacet
facet normal 0.0 1.0 0.0
  outer loop
    vertex 535.1509626727195 41.84285855734739 3.0
    vertex 535.9315692721646 41.84285855734739 -1.9999999999999998
    vertex 535.1509626727195 41.84285855734739 -1.9999999999999998
  endloop
endfacet
facet normal 0.0 1.0 0.0
  outer loop
    vertex 535.9315692721646 41.84285855734739 -1.9999999999999998
    vertex 535.1509626727195 41.84285855734739 3.0
    vertex 535.9315692721646 41.84285855734739 3.0
  endloop
endfacet
facet normal -0.6292243452865552 0.7772237279565684 0.0
  outer loop
    vertex 535.9315692721646 41.84285855734739 3.0
    vertex 550.3970081421985 53.55378036130505 -1.9999999999999998
    vertex 535.9315692721646 41.84285855734739 -1.9999999999999998
  endloop
endfacet
facet normal -0.6292243452865552 0.7772237279565684 0.0
  outer loop
    vertex 550.3970081421985 53.55378036130505 -1.9999999999999998
    vertex 535.9315692721646 41.84285855734739 3.0
    vertex 550.3970081421985 53.55378036130505 3.0
  endloop
endfacet
facet normal 0.9238795325113048 -0.38268343236504654 0.0
  outer loop
    vertex 538.6699518349463 75.9089464553722 -1.9999999999999984
    vertex 538.4897914130014 75.47400072131006 3.0000000000000013
    vertex 538.4897914130014 75.47400072131006 -1.9999999999999984
  endloop
endfacet
facet normal 0.9238795325113048 -0.38268343236504654 0.0
  outer loop
    vertex 538.4897914130014 75.47400072131006 3.0000000000000013
    vertex 538.6699518349463 75.9089464553722 -1.9999999999999984
    vertex 538.6699518349463 75.9089464553722 3.0000000000000013
  endloop
endfacet
facet normal -0.3826834323650625 -0.9238795325112981 -0.0
  outer loop
    vertex 586.3967734375077 39.01411488919268 3.0
    vertex 585.9626477186922 39.19393564970102 0.5000000000000004
    vertex 586.3967734375077 39.01411488919268 0.5000000000000004
  endloop
endfacet
facet normal -0.3826834323650625 -0.9238795325112981 -0.0
  outer loop
    vertex 585.9626477186922 39.19393564970102 0.5000000000000004
    vertex 586.3967734375077 39.01411488919268 3.0
    vertex 585.9626477186922 39.19393564970102 3.0
  endloop
endfacet
facet normal -0.8670522866642184 0.4982171536492396 0.0
  outer loop
    vertex 541.0344517156248 84.75407093603299 3.9999999999999942
    vertex 540.8540765378099 84.4401622132274 2.9999999999999947
    vertex 540.8540765378099 84.4401622132274 3.9999999999999942
  endloop
endfacet
facet normal -0.8670522866642184 0.4982171536492396 0.0
  outer loop
    vertex 540.8540765378099 84.4401622132274 2.9999999999999947
    vertex 541.0344517156248 84.75407093603299 3.9999999999999942
    vertex 541.0344517156248 84.75407093603299 2.9999999999999947
  endloop
endfacet
facet normal -0.9797717041901282 0.20011848407474075 0.0
  outer loop
    vertex 541.1029943251318 85.08965267720468 3.9999999999999942
    vertex 541.0344517156248 84.75407093603299 2.9999999999999947
    vertex 541.0344517156248 84.75407093603299 3.9999999999999942
  endloop
endfacet
facet normal -0.9797717041901282 0.20011848407474075 0.0
  outer loop
    vertex 541.0344517156248 84.75407093603299 2.9999999999999947
    vertex 541.1029943251318 85.08965267720468 3.9999999999999942
    vertex 541.1029943251318 85.08965267720468 2.9999999999999947
  endloop
endfacet
facet normal -0.4834146915283041 -0.8753914758635674 0.0
  outer loop
    vertex 540.8757215440932 85.6488716504411 3.9999999999999942
    vertex 540.6339628601539 85.78237729088096 2.9999999999999947
    vertex 540.8757215440932 85.6488716504411 2.9999999999999947
  endloop
endfacet
facet normal -0.4834146915283041 -0.8753914758635674 0.0
  outer loop
    vertex 540.6339628601539 85.78237729088096 2.9999999999999947
    vertex 540.8757215440932 85.6488716504411 3.9999999999999942
    vertex 540.6339628601539 85.78237729088096 3.9999999999999942
  endloop
endfacet
facet normal -0.1448640076053309 -0.9894515750154338 0.0
  outer loop
    vertex 540.6339628601539 85.78237729088096 3.9999999999999942
    vertex 540.3380916605064 85.8256953155304 2.9999999999999947
    vertex 540.6339628601539 85.78237729088096 2.9999999999999947
  endloop
endfacet
facet normal -0.1448640076053309 -0.9894515750154338 0.0
  outer loop
    vertex 540.3380916605064 85.8256953155304 2.9999999999999947
    vertex 540.6339628601539 85.78237729088096 3.9999999999999942
    vertex 540.3380916605064 85.8256953155304 3.9999999999999942
  endloop
endfacet
facet normal 0.14586121750149184 -0.9893050617625397 0.0
  outer loop
    vertex 540.3380916605064 85.8256953155304 3.9999999999999942
    vertex 539.995350815952 85.77516227086454 2.9999999999999947
    vertex 540.3380916605064 85.8256953155304 2.9999999999999947
  endloop
endfacet
facet normal 0.14586121750149184 -0.9893050617625397 0.0
  outer loop
    vertex 539.995350815952 85.77516227086454 2.9999999999999947
    vertex 540.3380916605064 85.8256953155304 3.9999999999999942
    vertex 539.995350815952 85.77516227086454 3.9999999999999942
  endloop
endfacet
facet normal 0.4083395375416032 -0.9128301167688924 0.0
  outer loop
    vertex 539.995350815952 85.77516227086454 3.9999999999999942
    vertex 539.7210966642708 85.65247918733232 2.9999999999999947
    vertex 539.995350815952 85.77516227086454 2.9999999999999947
  endloop
endfacet
facet normal 0.4083395375416032 -0.9128301167688924 0.0
  outer loop
    vertex 539.7210966642708 85.65247918733232 2.9999999999999947
    vertex 539.995350815952 85.77516227086454 3.9999999999999942
    vertex 539.7210966642708 85.65247918733232 3.9999999999999942
  endloop
endfacet
facet normal 0.5645793312618883 -0.8253788092214865 0.0
  outer loop
    vertex 539.7210966642708 85.65247918733232 3.9999999999999942
    vertex 539.5154130266478 85.51178653895882 2.9999999999999947
    vertex 539.7210966642708 85.65247918733232 2.9999999999999947
  endloop
endfacet
facet normal 0.5645793312618883 -0.8253788092214865 0.0
  outer loop
    vertex 539.5154130266478 85.51178653895882 2.9999999999999947
    vertex 539.7210966642708 85.65247918733232 3.9999999999999942
    vertex 539.5154130266478 85.51178653895882 3.9999999999999942
  endloop
endfacet
facet normal 0.9951153750372523 -0.09871874373425096 0.0
  outer loop
    vertex 541.7091667644597 85.11124182062036 2.9999999999999947
    vertex 541.6866198605121 84.88396207688542 3.9999999999999942
    vertex 541.6866198605121 84.88396207688542 2.9999999999999947
  endloop
endfacet
facet normal 0.9951153750372523 -0.09871874373425096 0.0
  outer loop
    vertex 541.6866198605121 84.88396207688542 3.9999999999999942
    vertex 541.7091667644597 85.11124182062036 2.9999999999999947
    vertex 541.7091667644597 85.11124182062036 3.9999999999999942
  endloop
endfacet
facet normal 0.9625532011657019 0.2710928529593871 0.0
  outer loop
    vertex 538.0180473560371 83.95667285743174 2.9999999999999947
    vertex 538.3391710988591 82.81647796387637 3.9999999999999942
    vertex 538.3391710988591 82.81647796387637 2.9999999999999947
  endloop
endfacet
facet normal 0.9625532011657019 0.2710928529593871 0.0
  outer loop
    vertex 538.3391710988591 82.81647796387637 3.9999999999999942
    vertex 538.0180473560371 83.95667285743174 2.9999999999999947
    vertex 538.0180473560371 83.95667285743174 3.9999999999999942
  endloop
endfacet
facet normal 0.9664662240668332 0.25679376499050277 0.0
  outer loop
    vertex 538.3391710988591 82.81647796387637 2.9999999999999947
    vertex 538.6133693876725 81.78450826303552 3.9999999999999942
    vertex 538.6133693876725 81.78450826303552 2.9999999999999947
  endloop
endfacet
facet normal 0.9664662240668332 0.25679376499050277 0.0
  outer loop
    vertex 538.6133693876725 81.78450826303552 3.9999999999999942
    vertex 538.3391710988591 82.81647796387637 2.9999999999999947
    vertex 538.3391710988591 82.81647796387637 3.9999999999999942
  endloop
endfacet
facet normal 0.0 -1.0 0.0
  outer loop
    vertex 538.6133693876725 81.78450826303552 3.9999999999999942
    vertex 537.9855518882953 81.78450826303552 2.9999999999999947
    vertex 538.6133693876725 81.78450826303552 2.9999999999999947
  endloop
endfacet
facet normal 0.0 -1.0 0.0
  outer loop
    vertex 537.9855518882953 81.78450826303552 2.9999999999999947
    vertex 538.6133693876725 81.78450826303552 3.9999999999999942
    vertex 537.9855518882953 81.78450826303552 3.9999999999999942
  endloop
endfacet
facet normal 0.9460445124824316 -0.3240366960729581 0.0
  outer loop
    vertex 536.8670579714228 85.7318442999811 2.9999999999999947
    vertex 536.5061957287598 84.67828540195859 3.9999999999999942
    vertex 536.5061957287598 84.67828540195859 2.9999999999999947
  endloop
endfacet
facet normal 0.9460445124824316 -0.3240366960729581 0.0
  outer loop
    vertex 536.5061957287598 84.67828540195859 3.9999999999999942
    vertex 536.8670579714228 85.7318442999811 2.9999999999999947
    vertex 536.8670579714228 85.7318442999811 3.9999999999999942
  endloop
endfacet
facet normal 0.9582900566899377 -0.28579742344744125 0.0
  outer loop
    vertex 536.5061957287598 84.67828540195859 2.9999999999999947
    vertex 536.13817443648 83.44429546325354 3.9999999999999942
    vertex 536.13817443648 83.44429546325354 2.9999999999999947
  endloop
endfacet
facet normal 0.9582900566899377 -0.28579742344744125 0.0
  outer loop
    vertex 536.13817443648 83.44429546325354 3.9999999999999942
    vertex 536.5061957287598 84.67828540195859 2.9999999999999947
    vertex 536.5061957287598 84.67828540195859 3.9999999999999942
  endloop
endfacet
facet normal 0.0 1.0 0.0
  outer loop
    vertex 536.13817443648 83.44429546325354 3.9999999999999942
    vertex 537.5814555496993 83.44429546325354 2.9999999999999947
    vertex 536.13817443648 83.44429546325354 2.9999999999999947
  endloop
endfacet
facet normal 0.0 1.0 0.0
  outer loop
    vertex 537.5814555496993 83.44429546325354 2.9999999999999947
    vertex 536.13817443648 83.44429546325354 3.9999999999999942
    vertex 537.5814555496993 83.44429546325354 3.9999999999999942
  endloop
endfacet
facet normal -0.9616243879554467 -0.2743693432023929 0.0
  outer loop
    vertex 537.2242288022442 84.69632292511668 3.9999999999999942
    vertex 537.5814555496993 83.44429546325354 2.9999999999999947
    vertex 537.5814555496993 83.44429546325354 3.9999999999999942
  endloop
endfacet
facet normal -0.9616243879554467 -0.2743693432023929 0.0
  outer loop
    vertex 537.5814555496993 83.44429546325354 2.9999999999999947
    vertex 537.2242288022442 84.69632292511668 3.9999999999999942
    vertex 537.2242288022442 84.69632292511668 2.9999999999999947
  endloop
endfacet
facet normal -0.9453463928160781 -0.3260677806678072 0.0
  outer loop
    vertex 536.8670579714228 85.7318442999811 3.9999999999999942
    vertex 537.2242288022442 84.69632292511668 2.9999999999999947
    vertex 537.2242288022442 84.69632292511668 3.9999999999999942
  endloop
endfacet
facet normal -0.9453463928160781 -0.3260677806678072 0.0
  outer loop
    vertex 537.2242288022442 84.69632292511668 2.9999999999999947
    vertex 536.8670579714228 85.7318442999811 3.9999999999999942
    vertex 536.8670579714228 85.7318442999811 2.9999999999999947
  endloop
endfacet
facet normal 0.0 0.0 1.0
  outer loop
    vertex 539.1834667806842 81.78450826303552 3.9999999999999942
    vertex 539.1762518144337 81.9360793311843 3.9999999999999942
    vertex 539.1762518144337 81.86029374334392 3.9999999999999942
  endloop
endfacet
facet normal 0.0 0.0 1.0
  outer loop
    vertex 539.1762518144337 81.9360793311843 3.9999999999999942
    vertex 539.1834667806842 81.78450826303552 3.9999999999999942
    vertex 539.2015113203045 82.2283430342651 3.9999999999999942
  endloop
endfacet
facet normal 0.0 0.0 1.0
  outer loop
    vertex 539.2015113203045 82.2283430342651 3.9999999999999942
    vertex 539.1834667806842 81.78450826303552 3.9999999999999942
    vertex 541.8895978589082 81.78450826303552 3.9999999999999942
  endloop
endfacet
facet normal 0.0 0.0 1.0
  outer loop
    vertex 539.2015113203045 82.2283430342651 3.9999999999999942
    vertex 541.8895978589082 81.78450826303552 3.9999999999999942
    vertex 539.8329852567442 82.28967058343129 3.9999999999999942
  endloop
endfacet
facet normal 0.0 0.0 1.0
  outer loop
    vertex 539.2015113203045 82.2283430342651 3.9999999999999942
    vertex 539.8329852567442 82.28967058343129 3.9999999999999942
    vertex 539.2772898379167 82.49896170417956 3.9999999999999942
  endloop
endfacet
facet normal 0.0 0.0 1.0
  outer loop
    vertex 539.2772898379167 82.49896170417956 3.9999999999999942
    vertex 539.8329852567442 82.28967058343129 3.9999999999999942
    vertex 539.537086045014 82.98966607999164 3.9999999999999942
  endloop
endfacet
facet normal 0.0 0.0 1.0
  outer loop
    vertex 539.8329852567442 82.28967058343129 3.9999999999999942
    vertex 541.8895978589082 81.78450826303552 3.9999999999999942
    vertex 541.8895978589082 82.28967058343129 3.9999999999999942
  endloop
endfacet
facet normal 0.0 0.0 1.0
  outer loop
    vertex 539.8329852567442 82.28967058343129 3.9999999999999942
    vertex 539.8942848341521 83.42622998177863 3.9999999999999942
    vertex 539.537086045014 82.98966607999164 3.9999999999999942
  endloop
endfacet
facet normal 0.0 0.0 1.0
  outer loop
    vertex 539.8942848341521 83.42622998177863 3.9999999999999942
    vertex 539.8329852567442 82.28967058343129 3.9999999999999942
    vertex 539.9195653356435 82.54943883221179 3.9999999999999942
  endloop
endfacet
facet normal 0.0 0.0 1.0
  outer loop
    vertex 539.8942848341521 83.42622998177863 3.9999999999999942
    vertex 539.9195653356435 82.54943883221179 3.9999999999999942
    vertex 540.2875866279234 83.82674679556627 3.9999999999999942
  endloop
endfacet
facet normal 0.0 0.0 1.0
  outer loop
    vertex 540.2875866279234 83.82674679556627 3.9999999999999942
    vertex 539.9195653356435 82.54943883221179 3.9999999999999942
    vertex 540.1360435180915 82.85974007189216 3.9999999999999942
  endloop
endfacet
facet normal 0.0 0.0 1.0
  outer loop
    vertex 540.2875866279234 83.82674679556627 3.9999999999999942
    vertex 540.1360435180915 82.85974007189216 3.9999999999999942
    vertex 540.4102697114556 83.17004131157253 3.9999999999999942
  endloop
endfacet
facet normal 0.0 0.0 1.0
  outer loop
    vertex 540.2875866279234 83.82674679556627 3.9999999999999942
    vertex 540.4102697114556 83.17004131157253 3.9999999999999942
    vertex 540.5943082890294 84.13707599356346 3.9999999999999942
  endloop
endfacet
facet normal 0.0 0.0 1.0
  outer loop
    vertex 540.5943082890294 84.13707599356346 3.9999999999999942
    vertex 540.4102697114556 83.17004131157253 3.9999999999999942
    vertex 540.6628229402196 83.42986547698666 3.9999999999999942
  endloop
endfacet
facet normal 0.0 0.0 1.0
  outer loop
    vertex 540.5943082890294 84.13707599356346 3.9999999999999942
    vertex 540.6628229402196 83.42986547698666 3.9999999999999942
    vertex 540.8540765378099 84.4401622132274 3.9999999999999942
  endloop
endfacet
facet normal 0.0 0.0 1.0
  outer loop
    vertex 540.8540765378099 84.4401622132274 3.9999999999999942
    vertex 540.6628229402196 83.42986547698666 3.9999999999999942
    vertex 541.0453021770833 83.82674674180028 3.9999999999999942
  endloop
endfacet
facet normal 0.0 0.0 1.0
  outer loop
    vertex 540.8540765378099 84.4401622132274 3.9999999999999942
    vertex 541.0453021770833 83.82674674180028 3.9999999999999942
    vertex 541.0344517156248 84.75407093603299 3.9999999999999942
  endloop
endfacet
facet normal 0.0 0.0 1.0
  outer loop
    vertex 541.0344517156248 84.75407093603299 3.9999999999999942
    vertex 541.0453021770833 83.82674674180028 3.9999999999999942
    vertex 541.1029943251318 85.08965267720468 3.9999999999999942
  endloop
endfacet
facet normal 0.0 0.0 1.0
  outer loop
    vertex 541.1029943251318 85.08965267720468 3.9999999999999942
    vertex 541.0453021770833 83.82674674180028 3.9999999999999942
    vertex 541.3808559599381 84.23811401704639 3.9999999999999942
  endloop
endfacet
facet normal 0.0 0.0 1.0
  outer loop
    vertex 541.1029943251318 85.08965267720468 3.9999999999999942
    vertex 541.3808559599381 84.23811401704639 3.9999999999999942
    vertex 541.1830969459187 86.17185483384151 3.9999999999999942
  endloop
endfacet
facet normal 0.0 0.0 1.0
  outer loop
    vertex 541.1830969459187 86.17185483384151 3.9999999999999942
    vertex 541.3808559599381 84.23811401704639 3.9999999999999942
    vertex 541.3736409399218 86.03135094107064 3.9999999999999942
  endloop
endfacet
facet normal 0.0 0.0 1.0
  outer loop
    vertex 541.3736409399218 86.03135094107064 3.9999999999999942
    vertex 541.3808559599381 84.23811401704639 3.9999999999999942
    vertex 541.5204334881571 85.85341223311544 3.9999999999999942
  endloop
endfacet
facet normal 0.0 0.0 1.0
  outer loop
    vertex 541.5204334881571 85.85341223311544 3.9999999999999942
    vertex 541.3808559599381 84.23811401704639 3.9999999999999942
    vertex 541.6189791486694 84.66388337400853 3.9999999999999942
  endloop
endfacet
facet normal 0.0 0.0 1.0
  outer loop
    vertex 541.5204334881571 85.85341223311544 3.9999999999999942
    vertex 541.6189791486694 84.66388337400853 3.9999999999999942
    vertex 541.6252853083253 85.64074781038865 3.9999999999999942
  endloop
endfacet
facet normal 0.0 0.0 1.0
  outer loop
    vertex 541.6252853083253 85.64074781038865 3.9999999999999942
    vertex 541.6189791486694 84.66388337400853 3.9999999999999942
    vertex 541.6866198605121 84.88396207688542 3.9999999999999942
  endloop
endfacet
facet normal 0.0 0.0 1.0
  outer loop
    vertex 541.6252853083253 85.64074781038865 3.9999999999999942
    vertex 541.6866198605121 84.88396207688542 3.9999999999999942
    vertex 541.6881964004261 85.39335767289029 3.9999999999999942
  endloop
endfacet
facet normal 0.0 0.0 1.0
  outer loop
    vertex 541.6881964004261 85.39335767289029 3.9999999999999942
    vertex 541.6866198605121 84.88396207688542 3.9999999999999942
    vertex 541.7091667644597 85.11124182062036 3.9999999999999942
  endloop
endfacet
facet normal 0.0 0.0 1.0
  outer loop
    vertex 539.385542935182 85.39989800025143 3.9999999999999942
    vertex 539.2628598516498 85.97723842536236 3.9999999999999942
    vertex 539.0896716817686 85.81848029551396 3.9999999999999942
  endloop
endfacet
facet normal 0.0 0.0 1.0
  outer loop
    vertex 539.2628598516498 85.97723842536236 3.9999999999999942
    vertex 539.385542935182 85.39989800025143 3.9999999999999942
    vertex 539.5406935281392 86.15403402460286 3.9999999999999942
  endloop
endfacet
facet normal 0.0 0.0 1.0
  outer loop
    vertex 539.5406935281392 86.15403402460286 3.9999999999999942
    vertex 539.385542935182 85.39989800025143 3.9999999999999942
    vertex 539.5154130266478 85.51178653895882 3.9999999999999942
  endloop
endfacet
facet normal 0.0 0.0 1.0
  outer loop
    vertex 539.5406935281392 86.15403402460286 3.9999999999999942
    vertex 539.5154130266478 85.51178653895882 3.9999999999999942
    vertex 539.7210966642708 85.65247918733232 3.9999999999999942
  endloop
endfacet
facet normal 0.0 0.0 1.0
  outer loop
    vertex 539.5406935281392 86.15403402460286 3.9999999999999942
    vertex 539.7210966642708 85.65247918733232 3.9999999999999942
    vertex 539.9051073372938 86.29475463129317 3.9999999999999942
  endloop
endfacet
facet normal 0.0 0.0 1.0
  outer loop
    vertex 539.9051073372938 86.29475463129317 3.9999999999999942
    vertex 539.7210966642708 85.65247918733232 3.9999999999999942
    vertex 539.995350815952 85.77516227086454 3.9999999999999942
  endloop
endfacet
facet normal 0.0 0.0 1.0
  outer loop
    vertex 539.9051073372938 86.29475463129317 3.9999999999999942
    vertex 539.995350815952 85.77516227086454 3.9999999999999942
    vertex 540.3380916605064 86.35250269597547 3.9999999999999942
  endloop
endfacet
facet normal 0.0 0.0 1.0
  outer loop
    vertex 540.3380916605064 86.35250269597547 3.9999999999999942
    vertex 539.995350815952 85.77516227086454 3.9999999999999942
    vertex 540.3380916605064 85.8256953155304 3.9999999999999942
  endloop
endfacet
facet normal 0.0 0.0 1.0
  outer loop
    vertex 540.3380916605064 86.35250269597547 3.9999999999999942
    vertex 540.3380916605064 85.8256953155304 3.9999999999999942
    vertex 540.6339628601539 85.78237729088096 3.9999999999999942
  endloop
endfacet
facet normal 0.0 0.0 1.0
  outer loop
    vertex 540.3380916605064 86.35250269597547 3.9999999999999942
    vertex 540.6339628601539 85.78237729088096 3.9999999999999942
    vertex 540.665322306211 86.33243071129392 3.9999999999999942
  endloop
endfacet
facet normal 0.0 0.0 1.0
  outer loop
    vertex 540.665322306211 86.33243071129392 3.9999999999999942
    vertex 540.6339628601539 85.78237729088096 3.9999999999999942
    vertex 540.8757215440932 85.6488716504411 3.9999999999999942
  endloop
endfacet
facet normal 0.0 0.0 1.0
  outer loop
    vertex 540.665322306211 86.33243071129392 3.9999999999999942
    vertex 540.8757215440932 85.6488716504411 3.9999999999999942
    vertex 540.9469907346818 86.27221475724927 3.9999999999999942
  endloop
endfacet
facet normal 0.0 0.0 1.0
  outer loop
    vertex 540.9469907346818 86.27221475724927 3.9999999999999942
    vertex 540.8757215440932 85.6488716504411 3.9999999999999942
    vertex 541.0416667356412 85.42157096485155 3.9999999999999942
  endloop
endfacet
facet normal 0.0 0.0 1.0
  outer loop
    vertex 540.9469907346818 86.27221475724927 3.9999999999999942
    vertex 541.0416667356412 85.42157096485155 3.9999999999999942
    vertex 541.1830969459187 86.17185483384151 3.9999999999999942
  endloop
endfacet
facet normal 0.0 0.0 1.0
  outer loop
    vertex 541.1830969459187 86.17185483384151 3.9999999999999942
    vertex 541.0416667356412 85.42157096485155 3.9999999999999942
    vertex 541.1029943251318 85.08965267720468 3.9999999999999942
  endloop
endfacet
facet normal -0.9833555294839847 -0.1816917792121374 0.0
  outer loop
    vertex 541.0416667356412 85.42157096485155 3.9999999999999942
    vertex 541.1029943251318 85.08965267720468 2.9999999999999947
    vertex 541.1029943251318 85.08965267720468 3.9999999999999942
  endloop
endfacet
facet normal -0.9833555294839847 -0.1816917792121374 0.0
  outer loop
    vertex 541.1029943251318 85.08965267720468 2.9999999999999947
    vertex 541.0416667356412 85.42157096485155 3.9999999999999942
    vertex 541.0416667356412 85.42157096485155 2.9999999999999947
  endloop
endfacet
facet normal -0.8076604384837571 -0.5896478746745597 0.0
  outer loop
    vertex 540.8757215440932 85.6488716504411 3.9999999999999942
    vertex 541.0416667356412 85.42157096485155 2.9999999999999947
    vertex 541.0416667356412 85.42157096485155 3.9999999999999942
  endloop
endfacet
facet normal -0.8076604384837571 -0.5896478746745597 0.0
  outer loop
    vertex 541.0416667356412 85.42157096485155 2.9999999999999947
    vertex 540.8757215440932 85.6488716504411 3.9999999999999942
    vertex 540.8757215440932 85.6488716504411 2.9999999999999947
  endloop
endfacet
facet normal -0.9914448613738114 0.1305261922200443 0.0
  outer loop
    vertex 589.0967734375076 37.45526916238065 0.5000000000000004
    vertex 588.9741064121483 36.52352060001158 -1.9999999999999998
    vertex 588.9741064121483 36.52352060001158 0.5000000000000004
  endloop
endfacet
facet normal -0.9914448613738114 0.1305261922200443 0.0
  outer loop
    vertex 588.9741064121483 36.52352060001158 -1.9999999999999998
    vertex 589.0967734375076 37.45526916238065 0.5000000000000004
    vertex 589.0967734375076 37.45526916238065 -1.9999999999999998
  endloop
endfacet
facet normal 0.0 1.0 0.0
  outer loop
    vertex 539.8329852567442 82.28967058343129 3.9999999999999942
    vertex 541.8895978589082 82.28967058343129 2.9999999999999947
    vertex 539.8329852567442 82.28967058343129 2.9999999999999947
  endloop
endfacet
facet normal 0.0 1.0 0.0
  outer loop
    vertex 541.8895978589082 82.28967058343129 2.9999999999999947
    vertex 539.8329852567442 82.28967058343129 3.9999999999999942
    vertex 541.8895978589082 82.28967058343129 3.9999999999999942
  endloop
endfacet
facet normal 1.0 0.0 0.0
  outer loop
    vertex 541.8895978589082 82.28967058343129 2.9999999999999947
    vertex 541.8895978589082 81.78450826303552 3.9999999999999942
    vertex 541.8895978589082 81.78450826303552 2.9999999999999947
  endloop
endfacet
facet normal 1.0 0.0 0.0
  outer loop
    vertex 541.8895978589082 81.78450826303552 3.9999999999999942
    vertex 541.8895978589082 82.28967058343129 2.9999999999999947
    vertex 541.8895978589082 82.28967058343129 3.9999999999999942
  endloop
endfacet
facet normal 0.0 -1.0 0.0
  outer loop
    vertex 541.8895978589082 81.78450826303552 3.9999999999999942
    vertex 539.1834667806842 81.78450826303552 2.9999999999999947
    vertex 541.8895978589082 81.78450826303552 2.9999999999999947
  endloop
endfacet
facet normal 0.0 -1.0 0.0
  outer loop
    vertex 539.1834667806842 81.78450826303552 2.9999999999999947
    vertex 541.8895978589082 81.78450826303552 3.9999999999999942
    vertex 539.1834667806842 81.78450826303552 3.9999999999999942
  endloop
endfacet
facet normal -0.9954988175664391 -0.09477396384989835 0.0
  outer loop
    vertex 539.1762518144337 81.86029374334392 3.9999999999999942
    vertex 539.1834667806842 81.78450826303552 2.9999999999999947
    vertex 539.1834667806842 81.78450826303552 3.9999999999999942
  endloop
endfacet
facet normal -0.9954988175664391 -0.09477396384989835 0.0
  outer loop
    vertex 539.1834667806842 81.78450826303552 2.9999999999999947
    vertex 539.1762518144337 81.86029374334392 3.9999999999999942
    vertex 539.1762518144337 81.86029374334392 2.9999999999999947
  endloop
endfacet
facet normal -1.0 0.0 0.0
  outer loop
    vertex 539.1762518144337 81.9360793311843 3.9999999999999942
    vertex 539.1762518144337 81.86029374334392 2.9999999999999947
    vertex 539.1762518144337 81.86029374334392 3.9999999999999942
  endloop
endfacet
facet normal -1.0 0.0 0.0
  outer loop
    vertex 539.1762518144337 81.86029374334392 2.9999999999999947
    vertex 539.1762518144337 81.9360793311843 3.9999999999999942
    vertex 539.1762518144337 81.9360793311843 2.9999999999999947
  endloop
endfacet
facet normal -0.9962859716761587 0.08610611268250483 0.0
  outer loop
    vertex 539.2015113203045 82.2283430342651 3.9999999999999942
    vertex 539.1762518144337 81.9360793311843 2.9999999999999947
    vertex 539.1762518144337 81.9360793311843 3.9999999999999942
  endloop
endfacet
facet normal -0.9962859716761587 0.08610611268250483 0.0
  outer loop
    vertex 539.1762518144337 81.9360793311843 2.9999999999999947
    vertex 539.2015113203045 82.2283430342651 3.9999999999999942
    vertex 539.2015113203045 82.2283430342651 2.9999999999999947
  endloop
endfacet
facet normal -0.9629591320546106 0.2696473808376993 0.0
  outer loop
    vertex 539.2772898379167 82.49896170417956 3.9999999999999942
    vertex 539.2015113203045 82.2283430342651 2.9999999999999947
    vertex 539.2015113203045 82.2283430342651 3.9999999999999942
  endloop
endfacet
facet normal -0.9629591320546106 0.2696473808376993 0.0
  outer loop
    vertex 539.2015113203045 82.2283430342651 2.9999999999999947
    vertex 539.2772898379167 82.49896170417956 3.9999999999999942
    vertex 539.2772898379167 82.49896170417956 2.9999999999999947
  endloop
endfacet
facet normal -0.8837793235465016 0.4679039509041235 0.0
  outer loop
    vertex 539.537086045014 82.98966607999164 3.9999999999999942
    vertex 539.2772898379167 82.49896170417956 2.9999999999999947
    vertex 539.2772898379167 82.49896170417956 3.9999999999999942
  endloop
endfacet
facet normal -0.8837793235465016 0.4679039509041235 0.0
  outer loop
    vertex 539.2772898379167 82.49896170417956 2.9999999999999947
    vertex 539.537086045014 82.98966607999164 3.9999999999999942
    vertex 539.537086045014 82.98966607999164 2.9999999999999947
  endloop
endfacet
facet normal -0.7739484869931632 0.6332485605834358 0.0
  outer loop
    vertex 539.8942848341521 83.42622998177863 3.9999999999999942
    vertex 539.537086045014 82.98966607999164 2.9999999999999947
    vertex 539.537086045014 82.98966607999164 3.9999999999999942
  endloop
endfacet
facet normal -0.7739484869931632 0.6332485605834358 0.0
  outer loop
    vertex 539.537086045014 82.98966607999164 2.9999999999999947
    vertex 539.8942848341521 83.42622998177863 3.9999999999999942
    vertex 539.8942848341521 83.42622998177863 2.9999999999999947
  endloop
endfacet
facet normal -0.7135042064425623 0.7006509454705457 0.0
  outer loop
    vertex 540.2875866279234 83.82674679556627 3.9999999999999942
    vertex 539.8942848341521 83.42622998177863 2.9999999999999947
    vertex 539.8942848341521 83.42622998177863 3.9999999999999942
  endloop
endfacet
facet normal -0.7135042064425623 0.7006509454705457 0.0
  outer loop
    vertex 539.8942848341521 83.42622998177863 2.9999999999999947
    vertex 540.2875866279234 83.82674679556627 3.9999999999999942
    vertex 540.2875866279234 83.82674679556627 2.9999999999999947
  endloop
endfacet
facet normal -0.7112286675830983 0.7029607260779016 0.0
  outer loop
    vertex 540.5943082890294 84.13707599356346 3.9999999999999942
    vertex 540.2875866279234 83.82674679556627 2.9999999999999947
    vertex 540.2875866279234 83.82674679556627 3.9999999999999942
  endloop
endfacet
facet normal -0.7112286675830983 0.7029607260779016 0.0
  outer loop
    vertex 540.2875866279234 83.82674679556627 2.9999999999999947
    vertex 540.5943082890294 84.13707599356346 3.9999999999999942
    vertex 540.5943082890294 84.13707599356346 2.9999999999999947
  endloop
endfacet
facet normal -0.7592812838673736 0.6507625772650981 0.0
  outer loop
    vertex 540.8540765378099 84.4401622132274 3.9999999999999942
    vertex 540.5943082890294 84.13707599356346 2.9999999999999947
    vertex 540.5943082890294 84.13707599356346 3.9999999999999942
  endloop
endfacet
facet normal -0.7592812838673736 0.6507625772650981 0.0
  outer loop
    vertex 540.5943082890294 84.13707599356346 2.9999999999999947
    vertex 540.8540765378099 84.4401622132274 3.9999999999999942
    vertex 540.8540765378099 84.4401622132274 2.9999999999999947
  endloop
endfacet
facet normal 0.0 0.0 1.0
  outer loop
    vertex 535.7412931179003 81.78450826303552 2.9999999999999947
    vertex 535.4093189136198 82.81647796387637 2.9999999999999947
    vertex 535.1351206785724 81.78450826303552 2.9999999999999947
  endloop
endfacet
facet normal 0.0 0.0 1.0
  outer loop
    vertex 535.4093189136198 82.81647796387637 2.9999999999999947
    vertex 535.7412931179003 81.78450826303552 2.9999999999999947
    vertex 535.7376576226923 83.95667285743174 2.9999999999999947
  endloop
endfacet
facet normal 0.0 0.0 1.0
  outer loop
    vertex 535.7376576226923 83.95667285743174 2.9999999999999947
    vertex 535.7412931179003 81.78450826303552 2.9999999999999947
    vertex 536.1092864518633 85.12930724832927 2.9999999999999947
  endloop
endfacet
facet normal 0.0 0.0 1.0
  outer loop
    vertex 536.1092864518633 85.12930724832927 2.9999999999999947
    vertex 535.7412931179003 81.78450826303552 2.9999999999999947
    vertex 536.001033408364 82.95361904575827 2.9999999999999947
  endloop
endfacet
facet normal 0.0 0.0 1.0
  outer loop
    vertex 536.1092864518633 85.12930724832927 2.9999999999999947
    vertex 536.001033408364 82.95361904575827 2.9999999999999947
    vertex 536.13817443648 83.44429546325354 2.9999999999999947
  endloop
endfacet
facet normal 0.0 0.0 1.0
  outer loop
    vertex 536.13817443648 83.44429546325354 2.9999999999999947
    vertex 536.001033408364 82.95361904575827 2.9999999999999947
    vertex 537.7185406611816 82.95361904575827 2.9999999999999947
  endloop
endfacet
facet normal 0.0 0.0 1.0
  outer loop
    vertex 536.13817443648 83.44429546325354 2.9999999999999947
    vertex 537.7185406611816 82.95361904575827 2.9999999999999947
    vertex 537.5814555496993 83.44429546325354 2.9999999999999947
  endloop
endfacet
facet normal 0.0 0.0 1.0
  outer loop
    vertex 537.5814555496993 83.44429546325354 2.9999999999999947
    vertex 537.7185406611816 82.95361904575827 2.9999999999999947
    vertex 537.6572410837737 85.12930724832927 2.9999999999999947
  endloop
endfacet
facet normal 0.0 0.0 1.0
  outer loop
    vertex 537.6572410837737 85.12930724832927 2.9999999999999947
    vertex 537.7185406611816 82.95361904575827 2.9999999999999947
    vertex 538.0180473560371 83.95667285743174 2.9999999999999947
  endloop
endfacet
facet normal 0.0 0.0 1.0
  outer loop
    vertex 538.0180473560371 83.95667285743174 2.9999999999999947
    vertex 537.7185406611816 82.95361904575827 2.9999999999999947
    vertex 537.9855518882953 81.78450826303552 2.9999999999999947
  endloop
endfacet
facet normal 0.0 0.0 1.0
  outer loop
    vertex 538.0180473560371 83.95667285743174 2.9999999999999947
    vertex 537.9855518882953 81.78450826303552 2.9999999999999947
    vertex 538.6133693876725 81.78450826303552 2.9999999999999947
  endloop
endfacet
facet normal 0.0 0.0 1.0
  outer loop
    vertex 538.0180473560371 83.95667285743174 2.9999999999999947
    vertex 538.6133693876725 81.78450826303552 2.9999999999999947
    vertex 538.3391710988591 82.81647796387637 2.9999999999999947
  endloop
endfacet
facet normal 0.0 0.0 1.0
  outer loop
    vertex 536.13817443648 83.44429546325354 2.9999999999999947
    vertex 536.5206257687927 86.25149257704338 2.9999999999999947
    vertex 536.1092864518633 85.12930724832927 2.9999999999999947
  endloop
endfacet
facet normal 0.0 0.0 1.0
  outer loop
    vertex 536.5206257687927 86.25149257704338 2.9999999999999947
    vertex 536.13817443648 83.44429546325354 2.9999999999999947
    vertex 536.5061957287598 84.67828540195859 2.9999999999999947
  endloop
endfacet
facet normal 0.0 0.0 1.0
  outer loop
    vertex 536.5206257687927 86.25149257704338 2.9999999999999947
    vertex 536.5061957287598 84.67828540195859 2.9999999999999947
    vertex 536.8670579714228 85.7318442999811 2.9999999999999947
  endloop
endfacet
facet normal 0.0 0.0 1.0
  outer loop
    vertex 536.5206257687927 86.25149257704338 2.9999999999999947
    vertex 536.8670579714228 85.7318442999811 2.9999999999999947
    vertex 537.256724269986 86.25149257704338 2.9999999999999947
  endloop
endfacet
facet normal 0.0 0.0 1.0
  outer loop
    vertex 537.256724269986 86.25149257704338 2.9999999999999947
    vertex 536.8670579714228 85.7318442999811 2.9999999999999947
    vertex 537.2242288022442 84.69632292511668 2.9999999999999947
  endloop
endfacet
facet normal 0.0 0.0 1.0
  outer loop
    vertex 537.256724269986 86.25149257704338 2.9999999999999947
    vertex 537.2242288022442 84.69632292511668 2.9999999999999947
    vertex 537.5814555496993 83.44429546325354 2.9999999999999947
  endloop
endfacet
facet normal 0.0 0.0 1.0
  outer loop
    vertex 537.256724269986 86.25149257704338 2.9999999999999947
    vertex 537.5814555496993 83.44429546325354 2.9999999999999947
    vertex 537.6572410837737 85.12930724832927 2.9999999999999947
  endloop
endfacet
facet normal -0.9238795325112933 -0.38268343236507385 -0.0
  outer loop
    vertex 588.6144648911317 39.25526916238065 0.5000000000000004
    vertex 588.9741064121483 38.387017724749725 -1.9999999999999998
    vertex 588.9741064121483 38.387017724749725 0.5000000000000004
  endloop
endfacet
facet normal -0.9238795325112933 -0.38268343236507385 -0.0
  outer loop
    vertex 588.9741064121483 38.387017724749725 -1.9999999999999998
    vertex 588.6144648911317 39.25526916238065 0.5000000000000004
    vertex 588.6144648911317 39.25526916238065 -1.9999999999999998
  endloop
endfacet
facet normal 0.0 0.0 1.0
  outer loop
    vertex 539.1834667806842 81.78450826303552 2.9999999999999947
    vertex 539.1762518144337 81.9360793311843 2.9999999999999947
    vertex 539.1762518144337 81.86029374334392 2.9999999999999947
  endloop
endfacet
facet normal 0.0 0.0 1.0
  outer loop
    vertex 539.1762518144337 81.9360793311843 2.9999999999999947
    vertex 539.1834667806842 81.78450826303552 2.9999999999999947
    vertex 539.2015113203045 82.2283430342651 2.9999999999999947
  endloop
endfacet
facet normal 0.0 0.0 1.0
  outer loop
    vertex 539.2015113203045 82.2283430342651 2.9999999999999947
    vertex 539.1834667806842 81.78450826303552 2.9999999999999947
    vertex 541.8895978589082 81.78450826303552 2.9999999999999947
  endloop
endfacet
facet normal 0.0 0.0 1.0
  outer loop
    vertex 539.2015113203045 82.2283430342651 2.9999999999999947
    vertex 541.8895978589082 81.78450826303552 2.9999999999999947
    vertex 539.8329852567442 82.28967058343129 2.9999999999999947
  endloop
endfacet
facet normal 0.0 0.0 1.0
  outer loop
    vertex 539.2015113203045 82.2283430342651 2.9999999999999947
    vertex 539.8329852567442 82.28967058343129 2.9999999999999947
    vertex 539.2772898379167 82.49896170417956 2.9999999999999947
  endloop
endfacet
facet normal 0.0 0.0 1.0
  outer loop
    vertex 539.2772898379167 82.49896170417956 2.9999999999999947
    vertex 539.8329852567442 82.28967058343129 2.9999999999999947
    vertex 539.537086045014 82.98966607999164 2.9999999999999947
  endloop
endfacet
facet normal 0.0 0.0 1.0
  outer loop
    vertex 539.8329852567442 82.28967058343129 2.9999999999999947
    vertex 541.8895978589082 81.78450826303552 2.9999999999999947
    vertex 541.8895978589082 82.28967058343129 2.9999999999999947
  endloop
endfacet
facet normal 0.0 0.0 1.0
  outer loop
    vertex 539.8329852567442 82.28967058343129 2.9999999999999947
    vertex 539.8942848341521 83.42622998177863 2.9999999999999947
    vertex 539.537086045014 82.98966607999164 2.9999999999999947
  endloop
endfacet
facet normal 0.0 0.0 1.0
  outer loop
    vertex 539.8942848341521 83.42622998177863 2.9999999999999947
    vertex 539.8329852567442 82.28967058343129 2.9999999999999947
    vertex 539.9195653356435 82.54943883221179 2.9999999999999947
  endloop
endfacet
facet normal 0.0 0.0 1.0
  outer loop
    vertex 539.8942848341521 83.42622998177863 2.9999999999999947
    vertex 539.9195653356435 82.54943883221179 2.9999999999999947
    vertex 540.2875866279234 83.82674679556627 2.9999999999999947
  endloop
endfacet
facet normal 0.0 0.0 1.0
  outer loop
    vertex 540.2875866279234 83.82674679556627 2.9999999999999947
    vertex 539.9195653356435 82.54943883221179 2.9999999999999947
    vertex 540.1360435180915 82.85974007189216 2.9999999999999947
  endloop
endfacet
facet normal 0.0 0.0 1.0
  outer loop
    vertex 540.2875866279234 83.82674679556627 2.9999999999999947
    vertex 540.1360435180915 82.85974007189216 2.9999999999999947
    vertex 540.4102697114556 83.17004131157253 2.9999999999999947
  endloop
endfacet
facet normal 0.0 0.0 1.0
  outer loop
    vertex 540.2875866279234 83.82674679556627 2.9999999999999947
    vertex 540.4102697114556 83.17004131157253 2.9999999999999947
    vertex 540.5943082890294 84.13707599356346 2.9999999999999947
  endloop
endfacet
facet normal 0.0 0.0 1.0
  outer loop
    vertex 540.5943082890294 84.13707599356346 2.9999999999999947
    vertex 540.4102697114556 83.17004131157253 2.9999999999999947
    vertex 540.6628229402196 83.42986547698666 2.9999999999999947
  endloop
endfacet
facet normal 0.0 0.0 1.0
  outer loop
    vertex 540.5943082890294 84.13707599356346 2.9999999999999947
    vertex 540.6628229402196 83.42986547698666 2.9999999999999947
    vertex 540.8540765378099 84.4401622132274 2.9999999999999947
  endloop
endfacet
facet normal 0.0 0.0 1.0
  outer loop
    vertex 540.8540765378099 84.4401622132274 2.9999999999999947
    vertex 540.6628229402196 83.42986547698666 2.9999999999999947
    vertex 541.0453021770833 83.82674674180028 2.9999999999999947
  endloop
endfacet
facet normal 0.0 0.0 1.0
  outer loop
    vertex 540.8540765378099 84.4401622132274 2.9999999999999947
    vertex 541.0453021770833 83.82674674180028 2.9999999999999947
    vertex 541.0344517156248 84.75407093603299 2.9999999999999947
  endloop
endfacet
facet normal 0.0 0.0 1.0
  outer loop
    vertex 541.0344517156248 84.75407093603299 2.9999999999999947
    vertex 541.0453021770833 83.82674674180028 2.9999999999999947
    vertex 541.1029943251318 85.08965267720468 2.9999999999999947
  endloop
endfacet
facet normal 0.0 0.0 1.0
  outer loop
    vertex 541.1029943251318 85.08965267720468 2.9999999999999947
    vertex 541.0453021770833 83.82674674180028 2.9999999999999947
    vertex 541.3808559599381 84.23811401704639 2.9999999999999947
  endloop
endfacet
facet normal 0.0 0.0 1.0
  outer loop
    vertex 541.1029943251318 85.08965267720468 2.9999999999999947
    vertex 541.3808559599381 84.23811401704639 2.9999999999999947
    vertex 541.1830969459187 86.17185483384151 2.9999999999999947
  endloop
endfacet
facet normal 0.0 0.0 1.0
  outer loop
    vertex 541.1830969459187 86.17185483384151 2.9999999999999947
    vertex 541.3808559599381 84.23811401704639 2.9999999999999947
    vertex 541.3736409399218 86.03135094107064 2.9999999999999947
  endloop
endfacet
facet normal 0.0 0.0 1.0
  outer loop
    vertex 541.3736409399218 86.03135094107064 2.9999999999999947
    vertex 541.3808559599381 84.23811401704639 2.9999999999999947
    vertex 541.5204334881571 85.85341223311544 2.9999999999999947
  endloop
endfacet
facet normal 0.0 0.0 1.0
  outer loop
    vertex 541.5204334881571 85.85341223311544 2.9999999999999947
    vertex 541.3808559599381 84.23811401704639 2.9999999999999947
    vertex 541.6189791486694 84.66388337400853 2.9999999999999947
  endloop
endfacet
facet normal 0.0 0.0 1.0
  outer loop
    vertex 541.5204334881571 85.85341223311544 2.9999999999999947
    vertex 541.6189791486694 84.66388337400853 2.9999999999999947
    vertex 541.6252853083253 85.64074781038865 2.9999999999999947
  endloop
endfacet
facet normal 0.0 0.0 1.0
  outer loop
    vertex 541.6252853083253 85.64074781038865 2.9999999999999947
    vertex 541.6189791486694 84.66388337400853 2.9999999999999947
    vertex 541.6866198605121 84.88396207688542 2.9999999999999947
  endloop
endfacet
facet normal 0.0 0.0 1.0
  outer loop
    vertex 541.6252853083253 85.64074781038865 2.9999999999999947
    vertex 541.6866198605121 84.88396207688542 2.9999999999999947
    vertex 541.6881964004261 85.39335767289029 2.9999999999999947
  endloop
endfacet
facet normal 0.0 0.0 1.0
  outer loop
    vertex 541.6881964004261 85.39335767289029 2.9999999999999947
    vertex 541.6866198605121 84.88396207688542 2.9999999999999947
    vertex 541.7091667644597 85.11124182062036 2.9999999999999947
  endloop
endfacet
facet normal 0.0 0.0 1.0
  outer loop
    vertex 539.385542935182 85.39989800025143 2.9999999999999947
    vertex 539.2628598516498 85.97723842536236 2.9999999999999947
    vertex 539.0896716817686 85.81848029551396 2.9999999999999947
  endloop
endfacet
facet normal 0.0 0.0 1.0
  outer loop
    vertex 539.2628598516498 85.97723842536236 2.9999999999999947
    vertex 539.385542935182 85.39989800025143 2.9999999999999947
    vertex 539.5406935281392 86.15403402460286 2.9999999999999947
  endloop
endfacet
facet normal 0.0 0.0 1.0
  outer loop
    vertex 539.5406935281392 86.15403402460286 2.9999999999999947
    vertex 539.385542935182 85.39989800025143 2.9999999999999947
    vertex 539.5154130266478 85.51178653895882 2.9999999999999947
  endloop
endfacet
facet normal 0.0 0.0 1.0
  outer loop
    vertex 539.5406935281392 86.15403402460286 2.9999999999999947
    vertex 539.5154130266478 85.51178653895882 2.9999999999999947
    vertex 539.7210966642708 85.65247918733232 2.9999999999999947
  endloop
endfacet
facet normal 0.0 0.0 1.0
  outer loop
    vertex 539.5406935281392 86.15403402460286 2.9999999999999947
    vertex 539.7210966642708 85.65247918733232 2.9999999999999947
    vertex 539.9051073372938 86.29475463129317 2.9999999999999947
  endloop
endfacet
facet normal 0.0 0.0 1.0
  outer loop
    vertex 539.9051073372938 86.29475463129317 2.9999999999999947
    vertex 539.7210966642708 85.65247918733232 2.9999999999999947
    vertex 539.995350815952 85.77516227086454 2.9999999999999947
  endloop
endfacet
facet normal 0.0 0.0 1.0
  outer loop
    vertex 539.9051073372938 86.29475463129317 2.9999999999999947
    vertex 539.995350815952 85.77516227086454 2.9999999999999947
    vertex 540.3380916605064 86.35250269597547 2.9999999999999947
  endloop
endfacet
facet normal 0.0 0.0 1.0
  outer loop
    vertex 540.3380916605064 86.35250269597547 2.9999999999999947
    vertex 539.995350815952 85.77516227086454 2.9999999999999947
    vertex 540.3380916605064 85.8256953155304 2.9999999999999947
  endloop
endfacet
facet normal 0.0 0.0 1.0
  outer loop
    vertex 540.3380916605064 86.35250269597547 2.9999999999999947
    vertex 540.3380916605064 85.8256953155304 2.9999999999999947
    vertex 540.6339628601539 85.78237729088096 2.9999999999999947
  endloop
endfacet
facet normal 0.0 0.0 1.0
  outer loop
    vertex 540.3380916605064 86.35250269597547 2.9999999999999947
    vertex 540.6339628601539 85.78237729088096 2.9999999999999947
    vertex 540.665322306211 86.33243071129392 2.9999999999999947
  endloop
endfacet
facet normal 0.0 0.0 1.0
  outer loop
    vertex 540.665322306211 86.33243071129392 2.9999999999999947
    vertex 540.6339628601539 85.78237729088096 2.9999999999999947
    vertex 540.8757215440932 85.6488716504411 2.9999999999999947
  endloop
endfacet
facet normal 0.0 0.0 1.0
  outer loop
    vertex 540.665322306211 86.33243071129392 2.9999999999999947
    vertex 540.8757215440932 85.6488716504411 2.9999999999999947
    vertex 540.9469907346818 86.27221475724927 2.9999999999999947
  endloop
endfacet
facet normal 0.0 0.0 1.0
  outer loop
    vertex 540.9469907346818 86.27221475724927 2.9999999999999947
    vertex 540.8757215440932 85.6488716504411 2.9999999999999947
    vertex 541.0416667356412 85.42157096485155 2.9999999999999947
  endloop
endfacet
facet normal 0.0 0.0 1.0
  outer loop
    vertex 540.9469907346818 86.27221475724927 2.9999999999999947
    vertex 541.0416667356412 85.42157096485155 2.9999999999999947
    vertex 541.1830969459187 86.17185483384151 2.9999999999999947
  endloop
endfacet
facet normal 0.0 0.0 1.0
  outer loop
    vertex 541.1830969459187 86.17185483384151 2.9999999999999947
    vertex 541.0416667356412 85.42157096485155 2.9999999999999947
    vertex 541.1029943251318 85.08965267720468 2.9999999999999947
  endloop
endfacet
facet normal -0.9664662365636251 0.2567937179577086 0.0
  outer loop
    vertex 535.4093189136198 82.81647796387637 3.9999999999999942
    vertex 535.1351206785724 81.78450826303552 2.9999999999999947
    vertex 535.1351206785724 81.78450826303552 3.9999999999999942
  endloop
endfacet
facet normal -0.9664662365636251 0.2567937179577086 0.0
  outer loop
    vertex 535.1351206785724 81.78450826303552 2.9999999999999947
    vertex 535.4093189136198 82.81647796387637 3.9999999999999942
    vertex 535.4093189136198 82.81647796387637 2.9999999999999947
  endloop
endfacet
facet normal 0.0 0.0 1.0
  outer loop
    vertex 535.7412931179003 81.78450826303552 3.9999999999999942
    vertex 535.4093189136198 82.81647796387637 3.9999999999999942
    vertex 535.1351206785724 81.78450826303552 3.9999999999999942
  endloop
endfacet
facet normal 0.0 0.0 1.0
  outer loop
    vertex 535.4093189136198 82.81647796387637 3.9999999999999942
    vertex 535.7412931179003 81.78450826303552 3.9999999999999942
    vertex 535.7376576226923 83.95667285743174 3.9999999999999942
  endloop
endfacet
facet normal 0.0 0.0 1.0
  outer loop
    vertex 535.7376576226923 83.95667285743174 3.9999999999999942
    vertex 535.7412931179003 81.78450826303552 3.9999999999999942
    vertex 536.1092864518633 85.12930724832927 3.9999999999999942
  endloop
endfacet
facet normal 0.0 0.0 1.0
  outer loop
    vertex 536.1092864518633 85.12930724832927 3.9999999999999942
    vertex 535.7412931179003 81.78450826303552 3.9999999999999942
    vertex 536.001033408364 82.95361904575827 3.9999999999999942
  endloop
endfacet
facet normal 0.0 0.0 1.0
  outer loop
    vertex 536.1092864518633 85.12930724832927 3.9999999999999942
    vertex 536.001033408364 82.95361904575827 3.9999999999999942
    vertex 536.13817443648 83.44429546325354 3.9999999999999942
  endloop
endfacet
facet normal 0.0 0.0 1.0
  outer loop
    vertex 536.13817443648 83.44429546325354 3.9999999999999942
    vertex 536.001033408364 82.95361904575827 3.9999999999999942
    vertex 537.7185406611816 82.95361904575827 3.9999999999999942
  endloop
endfacet
facet normal 0.0 0.0 1.0
  outer loop
    vertex 536.13817443648 83.44429546325354 3.9999999999999942
    vertex 537.7185406611816 82.95361904575827 3.9999999999999942
    vertex 537.5814555496993 83.44429546325354 3.9999999999999942
  endloop
endfacet
facet normal 0.0 0.0 1.0
  outer loop
    vertex 537.5814555496993 83.44429546325354 3.9999999999999942
    vertex 537.7185406611816 82.95361904575827 3.9999999999999942
    vertex 537.6572410837737 85.12930724832927 3.9999999999999942
  endloop
endfacet
facet normal 0.0 0.0 1.0
  outer loop
    vertex 537.6572410837737 85.12930724832927 3.9999999999999942
    vertex 537.7185406611816 82.95361904575827 3.9999999999999942
    vertex 538.0180473560371 83.95667285743174 3.9999999999999942
  endloop
endfacet
facet normal 0.0 0.0 1.0
  outer loop
    vertex 538.0180473560371 83.95667285743174 3.9999999999999942
    vertex 537.7185406611816 82.95361904575827 3.9999999999999942
    vertex 537.9855518882953 81.78450826303552 3.9999999999999942
  endloop
endfacet
facet normal 0.0 0.0 1.0
  outer loop
    vertex 538.0180473560371 83.95667285743174 3.9999999999999942
    vertex 537.9855518882953 81.78450826303552 3.9999999999999942
    vertex 538.6133693876725 81.78450826303552 3.9999999999999942
  endloop
endfacet
facet normal 0.0 0.0 1.0
  outer loop
    vertex 538.0180473560371 83.95667285743174 3.9999999999999942
    vertex 538.6133693876725 81.78450826303552 3.9999999999999942
    vertex 538.3391710988591 82.81647796387637 3.9999999999999942
  endloop
endfacet
facet normal 0.0 0.0 1.0
  outer loop
    vertex 536.13817443648 83.44429546325354 3.9999999999999942
    vertex 536.5206257687927 86.25149257704338 3.9999999999999942
    vertex 536.1092864518633 85.12930724832927 3.9999999999999942
  endloop
endfacet
facet normal 0.0 0.0 1.0
  outer loop
    vertex 536.5206257687927 86.25149257704338 3.9999999999999942
    vertex 536.13817443648 83.44429546325354 3.9999999999999942
    vertex 536.5061957287598 84.67828540195859 3.9999999999999942
  endloop
endfacet
facet normal 0.0 0.0 1.0
  outer loop
    vertex 536.5206257687927 86.25149257704338 3.9999999999999942
    vertex 536.5061957287598 84.67828540195859 3.9999999999999942
    vertex 536.8670579714228 85.7318442999811 3.9999999999999942
  endloop
endfacet
facet normal 0.0 0.0 1.0
  outer loop
    vertex 536.5206257687927 86.25149257704338 3.9999999999999942
    vertex 536.8670579714228 85.7318442999811 3.9999999999999942
    vertex 537.256724269986 86.25149257704338 3.9999999999999942
  endloop
endfacet
facet normal 0.0 0.0 1.0
  outer loop
    vertex 537.256724269986 86.25149257704338 3.9999999999999942
    vertex 536.8670579714228 85.7318442999811 3.9999999999999942
    vertex 537.2242288022442 84.69632292511668 3.9999999999999942
  endloop
endfacet
facet normal 0.0 0.0 1.0
  outer loop
    vertex 537.256724269986 86.25149257704338 3.9999999999999942
    vertex 537.2242288022442 84.69632292511668 3.9999999999999942
    vertex 537.5814555496993 83.44429546325354 3.9999999999999942
  endloop
endfacet
facet normal 0.0 0.0 1.0
  outer loop
    vertex 537.256724269986 86.25149257704338 3.9999999999999942
    vertex 537.5814555496993 83.44429546325354 3.9999999999999942
    vertex 537.6572410837737 85.12930724832927 3.9999999999999942
  endloop
endfacet
facet normal 0.9557799960389175 0.29408264003821616 0.0
  outer loop
    vertex 537.6572410837737 85.12930724832927 2.9999999999999947
    vertex 538.0180473560371 83.95667285743174 3.9999999999999942
    vertex 538.0180473560371 83.95667285743174 2.9999999999999947
  endloop
endfacet
facet normal 0.9557799960389175 0.29408264003821616 0.0
  outer loop
    vertex 538.0180473560371 83.95667285743174 3.9999999999999942
    vertex 537.6572410837737 85.12930724832927 2.9999999999999947
    vertex 537.6572410837737 85.12930724832927 3.9999999999999942
  endloop
endfacet
facet normal -0.9914448613738114 -0.13052619222004508 -0.0
  outer loop
    vertex 588.9741064121483 38.387017724749725 0.5000000000000004
    vertex 589.0967734375076 37.45526916238065 -1.9999999999999998
    vertex 589.0967734375076 37.45526916238065 0.5000000000000004
  endloop
endfacet
facet normal -0.9914448613738114 -0.13052619222004508 -0.0
  outer loop
    vertex 589.0967734375076 37.45526916238065 -1.9999999999999998
    vertex 588.9741064121483 38.387017724749725 0.5000000000000004
    vertex 588.9741064121483 38.387017724749725 -1.9999999999999998
  endloop
endfacet
facet normal -0.38268343236509134 0.9238795325112861 0.0
  outer loop
    vertex 586.4285219998767 33.97793618774001 0.5000000000000004
    vertex 587.2967734375076 34.33757770875668 -1.9999999999999998
    vertex 586.4285219998767 33.97793618774001 -1.9999999999999998
  endloop
endfacet
facet normal -0.38268343236509134 0.9238795325112861 0.0
  outer loop
    vertex 587.2967734375076 34.33757770875668 -1.9999999999999998
    vertex 586.4285219998767 33.97793618774001 0.5000000000000004
    vertex 587.2967734375076 34.33757770875668 0.5000000000000004
  endloop
endfacet
facet normal 0.0 0.0 1.0
  outer loop
    vertex 537.5814555496993 83.44429546325354 2.9999999999999947
    vertex 536.5061957287598 84.67828540195859 2.9999999999999947
    vertex 536.13817443648 83.44429546325354 2.9999999999999947
  endloop
endfacet
facet normal 0.0 0.0 1.0
  outer loop
    vertex 536.5061957287598 84.67828540195859 2.9999999999999947
    vertex 537.5814555496993 83.44429546325354 2.9999999999999947
    vertex 536.8670579714228 85.7318442999811 2.9999999999999947
  endloop
endfacet
facet normal 0.0 0.0 1.0
  outer loop
    vertex 536.8670579714228 85.7318442999811 2.9999999999999947
    vertex 537.5814555496993 83.44429546325354 2.9999999999999947
    vertex 537.2242288022442 84.69632292511668 2.9999999999999947
  endloop
endfacet
facet normal 0.0 0.0 -1.0
  outer loop
    vertex 581.9527904454275 95.4703677073102 0.5000000000000004
    vertex 581.9527904454275 93.60687058257206 0.5000000000000004
    vertex 581.8301234200682 94.53861914494112 0.5000000000000004
  endloop
endfacet
facet normal 0.0 0.0 -1.0
  outer loop
    vertex 581.9527904454275 93.60687058257206 0.5000000000000004
    vertex 581.9527904454275 95.4703677073102 0.5000000000000004
    vertex 582.3124319664441 96.33861914494112 0.5000000000000004
  endloop
endfacet
facet normal 0.0 0.0 -1.0
  outer loop
    vertex 581.9527904454275 93.60687058257206 0.5000000000000004
    vertex 582.3124319664441 96.33861914494112 0.5000000000000004
    vertex 582.3124319664441 92.73861914494113 0.5000000000000004
  endloop
endfacet
facet normal 0.0 0.0 -1.0
  outer loop
    vertex 582.3124319664441 92.73861914494113 0.5000000000000004
    vertex 582.3124319664441 96.33861914494112 0.5000000000000004
    vertex 582.8845390077965 97.08420355721269 0.5000000000000004
  endloop
endfacet
facet normal 0.0 0.0 -1.0
  outer loop
    vertex 582.3124319664441 92.73861914494113 0.5000000000000004
    vertex 582.8845390077965 97.08420355721269 0.5000000000000004
    vertex 582.8845390077965 91.99303473266956 0.5000000000000004
  endloop
endfacet
facet normal 0.0 0.0 -1.0
  outer loop
    vertex 582.8845390077965 91.99303473266956 0.5000000000000004
    vertex 582.8845390077965 97.08420355721269 0.5000000000000004
    vertex 583.6301234200681 97.6563105985651 0.5000000000000004
  endloop
endfacet
facet normal 0.0 0.0 -1.0
  outer loop
    vertex 582.8845390077965 91.99303473266956 0.5000000000000004
    vertex 583.6301234200681 97.6563105985651 0.5000000000000004
    vertex 583.6301234200681 94.53861914494112 0.5000000000000004
  endloop
endfacet
facet normal 0.0 0.0 -1.0
  outer loop
    vertex 583.6301234200681 94.53861914494112 0.5000000000000004
    vertex 583.6301234200681 97.6563105985651 0.5000000000000004
    vertex 583.6914569327478 95.00449342612568 0.5000000000000004
  endloop
endfacet
facet normal 0.0 0.0 -1.0
  outer loop
    vertex 583.6914569327478 95.00449342612568 0.5000000000000004
    vertex 583.6301234200681 97.6563105985651 0.5000000000000004
    vertex 584.4983748576991 98.01595211958175 0.5000000000000004
  endloop
endfacet
facet normal 0.0 0.0 -1.0
  outer loop
    vertex 583.6914569327478 95.00449342612568 0.5000000000000004
    vertex 584.4983748576991 98.01595211958175 0.5000000000000004
    vertex 583.871277693256 95.43861914494114 0.5000000000000004
  endloop
endfacet
facet normal 0.0 0.0 -1.0
  outer loop
    vertex 583.871277693256 95.43861914494114 0.5000000000000004
    vertex 584.4983748576991 98.01595211958175 0.5000000000000004
    vertex 584.1573312139323 95.81141135107694 0.5000000000000004
  endloop
endfacet
facet normal 0.0 0.0 -1.0
  outer loop
    vertex 584.1573312139323 95.81141135107694 0.5000000000000004
    vertex 584.4983748576991 98.01595211958175 0.5000000000000004
    vertex 584.5301234200681 96.09746487175315 0.5000000000000004
  endloop
endfacet
facet normal 0.0 0.0 -1.0
  outer loop
    vertex 584.5301234200681 96.09746487175315 0.5000000000000004
    vertex 584.4983748576991 98.01595211958175 0.5000000000000004
    vertex 585.4301234200681 98.13861914494112 0.5000000000000004
  endloop
endfacet
facet normal 0.0 0.0 -1.0
  outer loop
    vertex 584.5301234200681 96.09746487175315 0.5000000000000004
    vertex 585.4301234200681 98.13861914494112 0.5000000000000004
    vertex 584.9642491388836 96.2772856322615 0.5000000000000004
  endloop
endfacet
facet normal 0.0 0.0 -1.0
  outer loop
    vertex 584.9642491388836 96.2772856322615 0.5000000000000004
    vertex 585.4301234200681 98.13861914494112 0.5000000000000004
    vertex 585.4301234200681 96.33861914494116 0.5000000000000004
  endloop
endfacet
facet normal 0.0 0.0 -1.0
  outer loop
    vertex 585.4301234200681 96.33861914494116 0.5000000000000004
    vertex 585.4301234200681 98.13861914494112 0.5000000000000004
    vertex 586.3618719824372 98.01595211958175 0.5000000000000004
  endloop
endfacet
facet normal 0.0 0.0 -1.0
  outer loop
    vertex 585.4301234200681 96.33861914494116 0.5000000000000004
    vertex 586.3618719824372 98.01595211958175 0.5000000000000004
    vertex 585.8959977012527 96.2772856322615 0.5000000000000004
  endloop
endfacet
facet normal 0.0 0.0 -1.0
  outer loop
    vertex 585.8959977012527 96.2772856322615 0.5000000000000004
    vertex 586.3618719824372 98.01595211958175 0.5000000000000004
    vertex 586.3301234200682 96.09746487175315 0.5000000000000004
  endloop
endfacet
facet normal 0.0 0.0 -1.0
  outer loop
    vertex 586.3301234200682 96.09746487175315 0.5000000000000004
    vertex 586.3618719824372 98.01595211958175 0.5000000000000004
    vertex 586.702915626204 95.81141135107694 0.5000000000000004
  endloop
endfacet
facet normal 0.0 0.0 -1.0
  outer loop
    vertex 586.702915626204 95.81141135107694 0.5000000000000004
    vertex 586.3618719824372 98.01595211958175 0.5000000000000004
    vertex 587.2301234200681 97.6563105985651 0.5000000000000004
  endloop
endfacet
facet normal 0.0 0.0 -1.0
  outer loop
    vertex 586.702915626204 95.81141135107694 0.5000000000000004
    vertex 587.2301234200681 97.6563105985651 0.5000000000000004
    vertex 586.9889691468802 95.43861914494114 0.5000000000000004
  endloop
endfacet
facet normal 0.0 0.0 -1.0
  outer loop
    vertex 586.9889691468802 95.43861914494114 0.5000000000000004
    vertex 587.2301234200681 97.6563105985651 0.5000000000000004
    vertex 587.1687899073885 95.00449342612568 0.5000000000000004
  endloop
endfacet
facet normal 0.0 0.0 -1.0
  outer loop
    vertex 587.1687899073885 95.00449342612568 0.5000000000000004
    vertex 587.2301234200681 97.6563105985651 0.5000000000000004
    vertex 587.2301234200681 94.53861914494112 0.5000000000000004
  endloop
endfacet
facet normal 0.0 0.0 -1.0
  outer loop
    vertex 587.2301234200681 94.53861914494112 0.5000000000000004
    vertex 587.2301234200681 97.6563105985651 0.5000000000000004
    vertex 587.9757078323396 97.08420355721269 0.5000000000000004
  endloop
endfacet
facet normal 0.0 0.0 -1.0
  outer loop
    vertex 583.6301234200681 94.53861914494112 0.5000000000000004
    vertex 583.6301234200681 91.42092769131715 0.5000000000000004
    vertex 582.8845390077965 91.99303473266956 0.5000000000000004
  endloop
endfacet
facet normal 0.0 0.0 -1.0
  outer loop
    vertex 583.6301234200681 91.42092769131715 0.5000000000000004
    vertex 583.6301234200681 94.53861914494112 0.5000000000000004
    vertex 583.6914569327478 94.07274486375658 0.5000000000000004
  endloop
endfacet
facet normal 0.0 0.0 -1.0
  outer loop
    vertex 583.6301234200681 91.42092769131715 0.5000000000000004
    vertex 583.6914569327478 94.07274486375658 0.5000000000000004
    vertex 584.4983748576991 91.06128617030049 0.5000000000000004
  endloop
endfacet
facet normal 0.0 0.0 -1.0
  outer loop
    vertex 584.4983748576991 91.06128617030049 0.5000000000000004
    vertex 583.6914569327478 94.07274486375658 0.5000000000000004
    vertex 583.871277693256 93.6386191449411 0.5000000000000004
  endloop
endfacet
facet normal 0.0 0.0 -1.0
  outer loop
    vertex 584.4983748576991 91.06128617030049 0.5000000000000004
    vertex 583.871277693256 93.6386191449411 0.5000000000000004
    vertex 584.1573312139323 93.2658269388053 0.5000000000000004
  endloop
endfacet
facet normal 0.0 0.0 -1.0
  outer loop
    vertex 584.4983748576991 91.06128617030049 0.5000000000000004
    vertex 584.1573312139323 93.2658269388053 0.5000000000000004
    vertex 584.5301234200681 92.9797734181291 0.5000000000000004
  endloop
endfacet
facet normal 0.0 0.0 -1.0
  outer loop
    vertex 584.4983748576991 91.06128617030049 0.5000000000000004
    vertex 584.5301234200681 92.9797734181291 0.5000000000000004
    vertex 585.4301234200681 90.93861914494113 0.5000000000000004
  endloop
endfacet
facet normal 0.0 0.0 -1.0
  outer loop
    vertex 585.4301234200681 90.93861914494113 0.5000000000000004
    vertex 584.5301234200681 92.9797734181291 0.5000000000000004
    vertex 584.9642491388836 92.79995265762076 0.5000000000000004
  endloop
endfacet
facet normal 0.0 0.0 -1.0
  outer loop
    vertex 585.4301234200681 90.93861914494113 0.5000000000000004
    vertex 584.9642491388836 92.79995265762076 0.5000000000000004
    vertex 585.4301234200681 92.73861914494108 0.5000000000000004
  endloop
endfacet
facet normal 0.0 0.0 -1.0
  outer loop
    vertex 585.4301234200681 90.93861914494113 0.5000000000000004
    vertex 585.4301234200681 92.73861914494108 0.5000000000000004
    vertex 585.8959977012527 92.79995265762076 0.5000000000000004
  endloop
endfacet
facet normal 0.0 0.0 -1.0
  outer loop
    vertex 585.4301234200681 90.93861914494113 0.5000000000000004
    vertex 585.8959977012527 92.79995265762076 0.5000000000000004
    vertex 586.3618719824372 91.06128617030048 0.5000000000000004
  endloop
endfacet
facet normal 0.0 0.0 -1.0
  outer loop
    vertex 586.3618719824372 91.06128617030048 0.5000000000000004
    vertex 585.8959977012527 92.79995265762076 0.5000000000000004
    vertex 586.330123420068 92.9797734181291 0.5000000000000004
  endloop
endfacet
facet normal 0.0 0.0 -1.0
  outer loop
    vertex 586.3618719824372 91.06128617030048 0.5000000000000004
    vertex 586.330123420068 92.9797734181291 0.5000000000000004
    vertex 586.702915626204 93.2658269388053 0.5000000000000004
  endloop
endfacet
facet normal 0.0 0.0 -1.0
  outer loop
    vertex 586.3618719824372 91.06128617030048 0.5000000000000004
    vertex 586.702915626204 93.2658269388053 0.5000000000000004
    vertex 587.230123420068 91.42092769131715 0.5000000000000004
  endloop
endfacet
facet normal 0.0 0.0 -1.0
  outer loop
    vertex 587.230123420068 91.42092769131715 0.5000000000000004
    vertex 586.702915626204 93.2658269388053 0.5000000000000004
    vertex 586.9889691468802 93.6386191449411 0.5000000000000004
  endloop
endfacet
facet normal 0.0 0.0 -1.0
  outer loop
    vertex 587.230123420068 91.42092769131715 0.5000000000000004
    vertex 586.9889691468802 93.6386191449411 0.5000000000000004
    vertex 587.1687899073885 94.07274486375658 0.5000000000000004
  endloop
endfacet
facet normal 0.0 0.0 -1.0
  outer loop
    vertex 587.230123420068 91.42092769131715 0.5000000000000004
    vertex 587.1687899073885 94.07274486375658 0.5000000000000004
    vertex 587.2301234200681 94.53861914494112 0.5000000000000004
  endloop
endfacet
facet normal 0.0 0.0 -1.0
  outer loop
    vertex 587.230123420068 91.42092769131715 0.5000000000000004
    vertex 587.2301234200681 94.53861914494112 0.5000000000000004
    vertex 587.9757078323396 91.99303473266956 0.5000000000000004
  endloop
endfacet
facet normal 0.0 0.0 -1.0
  outer loop
    vertex 587.9757078323396 91.99303473266956 0.5000000000000004
    vertex 587.2301234200681 94.53861914494112 0.5000000000000004
    vertex 587.9757078323396 97.08420355721269 0.5000000000000004
  endloop
endfacet
facet normal 0.0 0.0 -1.0
  outer loop
    vertex 587.9757078323396 91.99303473266956 0.5000000000000004
    vertex 587.9757078323396 97.08420355721269 0.5000000000000004
    vertex 588.5478148736921 96.33861914494112 0.5000000000000004
  endloop
endfacet
facet normal 0.0 0.0 -1.0
  outer loop
    vertex 587.9757078323396 91.99303473266956 0.5000000000000004
    vertex 588.5478148736921 96.33861914494112 0.5000000000000004
    vertex 588.5478148736921 92.73861914494113 0.5000000000000004
  endloop
endfacet
facet normal 0.0 0.0 -1.0
  outer loop
    vertex 588.5478148736921 92.73861914494113 0.5000000000000004
    vertex 588.5478148736921 96.33861914494112 0.5000000000000004
    vertex 588.9074563947088 95.4703677073102 0.5000000000000004
  endloop
endfacet
facet normal 0.0 0.0 -1.0
  outer loop
    vertex 588.5478148736921 92.73861914494113 0.5000000000000004
    vertex 588.9074563947088 95.4703677073102 0.5000000000000004
    vertex 588.9074563947088 93.60687058257204 0.5000000000000004
  endloop
endfacet
facet normal 0.0 0.0 -1.0
  outer loop
    vertex 588.9074563947088 93.60687058257204 0.5000000000000004
    vertex 588.9074563947088 95.4703677073102 0.5000000000000004
    vertex 589.0301234200681 94.53861914494112 0.5000000000000004
  endloop
endfacet
facet normal 0.9914448613738114 -0.13052619222004508 0.0
  outer loop
    vertex 534.9909600573568 38.4254981302599 -1.9999999999999998
    vertex 534.8682930319974 37.49374956789083 0.5000000000000004
    vertex 534.8682930319974 37.49374956789083 -1.9999999999999998
  endloop
endfacet
facet normal 0.9914448613738114 -0.13052619222004508 0.0
  outer loop
    vertex 534.8682930319974 37.49374956789083 0.5000000000000004
    vertex 534.9909600573568 38.4254981302599 -1.9999999999999998
    vertex 534.9909600573568 38.4254981302599 0.5000000000000004
  endloop
endfacet
facet normal 0.7713879318462213 0.6363651927957793 0.0
  outer loop
    vertex 541.3736409399218 86.03135094107064 2.9999999999999947
    vertex 541.5204334881571 85.85341223311544 3.9999999999999942
    vertex 541.5204334881571 85.85341223311544 2.9999999999999947
  endloop
endfacet
facet normal 0.7713879318462213 0.6363651927957793 0.0
  outer loop
    vertex 541.5204334881571 85.85341223311544 3.9999999999999942
    vertex 541.3736409399218 86.03135094107064 2.9999999999999947
    vertex 541.3736409399218 86.03135094107064 3.9999999999999942
  endloop
endfacet
facet normal 0.8969106599956433 0.4422117908719528 0.0
  outer loop
    vertex 541.5204334881571 85.85341223311544 2.9999999999999947
    vertex 541.6252853083253 85.64074781038865 3.9999999999999942
    vertex 541.6252853083253 85.64074781038865 2.9999999999999947
  endloop
endfacet
facet normal 0.8969106599956433 0.4422117908719528 0.0
  outer loop
    vertex 541.6252853083253 85.64074781038865 3.9999999999999942
    vertex 541.5204334881571 85.85341223311544 2.9999999999999947
    vertex 541.5204334881571 85.85341223311544 3.9999999999999942
  endloop
endfacet
facet normal 0.9691542213679633 0.2464550571699778 0.0
  outer loop
    vertex 541.6252853083253 85.64074781038865 2.9999999999999947
    vertex 541.6881964004261 85.39335767289029 3.9999999999999942
    vertex 541.6881964004261 85.39335767289029 2.9999999999999947
  endloop
endfacet
facet normal 0.9691542213679633 0.2464550571699778 0.0
  outer loop
    vertex 541.6881964004261 85.39335767289029 3.9999999999999942
    vertex 541.6252853083253 85.64074781038865 2.9999999999999947
    vertex 541.6252853083253 85.64074781038865 3.9999999999999942
  endloop
endfacet
facet normal 0.9558715146563305 -0.29378503615503104 0.0
  outer loop
    vertex 541.6866198605121 84.88396207688542 2.9999999999999947
    vertex 541.6189791486694 84.66388337400853 3.9999999999999942
    vertex 541.6189791486694 84.66388337400853 2.9999999999999947
  endloop
endfacet
facet normal 0.9558715146563305 -0.29378503615503104 0.0
  outer loop
    vertex 541.6189791486694 84.66388337400853 3.9999999999999942
    vertex 541.6866198605121 84.88396207688542 2.9999999999999947
    vertex 541.6866198605121 84.88396207688542 3.9999999999999942
  endloop
endfacet
facet normal 0.8727747345957072 -0.4881232043771256 0.0
  outer loop
    vertex 541.6189791486694 84.66388337400853 2.9999999999999947
    vertex 541.3808559599381 84.23811401704639 3.9999999999999942
    vertex 541.3808559599381 84.23811401704639 2.9999999999999947
  endloop
endfacet
facet normal 0.8727747345957072 -0.4881232043771256 0.0
  outer loop
    vertex 541.3808559599381 84.23811401704639 3.9999999999999942
    vertex 541.6189791486694 84.66388337400853 2.9999999999999947
    vertex 541.6189791486694 84.66388337400853 3.9999999999999942
  endloop
endfacet
facet normal 0.7748975991998788 -0.6320867905234724 0.0
  outer loop
    vertex 541.3808559599381 84.23811401704639 2.9999999999999947
    vertex 541.0453021770833 83.82674674180028 3.9999999999999942
    vertex 541.0453021770833 83.82674674180028 2.9999999999999947
  endloop
endfacet
facet normal 0.7748975991998788 -0.6320867905234724 0.0
  outer loop
    vertex 541.0453021770833 83.82674674180028 3.9999999999999942
    vertex 541.3808559599381 84.23811401704639 2.9999999999999947
    vertex 541.3808559599381 84.23811401704639 3.9999999999999942
  endloop
endfacet
facet normal 0.7200506793108371 -0.6939214791487593 0.0
  outer loop
    vertex 541.0453021770833 83.82674674180028 2.9999999999999947
    vertex 540.6628229402196 83.42986547698666 3.9999999999999942
    vertex 540.6628229402196 83.42986547698666 2.9999999999999947
  endloop
endfacet
facet normal 0.7200506793108371 -0.6939214791487593 0.0
  outer loop
    vertex 540.6628229402196 83.42986547698666 3.9999999999999942
    vertex 541.0453021770833 83.82674674180028 2.9999999999999947
    vertex 541.0453021770833 83.82674674180028 3.9999999999999942
  endloop
endfacet
facet normal 0.7170688469507224 -0.6970023448545647 0.0
  outer loop
    vertex 540.6628229402196 83.42986547698666 2.9999999999999947
    vertex 540.4102697114556 83.17004131157253 3.9999999999999942
    vertex 540.4102697114556 83.17004131157253 2.9999999999999947
  endloop
endfacet
facet normal 0.7170688469507224 -0.6970023448545647 0.0
  outer loop
    vertex 540.4102697114556 83.17004131157253 3.9999999999999942
    vertex 540.6628229402196 83.42986547698666 2.9999999999999947
    vertex 540.6628229402196 83.42986547698666 3.9999999999999942
  endloop
endfacet
facet normal 0.7493213050202567 -0.6622066005732195 0.0
  outer loop
    vertex 540.4102697114556 83.17004131157253 2.9999999999999947
    vertex 540.1360435180915 82.85974007189216 3.9999999999999942
    vertex 540.1360435180915 82.85974007189216 2.9999999999999947
  endloop
endfacet
facet normal 0.7493213050202567 -0.6622066005732195 0.0
  outer loop
    vertex 540.1360435180915 82.85974007189216 3.9999999999999942
    vertex 540.4102697114556 83.17004131157253 2.9999999999999947
    vertex 540.4102697114556 83.17004131157253 3.9999999999999942
  endloop
endfacet
facet normal 0.820140664790693 -0.5721619438206983 0.0
  outer loop
    vertex 540.1360435180915 82.85974007189216 2.9999999999999947
    vertex 539.9195653356435 82.54943883221179 3.9999999999999942
    vertex 539.9195653356435 82.54943883221179 2.9999999999999947
  endloop
endfacet
facet normal 0.820140664790693 -0.5721619438206983 0.0
  outer loop
    vertex 539.9195653356435 82.54943883221179 3.9999999999999942
    vertex 540.1360435180915 82.85974007189216 2.9999999999999947
    vertex 540.1360435180915 82.85974007189216 3.9999999999999942
  endloop
endfacet
facet normal 0.9486935277811329 -0.31619707517019974 0.0
  outer loop
    vertex 539.9195653356435 82.54943883221179 2.9999999999999947
    vertex 539.8329852567442 82.28967058343129 3.9999999999999942
    vertex 539.8329852567442 82.28967058343129 2.9999999999999947
  endloop
endfacet
facet normal 0.9486935277811329 -0.31619707517019974 0.0
  outer loop
    vertex 539.8329852567442 82.28967058343129 3.9999999999999942
    vertex 539.9195653356435 82.54943883221179 2.9999999999999947
    vertex 539.9195653356435 82.54943883221179 3.9999999999999942
  endloop
endfacet
facet normal -2.931471073656384e-26 -1.0 1.5227819005759103e-13
  outer loop
    vertex 557.9917694505014 40.2501891784351 -1.9999999999984108
    vertex 549.737308888032 40.25018917843556 2.99999999999991
    vertex 549.737308888032 40.2501891784351 -1.9999999999999998
  endloop
endfacet
facet normal -2.931471073656384e-26 -1.0 1.5227819005759103e-13
  outer loop
    vertex 549.737308888032 40.25018917843556 2.99999999999991
    vertex 557.9917694505014 40.2501891784351 -1.9999999999984108
    vertex 557.9917694505014 40.25018917843556 3.000000000001499
  endloop
endfacet
endsolid robot-1
